analysis,n_bins,x_min,x_max,x_median,y_median,y_mean,y_max,y_std,count
K_vs_EI,344,0.0176815,0.0177822,0.0177251,0.5418603,0.5362291,0.72376204,0.09064314,57
K_vs_EI,344,0.0177849,0.0178894,0.0178257,0.5065009,0.5067186,0.7009464,0.099653415,65
K_vs_EI,344,0.01789,0.0179918,0.0179455,0.5367675,0.517672,0.7560377,0.121476,59
K_vs_EI,344,0.0179993,0.0180976,0.01805035,0.49473792,0.49361348,0.72482795,0.10324296,54
K_vs_EI,344,0.0181008,0.0182025,0.0181613,0.48538876,0.4785063,0.83827865,0.14361054,59
K_vs_EI,344,0.0182063,0.0183094,0.0182627,0.54246503,0.5306336,0.69794095,0.110843055,55
K_vs_EI,344,0.0183111,0.0184154,0.018355299,0.5187406,0.5211827,0.79170316,0.11773725,70
K_vs_EI,344,0.0185222,0.0186229,0.0185708,0.5339471,0.5173792,0.70107317,0.10613786,63
K_vs_EI,344,0.0186273,0.018731,0.0186735,0.5029895,0.5129975,0.76117533,0.09974776,80
K_vs_EI,344,0.0187353,0.0188355,0.0187863,0.54343855,0.53159213,0.756389,0.108228624,54
K_vs_EI,344,0.0188387,0.0189421,0.0188864,0.52615285,0.5220692,0.73960984,0.12050087,85
K_vs_EI,344,0.0189448,0.0190465,0.0189845,0.51137567,0.5099769,0.7890512,0.09785775,71
K_vs_EI,344,0.019048,0.0191513,0.0190988,0.52691793,0.5199287,0.72371244,0.10220991,69
K_vs_EI,344,0.0191541,0.0192574,0.0192012,0.51888084,0.5161139,0.77848405,0.1262693,60
K_vs_EI,344,0.0192602,0.0193599,0.01930885,0.5330086,0.53492874,0.8043685,0.09302233,76
K_vs_EI,344,0.0193639,0.0194684,0.01940995,0.5139183,0.502208,0.7305732,0.10798363,72
K_vs_EI,344,0.0194706,0.019571,0.0195242,0.5490387,0.5493015,0.796658,0.1090931,77
K_vs_EI,344,0.0195744,0.0196781,0.019626949,0.5227649,0.53170633,0.7877827,0.10781794,88
K_vs_EI,344,0.0196799,0.0197839,0.01972965,0.55063176,0.5474187,0.8196621,0.10584782,68
K_vs_EI,344,0.0197854,0.0198897,0.01983495,0.5463242,0.53549963,0.7171226,0.09618792,90
K_vs_EI,344,0.0198903,0.0199953,0.01994425,0.5196428,0.5311908,0.82418895,0.108455256,82
K_vs_EI,344,0.0199964,0.0201001,0.0200387,0.55287045,0.53191555,0.73604256,0.102830574,79
K_vs_EI,344,0.0201024,0.0202054,0.020157449,0.55566394,0.5495234,0.7578495,0.104112804,124
K_vs_EI,344,0.0202062,0.0203106,0.020269051,0.5463228,0.5429808,0.8603865,0.108560026,106
K_vs_EI,344,0.0203123,0.020415,0.020367399,0.5309496,0.5419612,0.7881736,0.083515264,94
K_vs_EI,344,0.0204169,0.020522,0.0204644,0.5489397,0.54398245,0.7995339,0.10968941,89
K_vs_EI,344,0.0205224,0.0206273,0.02057435,0.54248273,0.5337236,0.8113539,0.11698796,88
K_vs_EI,344,0.0206312,0.0207323,0.0206904,0.55097604,0.55508596,0.75062084,0.1004179,83
K_vs_EI,344,0.0207327,0.0208376,0.0207867,0.56060994,0.5535202,0.7444731,0.10171104,113
K_vs_EI,344,0.0208388,0.0209431,0.0208908,0.5820961,0.57057923,0.7792202,0.09629283,97
K_vs_EI,344,0.0209435,0.0210479,0.02099865,0.55354947,0.54617834,0.7897379,0.102453694,134
K_vs_EI,344,0.0210514,0.0211525,0.02110035,0.55893457,0.5512139,0.84151244,0.108198985,122
K_vs_EI,344,0.0211544,0.0212581,0.0212067,0.5538211,0.54165953,0.75973845,0.10205985,120
K_vs_EI,344,0.0212592,0.021364,0.0213134,0.5517096,0.55001575,0.77582407,0.09009445,113
K_vs_EI,344,0.0213666,0.0214694,0.0214156,0.5471323,0.5523873,0.8567425,0.10248323,107
K_vs_EI,344,0.0214699,0.0215738,0.02152135,0.53987974,0.5422378,0.82033515,0.10123228,116
K_vs_EI,344,0.021575,0.0216802,0.0216376,0.5462716,0.5419471,0.7550663,0.09873616,141
K_vs_EI,344,0.0216813,0.0217852,0.021735601,0.5789082,0.5705031,0.8064961,0.09368112,130
K_vs_EI,344,0.0217857,0.0218901,0.02183775,0.55922556,0.55126005,0.89264405,0.11628026,124
K_vs_EI,344,0.0218914,0.0219955,0.021942649,0.551627,0.552441,0.8024636,0.10993043,170
K_vs_EI,344,0.0219964,0.0221014,0.02204625,0.57972044,0.5765158,0.8725133,0.10592708,132
K_vs_EI,344,0.0221017,0.0222065,0.022153951,0.5616765,0.5552847,0.7752426,0.100059405,166
K_vs_EI,344,0.022207,0.02231,0.02225805,0.55712503,0.5581143,0.8383967,0.10579359,150
K_vs_EI,344,0.0223121,0.022417,0.022367,0.5644362,0.5590441,0.7746573,0.08442747,161
K_vs_EI,344,0.0224175,0.0225224,0.02247025,0.56094503,0.56260586,0.93390507,0.10065104,156
K_vs_EI,344,0.0225238,0.0226278,0.0225711,0.56169087,0.5544324,0.7796052,0.098875575,190
K_vs_EI,344,0.0226289,0.0227331,0.0226878,0.5728721,0.567533,0.77336156,0.09403425,193
K_vs_EI,344,0.0227334,0.0228378,0.0227932,0.56490576,0.56481415,0.7703027,0.09522998,173
K_vs_EI,344,0.0228395,0.0229419,0.0228929,0.56357706,0.5584243,0.8092313,0.10341583,187
K_vs_EI,344,0.0229457,0.0230487,0.02299595,0.5633895,0.5612345,0.78290397,0.09206158,186
K_vs_EI,344,0.0230493,0.0231541,0.0230954,0.5674772,0.5617509,0.81795305,0.09391237,195
K_vs_EI,344,0.0231551,0.0232594,0.0232055,0.5768729,0.57529956,0.8302767,0.0984969,198
K_vs_EI,344,0.0232602,0.0233649,0.023316849,0.55753267,0.5561515,0.84668595,0.10225305,216
K_vs_EI,344,0.023365,0.02347,0.0234111,0.5637106,0.5680325,0.862196,0.10992151,219
K_vs_EI,344,0.0234708,0.0235746,0.0235196,0.597684,0.58525366,0.79256713,0.09497796,252
K_vs_EI,344,0.0235758,0.0236808,0.0236333,0.57068646,0.573441,0.7928326,0.08673905,251
K_vs_EI,344,0.023681,0.0237858,0.023732,0.5687512,0.5606666,0.786679,0.09306705,235
K_vs_EI,344,0.0237863,0.0238912,0.0238381,0.5895519,0.5785755,0.809734,0.09679979,280
K_vs_EI,344,0.0238915,0.0239965,0.0239463,0.5686772,0.5607417,0.8302136,0.09103328,313
K_vs_EI,344,0.0239973,0.024102,0.0240512,0.57293975,0.56861573,0.7952836,0.09264299,298
K_vs_EI,344,0.0241023,0.0242072,0.02415575,0.5874431,0.57686275,0.8060363,0.09362904,326
K_vs_EI,344,0.0242079,0.0243125,0.02426235,0.5683521,0.5645494,0.82137215,0.09032172,358
K_vs_EI,344,0.024313,0.0244179,0.02436265,0.57648754,0.574574,0.8469603,0.086446576,390
K_vs_EI,344,0.024418,0.0245232,0.0244702,0.57544327,0.5691768,0.8197916,0.08742461,409
K_vs_EI,344,0.0245239,0.0246284,0.024579,0.57612723,0.57234865,0.8078182,0.09379828,428
K_vs_EI,344,0.0246287,0.0247338,0.024683751,0.572531,0.56852645,0.7883494,0.0884546,464
K_vs_EI,344,0.024734,0.024839,0.0247901,0.5720137,0.567801,0.79667383,0.08830774,508
K_vs_EI,344,0.0248393,0.0249443,0.0248866,0.5714959,0.568535,0.8046549,0.08546441,581
K_vs_EI,344,0.0249446,0.0250495,0.0250006,0.57021606,0.56970495,0.82523245,0.08447754,577
K_vs_EI,344,0.0250498,0.025155,0.0251018,0.5736612,0.56890774,0.82753056,0.08717806,673
K_vs_EI,344,0.0251551,0.02526,0.0252108,0.5739608,0.5697075,0.84924936,0.08547577,817
K_vs_EI,344,0.0252603,0.0253654,0.0253156,0.57353055,0.56574595,0.89326376,0.086462945,860
K_vs_EI,344,0.0253656,0.0254708,0.0254219,0.5687185,0.5657542,0.838014,0.08217844,961
K_vs_EI,344,0.0254709,0.0255761,0.0255231,0.57075185,0.5678385,0.8371388,0.08240622,1022
K_vs_EI,344,0.0255762,0.0256814,0.0256281,0.5708994,0.5702515,0.82881004,0.08245547,1095
K_vs_EI,344,0.0256815,0.0257867,0.0257344,0.56865835,0.5657313,0.85145116,0.08373888,1236
K_vs_EI,344,0.0257869,0.025892,0.0258436,0.5653213,0.56284475,0.8258665,0.07956793,1397
K_vs_EI,344,0.0258921,0.0259972,0.02594575,0.5654214,0.5628724,0.8772653,0.08327943,1464
K_vs_EI,344,0.0259974,0.0261026,0.0260524,0.56552905,0.5635124,0.8269149,0.0791562,1579
K_vs_EI,344,0.0261027,0.0262079,0.0261526,0.56541127,0.5622899,0.8843282,0.08144486,1823
K_vs_EI,344,0.0262083,0.0263132,0.02626015,0.5581054,0.5594534,0.8398359,0.07975274,2002
K_vs_EI,344,0.0263133,0.0264185,0.026368,0.5621596,0.5584551,0.9059246,0.08092568,2165
K_vs_EI,344,0.0264186,0.0265238,0.0264708,0.5591828,0.5580607,0.97281927,0.08144511,2315
K_vs_EI,344,0.0265239,0.0266291,0.0265775,0.563078,0.5604468,0.86777633,0.08064508,2551
K_vs_EI,344,0.0266292,0.0267343,0.0266834,0.55669045,0.55512273,0.86254424,0.080361925,2737
K_vs_EI,344,0.0267345,0.0268397,0.0267877,0.5527902,0.55370206,0.91861165,0.08062678,2821
K_vs_EI,344,0.0268398,0.026945,0.0268917,0.5536715,0.5536145,0.8337131,0.08195654,3103
K_vs_EI,344,0.0269451,0.0270503,0.0269973,0.5524085,0.5514851,0.8525646,0.0798198,3351
K_vs_EI,344,0.0270504,0.0271556,0.0271024,0.55533457,0.55398625,0.853747,0.0823884,3437
K_vs_EI,344,0.0271557,0.0272609,0.0272094,0.5521894,0.5512098,0.8927128,0.08097175,3703
K_vs_EI,344,0.027261,0.0273661,0.0273139,0.5517765,0.5509631,0.88661367,0.079379685,3853
K_vs_EI,344,0.0273662,0.0274714,0.0274197,0.552964,0.55153257,0.87857187,0.08174879,3842
K_vs_EI,344,0.0274716,0.0275767,0.027526,0.55315614,0.5511296,0.9094157,0.08118738,4179
K_vs_EI,344,0.0275768,0.027682,0.0276301,0.55381143,0.5530073,0.9030133,0.083215564,4346
K_vs_EI,344,0.0276821,0.0277873,0.0277352,0.5530096,0.5494997,0.8877144,0.082804784,4467
K_vs_EI,344,0.0277874,0.0278926,0.0278402,0.54975903,0.5482416,0.84176433,0.081697136,4608
K_vs_EI,344,0.0278927,0.0279979,0.0279451,0.55073094,0.54985446,0.9230486,0.08435348,4574
K_vs_EI,344,0.027998,0.0281032,0.0280494,0.55242616,0.551022,0.8791867,0.08323017,4852
K_vs_EI,344,0.0281033,0.0282085,0.02815615,0.55092204,0.54896057,0.86994094,0.082828425,4786
K_vs_EI,344,0.0282086,0.0283138,0.0282631,0.55241835,0.5504882,0.8776497,0.08290672,4827
K_vs_EI,344,0.0283139,0.0284191,0.0283661,0.55125785,0.54785,0.8794658,0.08397774,4902
K_vs_EI,344,0.0284192,0.0285243,0.0284721,0.55249465,0.55066985,0.8729819,0.08402046,5003
K_vs_EI,344,0.0285245,0.0286297,0.02857575,0.55197763,0.5487717,0.90240544,0.08328712,4936
K_vs_EI,344,0.0286298,0.028735,0.028682,0.5513633,0.54749405,0.84104574,0.08456983,4963
K_vs_EI,344,0.0287351,0.0288403,0.0287879,0.55124944,0.5484915,0.92728233,0.085598595,5028
K_vs_EI,344,0.0288404,0.0289456,0.028893,0.55096143,0.54832315,0.9215057,0.085086465,4885
K_vs_EI,344,0.0289457,0.0290509,0.0289988,0.5499823,0.547396,0.8937885,0.0870612,4959
K_vs_EI,344,0.029051,0.0291562,0.0291038,0.55088043,0.5486929,0.89936215,0.08616396,4848
K_vs_EI,344,0.0291563,0.0292615,0.0292084,0.54824376,0.54546475,0.9029407,0.08487897,4890
K_vs_EI,344,0.0292616,0.0293667,0.0293147,0.54563445,0.5425765,0.838728,0.088579506,4775
K_vs_EI,344,0.0293668,0.029472,0.0294181,0.5465014,0.54423755,0.8798093,0.08675578,4743
K_vs_EI,344,0.0294721,0.0295773,0.02952445,0.5451336,0.54417473,0.8727897,0.08734093,4836
K_vs_EI,344,0.0295774,0.0296826,0.0296312,0.54386866,0.54302967,0.9066947,0.08744378,4683
K_vs_EI,344,0.0296827,0.0297879,0.0297347,0.54549885,0.54255754,0.8845853,0.085404806,4644
K_vs_EI,344,0.029788,0.0298932,0.0298392,0.54228795,0.5407735,0.87654996,0.08884425,4525
K_vs_EI,344,0.0298933,0.0299985,0.029945351,0.5417688,0.5398523,0.9503832,0.08865246,4538
K_vs_EI,344,0.0299986,0.0301038,0.0300516,0.5409446,0.5392001,0.8974046,0.09208962,4437
K_vs_EI,344,0.0301039,0.0302091,0.0301568,0.54187834,0.54074717,0.8878018,0.089747675,4503
K_vs_EI,344,0.0302092,0.0303144,0.0302618,0.54307115,0.5416992,0.9475608,0.09400684,4306
K_vs_EI,344,0.0303145,0.0304197,0.0303658,0.5424799,0.54126436,0.91273046,0.09151704,4153
K_vs_EI,344,0.0304198,0.030525,0.0304709,0.5420633,0.5404394,0.88457245,0.09471482,4229
K_vs_EI,344,0.0305251,0.0306303,0.0305759,0.54539573,0.5469656,0.92612165,0.09242189,4134
K_vs_EI,344,0.0306304,0.0307356,0.0306846,0.54083997,0.5399536,0.8745961,0.09597193,4045
K_vs_EI,344,0.0307357,0.0308409,0.0307888,0.54375964,0.5433198,0.8588465,0.0922834,3919
K_vs_EI,344,0.030841,0.0309462,0.0308922,0.5440129,0.5452812,0.8876727,0.09633315,3922
K_vs_EI,344,0.0309463,0.0310515,0.03099935,0.546301,0.54561645,0.9160036,0.0982678,3650
K_vs_EI,344,0.0310516,0.0311568,0.0311016,0.543958,0.54560477,0.8837378,0.09680003,3659
K_vs_EI,344,0.0311569,0.0312621,0.0312095,0.5469592,0.5479097,0.9292339,0.09439308,3477
K_vs_EI,344,0.0312622,0.0313673,0.0313127,0.54484665,0.54467225,0.9529011,0.09804999,3305
K_vs_EI,344,0.0313674,0.0314726,0.0314197,0.5450681,0.5449024,0.9385797,0.101371795,3209
K_vs_EI,344,0.0314728,0.0315779,0.03152445,0.54793394,0.5467925,0.89268154,0.0988987,3138
K_vs_EI,344,0.031578,0.0316832,0.0316303,0.54961175,0.55031073,0.88063073,0.10181661,3043
K_vs_EI,344,0.0316833,0.0317885,0.031735,0.54809254,0.5490186,0.9178137,0.10106392,2845
K_vs_EI,344,0.0317886,0.0318938,0.03184115,0.5501956,0.550021,0.90200716,0.100355215,2756
K_vs_EI,344,0.0318939,0.0319991,0.0319455,0.5515048,0.5528796,0.8753442,0.09958954,2599
K_vs_EI,344,0.0319992,0.0321044,0.0320533,0.55243903,0.5538039,0.8934952,0.09988003,2513
K_vs_EI,344,0.0321045,0.0322097,0.0321551,0.5543782,0.55384207,0.897856,0.10192053,2431
K_vs_EI,344,0.0322098,0.032315,0.0322621,0.55290365,0.553647,0.9120447,0.09863675,2341
K_vs_EI,344,0.0323151,0.0324203,0.032367,0.5532979,0.5570258,0.9156659,0.1035178,2221
K_vs_EI,344,0.0324204,0.0325256,0.032472,0.55531985,0.55771744,0.9111847,0.10186895,2075
K_vs_EI,344,0.0325257,0.0326309,0.0325763,0.55717814,0.5584934,0.8931414,0.09960263,1984
K_vs_EI,344,0.032631,0.0327361,0.0326818,0.5589662,0.5589926,0.8861,0.10018828,1883
K_vs_EI,344,0.0327363,0.0328415,0.032788247,0.559195,0.5602436,0.85902125,0.09966936,1820
K_vs_EI,344,0.0328416,0.0329468,0.03289365,0.56218755,0.56305414,0.87997353,0.10167782,1710
K_vs_EI,344,0.0329469,0.0330521,0.033001,0.56023526,0.5651058,0.90429765,0.10079143,1658
K_vs_EI,344,0.0330522,0.0331574,0.033105552,0.5596423,0.5630267,0.91190565,0.09971461,1588
K_vs_EI,344,0.0331575,0.0332627,0.03321,0.55894923,0.562092,0.89416224,0.10017978,1490
K_vs_EI,344,0.0332629,0.0333679,0.0333165,0.55518126,0.55982727,0.8871181,0.102840066,1480
K_vs_EI,344,0.033368,0.0334732,0.0334207,0.5574677,0.5619075,0.9148726,0.102172665,1378
K_vs_EI,344,0.0334733,0.0335785,0.033527,0.5634822,0.5689161,0.9074826,0.102625646,1337
K_vs_EI,344,0.0335786,0.0336838,0.0336306,0.55501723,0.5620727,0.94041127,0.103090465,1307
K_vs_EI,344,0.0336839,0.0337891,0.03373535,0.56234205,0.5666924,0.8784408,0.10364605,1160
K_vs_EI,344,0.0337892,0.0338942,0.0338391,0.5624862,0.56583947,0.9050083,0.105577566,1139
K_vs_EI,344,0.0338945,0.0339997,0.03394565,0.5691931,0.56653327,0.973023,0.10474158,1078
K_vs_EI,344,0.0339998,0.034105,0.0340555,0.56438553,0.5666273,0.95283294,0.10052197,1054
K_vs_EI,344,0.0341052,0.0342103,0.0341542,0.5682041,0.5687528,0.9040702,0.10756131,1011
K_vs_EI,344,0.0342105,0.0343156,0.03426235,0.5598922,0.56871444,0.90331393,0.10861491,954
K_vs_EI,344,0.0343157,0.0344209,0.0343688,0.5636536,0.5645115,0.95850927,0.10148713,907
K_vs_EI,344,0.0344212,0.0345262,0.03447655,0.5650608,0.56811094,0.9081899,0.09969457,866
K_vs_EI,344,0.0345263,0.0346315,0.0345827,0.56085145,0.5634973,0.8700752,0.10835907,809
K_vs_EI,344,0.0346316,0.0347367,0.0346825,0.56147766,0.562737,0.9106849,0.10333595,787
K_vs_EI,344,0.0347369,0.0348421,0.0347877,0.5715705,0.5727307,0.89624476,0.10096908,798
K_vs_EI,344,0.0348422,0.0349474,0.0348953,0.57288957,0.57443887,0.91445357,0.10385042,710
K_vs_EI,344,0.0349475,0.0350519,0.0349988,0.56601804,0.5639387,0.9999998,0.103736356,746
K_vs_EI,344,0.0350528,0.0351577,0.0351026,0.5681082,0.5687496,0.9322791,0.10024282,664
K_vs_EI,344,0.0351583,0.0352632,0.03521,0.57096505,0.571703,0.8988127,0.09993177,653
K_vs_EI,344,0.0352637,0.0353685,0.035315998,0.57885945,0.57302827,0.85614413,0.097231336,638
K_vs_EI,344,0.035369,0.0354738,0.0354225,0.5803348,0.5695952,0.89136976,0.09910043,615
K_vs_EI,344,0.035474,0.0355785,0.03552505,0.57268304,0.57458025,0.95795447,0.096648134,600
K_vs_EI,344,0.0355794,0.0356844,0.0356297,0.56817067,0.5711224,0.9334923,0.09969454,536
K_vs_EI,344,0.0356846,0.0357897,0.03574,0.5806652,0.5768018,0.85930777,0.10038069,505
K_vs_EI,344,0.0357899,0.035895,0.0358402,0.56624985,0.56529224,0.8763616,0.098712705,495
K_vs_EI,344,0.0358951,0.0360002,0.035948053,0.56967217,0.5619089,0.84038717,0.09738138,520
K_vs_EI,344,0.036001,0.0361053,0.036053,0.57653844,0.57114166,0.8763537,0.0971793,485
K_vs_EI,344,0.0361057,0.0362109,0.036159597,0.57398474,0.56838125,0.8695319,0.1014411,432
K_vs_EI,344,0.0362124,0.0363161,0.0362601,0.57039577,0.5690723,0.8545322,0.088900745,438
K_vs_EI,344,0.0363165,0.0364211,0.0363684,0.5841084,0.5772734,0.873941,0.097712785,407
K_vs_EI,344,0.0364216,0.0365267,0.03647495,0.5788762,0.5815462,0.8110671,0.09734417,408
K_vs_EI,344,0.036527,0.0366311,0.03657845,0.58623815,0.5838393,0.88390225,0.09475919,358
K_vs_EI,344,0.0366324,0.0367374,0.0366859,0.5668317,0.56657195,0.8070388,0.09577221,393
K_vs_EI,344,0.0367378,0.0368427,0.0367909,0.5861529,0.5788292,0.873337,0.09615809,347
K_vs_EI,344,0.0368428,0.036948,0.0368972,0.5888059,0.5823181,0.81924766,0.09177521,359
K_vs_EI,344,0.036949,0.0370531,0.036999,0.58695763,0.5824225,0.8265061,0.093775325,357
K_vs_EI,344,0.0370535,0.0371586,0.03710845,0.57577956,0.5719857,0.81111276,0.088691935,332
K_vs_EI,344,0.0371587,0.0372639,0.03721355,0.57048225,0.570508,0.912096,0.085808225,328
K_vs_EI,344,0.037264,0.0373686,0.03731615,0.59352255,0.5839776,0.8595503,0.09541062,284
K_vs_EI,344,0.0373693,0.0374737,0.0374157,0.570945,0.573303,0.82954454,0.09072437,269
K_vs_EI,344,0.0374745,0.0375785,0.0375258,0.57909,0.57728696,0.84456664,0.093851194,326
K_vs_EI,344,0.0375804,0.0376844,0.0376296,0.58195597,0.5753206,0.7854592,0.09282906,231
K_vs_EI,344,0.0376856,0.0377899,0.037734,0.5774231,0.5739772,0.82290715,0.08602636,245
K_vs_EI,344,0.0377907,0.0378941,0.0378452,0.59864116,0.59069455,0.84217227,0.08717939,260
K_vs_EI,344,0.037896,0.0379999,0.0379501,0.5875381,0.5782417,0.8576539,0.08243535,242
K_vs_EI,344,0.0380013,0.0381062,0.0380541,0.57423186,0.57295215,0.8451697,0.09227434,237
K_vs_EI,344,0.0381068,0.0382114,0.0381603,0.5758898,0.5777374,0.84897316,0.08168629,224
K_vs_EI,344,0.0382122,0.0383157,0.038267,0.58226115,0.5763693,0.81085825,0.08765901,218
K_vs_EI,344,0.0383171,0.0384217,0.0383674,0.5853466,0.5849371,0.87574863,0.08482885,214
K_vs_EI,344,0.0384227,0.0385272,0.03847805,0.5922286,0.5789435,0.799419,0.09438668,192
K_vs_EI,344,0.038528,0.0386323,0.0385809,0.58839476,0.5769537,0.7541846,0.0805922,191
K_vs_EI,344,0.0386328,0.0387371,0.0386813,0.5912871,0.58324236,0.78473693,0.08471577,201
K_vs_EI,344,0.0387391,0.0388427,0.0387916,0.582157,0.5859799,0.7876818,0.08512039,173
K_vs_EI,344,0.0388441,0.0389479,0.0388916,0.5943805,0.5817427,0.74884576,0.08263912,139
K_vs_EI,344,0.0389491,0.0390537,0.0390044,0.58464,0.5795334,0.7542607,0.08622926,140
K_vs_EI,344,0.0390541,0.0391585,0.03909415,0.5923412,0.5902777,0.7695487,0.07698757,138
K_vs_EI,344,0.0391615,0.0392633,0.0392131,0.59380835,0.58652455,0.8620988,0.085941784,150
K_vs_EI,344,0.0392648,0.0393688,0.03931705,0.5922139,0.59039545,0.8498027,0.08781123,150
K_vs_EI,344,0.0393711,0.0394749,0.03942935,0.60277605,0.59577847,0.80069315,0.084673315,122
K_vs_EI,344,0.0394768,0.03958,0.0395335,0.5883581,0.5829848,0.82340485,0.089110136,119
K_vs_EI,344,0.0395812,0.0396843,0.0396288,0.59331125,0.58954614,0.75074935,0.08969975,103
K_vs_EI,344,0.039686,0.0397908,0.039736047,0.57157564,0.5746378,0.7918454,0.08592124,88
K_vs_EI,344,0.039791,0.0398961,0.0398355,0.59035105,0.5970999,0.8269347,0.093607046,95
K_vs_EI,344,0.0398996,0.040001,0.03993845,0.57308316,0.5718345,0.7505406,0.09113458,72
K_vs_EI,344,0.0400024,0.0401064,0.0400497,0.58536893,0.5907127,0.78049904,0.07414777,81
K_vs_EI,344,0.0401078,0.0402073,0.04016155,0.5964057,0.5931039,0.78422606,0.081862465,66
K_vs_EI,344,0.0402129,0.0403172,0.0402614,0.58899033,0.59027874,0.7977412,0.08510082,73
K_vs_EI,344,0.0403178,0.0404198,0.0403573,0.58672667,0.5880328,0.76537037,0.074215755,52
K_vs_EI,344,0.0404228,0.0405261,0.040465,0.60038936,0.6100098,0.81195545,0.10329935,61
K_vs_SI,344,0.0176815,0.0177822,0.0177251,0.50042945,0.4916308,0.6684799,0.08130826,57
K_vs_SI,344,0.0177849,0.0178894,0.0178257,0.4759879,0.4684542,0.6377123,0.09089776,65
K_vs_SI,344,0.01789,0.0179918,0.0179455,0.5009086,0.47460306,0.69419324,0.112369224,59
K_vs_SI,344,0.0179993,0.0180976,0.01805035,0.46221197,0.45440802,0.6543389,0.09509616,54
K_vs_SI,344,0.0181008,0.0182025,0.0181613,0.4363339,0.4378369,0.7522104,0.13351642,59
K_vs_SI,344,0.0182063,0.0183094,0.0182627,0.50198805,0.4876856,0.63134587,0.10283914,55
K_vs_SI,344,0.0183111,0.0184154,0.018355299,0.48668408,0.47777984,0.7286221,0.10969543,70
K_vs_SI,344,0.0185222,0.0186229,0.0185708,0.48615894,0.47393647,0.63084847,0.09817762,63
K_vs_SI,344,0.0186273,0.018731,0.0186735,0.46337566,0.46946287,0.6999725,0.09666789,80
K_vs_SI,344,0.0187353,0.0188355,0.0187863,0.49874234,0.48978302,0.6829203,0.10108821,54
K_vs_SI,344,0.0188387,0.0189421,0.0188864,0.4885994,0.47982556,0.6826397,0.11344775,85
K_vs_SI,344,0.0189448,0.0190465,0.0189845,0.47333175,0.4690519,0.7108345,0.09014831,71
K_vs_SI,344,0.019048,0.0191513,0.0190988,0.48552045,0.47818583,0.66839886,0.09443526,69
K_vs_SI,344,0.0191541,0.0192574,0.0192012,0.48481336,0.4753718,0.6911965,0.11898116,60
K_vs_SI,344,0.0192602,0.0193599,0.01930885,0.4975621,0.49358985,0.7080082,0.085751526,76
K_vs_SI,344,0.0193639,0.0194684,0.01940995,0.47592777,0.4613461,0.6737103,0.10202602,72
K_vs_SI,344,0.0194706,0.019571,0.0195242,0.5162815,0.5080858,0.7377959,0.10067377,77
K_vs_SI,344,0.0195744,0.0196781,0.019626949,0.48531818,0.48947123,0.7343288,0.10084602,88
K_vs_SI,344,0.0196799,0.0197839,0.01972965,0.5086279,0.5059963,0.7483549,0.098401874,68
K_vs_SI,344,0.0197854,0.0198897,0.01983495,0.50000966,0.49465802,0.67506397,0.09036829,90
K_vs_SI,344,0.0198903,0.0199953,0.01994425,0.48260784,0.48658016,0.7521214,0.10117126,82
K_vs_SI,344,0.0199964,0.0201001,0.0200387,0.5097255,0.49032637,0.6647798,0.0966086,79
K_vs_SI,344,0.0201024,0.0202054,0.020157449,0.5057232,0.50461125,0.69632566,0.09479094,124
K_vs_SI,344,0.0202062,0.0203106,0.020269051,0.50995934,0.501337,0.76529783,0.10100608,106
K_vs_SI,344,0.0203123,0.020415,0.020367399,0.48818365,0.50044954,0.73331505,0.07683897,94
K_vs_SI,344,0.0204169,0.020522,0.0204644,0.50543886,0.5025391,0.7372314,0.10041486,89
K_vs_SI,344,0.0205224,0.0206273,0.02057435,0.50370604,0.49514237,0.7578472,0.10746062,88
K_vs_SI,344,0.0206312,0.0207323,0.0206904,0.5057124,0.50870144,0.6992434,0.09407163,83
K_vs_SI,344,0.0207327,0.0208376,0.0207867,0.5174764,0.51202285,0.68979937,0.09260997,113
K_vs_SI,344,0.0208388,0.0209431,0.0208908,0.5358189,0.52750033,0.732311,0.08934793,97
K_vs_SI,344,0.0209435,0.0210479,0.02099865,0.51452327,0.50535107,0.73747855,0.09504698,134
K_vs_SI,344,0.0210514,0.0211525,0.02110035,0.51454043,0.5095898,0.767972,0.101231225,122
K_vs_SI,344,0.0211544,0.0212581,0.0212067,0.50505805,0.49942598,0.7038343,0.09597069,120
K_vs_SI,344,0.0212592,0.021364,0.0213134,0.5134964,0.5100175,0.7339785,0.08568592,113
K_vs_SI,344,0.0213666,0.0214694,0.0214156,0.4999284,0.5116646,0.7946376,0.095975,107
K_vs_SI,344,0.0214699,0.0215738,0.02152135,0.50064206,0.50500715,0.75865203,0.091825046,116
K_vs_SI,344,0.021575,0.0216802,0.0216376,0.5030665,0.5005707,0.7024933,0.093136534,141
K_vs_SI,344,0.0216813,0.0217852,0.021735601,0.5353893,0.5277729,0.753054,0.087837994,130
K_vs_SI,344,0.0217857,0.0218901,0.02183775,0.50815064,0.50975686,0.8002396,0.10938971,124
K_vs_SI,344,0.0218914,0.0219955,0.021942649,0.51177245,0.5106174,0.7474426,0.10168915,170
K_vs_SI,344,0.0219964,0.0221014,0.02204625,0.5357988,0.53326863,0.7808512,0.09969989,132
K_vs_SI,344,0.0221017,0.0222065,0.022153951,0.5187261,0.5145305,0.7433962,0.09313601,166
K_vs_SI,344,0.022207,0.02231,0.02225805,0.5207207,0.51864564,0.7760614,0.09792237,150
K_vs_SI,344,0.0223121,0.022417,0.022367,0.5220159,0.5201308,0.71364075,0.079469845,161
K_vs_SI,344,0.0224175,0.0225224,0.02247025,0.52535903,0.5216691,0.82899874,0.09365406,156
K_vs_SI,344,0.0225238,0.0226278,0.0225711,0.52605635,0.5164013,0.7396263,0.090353705,190
K_vs_SI,344,0.0226289,0.0227331,0.0226878,0.52588314,0.52491266,0.72457904,0.08964514,193
K_vs_SI,344,0.0227334,0.0228378,0.0227932,0.5247402,0.524086,0.7063522,0.090340145,173
K_vs_SI,344,0.0228395,0.0229419,0.0228929,0.5215375,0.51732916,0.75417733,0.09433027,187
K_vs_SI,344,0.0229457,0.0230487,0.02299595,0.52372104,0.5204705,0.7380737,0.084245786,186
K_vs_SI,344,0.0230493,0.0231541,0.0230954,0.5256445,0.52083397,0.76158404,0.0897111,195
K_vs_SI,344,0.0231551,0.0232594,0.0232055,0.53593135,0.5325742,0.761502,0.09161952,198
K_vs_SI,344,0.0232602,0.0233649,0.023316849,0.51763886,0.51633877,0.7739271,0.09604606,216
K_vs_SI,344,0.023365,0.02347,0.0234111,0.52851355,0.5275472,0.7896003,0.10102889,219
K_vs_SI,344,0.0234708,0.0235746,0.0235196,0.5487527,0.54387724,0.7381222,0.08786327,252
K_vs_SI,344,0.0235758,0.0236808,0.0236333,0.5282871,0.5318791,0.74121374,0.08104653,251
K_vs_SI,344,0.023681,0.0237858,0.023732,0.524963,0.52008003,0.72906554,0.09031122,235
K_vs_SI,344,0.0237863,0.0238912,0.0238381,0.54899323,0.53682184,0.75843984,0.09110687,280
K_vs_SI,344,0.0238915,0.0239965,0.0239463,0.52828234,0.52145827,0.76459503,0.08660019,313
K_vs_SI,344,0.0239973,0.024102,0.0240512,0.5349374,0.52841663,0.72623044,0.08836622,298
K_vs_SI,344,0.0241023,0.0242072,0.02415575,0.54651546,0.5367835,0.7465037,0.089785874,326
K_vs_SI,344,0.0242079,0.0243125,0.02426235,0.53022695,0.5257234,0.7576717,0.085719064,358
K_vs_SI,344,0.024313,0.0244179,0.02436265,0.5371257,0.534356,0.75216144,0.08221782,390
K_vs_SI,344,0.024418,0.0245232,0.0244702,0.5386397,0.5314811,0.7782954,0.08456548,409
K_vs_SI,344,0.0245239,0.0246284,0.024579,0.53775775,0.53424096,0.7461135,0.08888846,428
K_vs_SI,344,0.0246287,0.0247338,0.024683751,0.53801227,0.5312397,0.7282713,0.08492837,464
K_vs_SI,344,0.024734,0.024839,0.0247901,0.53425217,0.53005326,0.72218615,0.085538216,508
K_vs_SI,344,0.0248393,0.0249443,0.0248866,0.54096437,0.5311381,0.7471878,0.08314023,581
K_vs_SI,344,0.0249446,0.0250495,0.0250006,0.53818107,0.53293175,0.7839729,0.082478456,577
K_vs_SI,344,0.0250498,0.025155,0.0251018,0.5397413,0.53301215,0.7713721,0.084876865,673
K_vs_SI,344,0.0251551,0.02526,0.0252108,0.5421827,0.5342322,0.78749037,0.08351152,817
K_vs_SI,344,0.0252603,0.0253654,0.0253156,0.5377668,0.53090495,0.8622374,0.08555565,860
K_vs_SI,344,0.0253656,0.0254708,0.0254219,0.53588283,0.53168076,0.81189156,0.081569955,961
K_vs_SI,344,0.0254709,0.0255761,0.0255231,0.5403021,0.53407896,0.81830233,0.08060696,1022
K_vs_SI,344,0.0255762,0.0256814,0.0256281,0.5356643,0.5354817,0.7855758,0.0806662,1095
K_vs_SI,344,0.0256815,0.0257867,0.0257344,0.5352569,0.53253365,0.8046919,0.08139498,1236
K_vs_SI,344,0.0257869,0.025892,0.0258436,0.5354023,0.5299914,0.7617838,0.077727035,1397
K_vs_SI,344,0.0258921,0.0259972,0.02594575,0.5318858,0.52955735,0.85641855,0.08132187,1464
K_vs_SI,344,0.0259974,0.0261026,0.0260524,0.5345408,0.5312424,0.7905355,0.07764491,1579
K_vs_SI,344,0.0261027,0.0262079,0.0261526,0.5342298,0.5299711,0.82565075,0.07959424,1823
K_vs_SI,344,0.0262083,0.0263132,0.02626015,0.5288019,0.52762324,0.7872596,0.0774228,2002
K_vs_SI,344,0.0263133,0.0264185,0.026368,0.5304574,0.52651477,0.81314594,0.0789028,2165
K_vs_SI,344,0.0264186,0.0265238,0.0264708,0.5290921,0.52677286,0.89053804,0.079684906,2315
K_vs_SI,344,0.0265239,0.0266291,0.0265775,0.532932,0.5289155,0.83191437,0.07831667,2551
K_vs_SI,344,0.0266292,0.0267343,0.0266834,0.5263304,0.52336407,0.8137406,0.07765865,2737
K_vs_SI,344,0.0267345,0.0268397,0.0267877,0.5226069,0.52270687,0.8941857,0.07805052,2821
K_vs_SI,344,0.0268398,0.026945,0.0268917,0.5242557,0.52270925,0.8040181,0.07890658,3103
K_vs_SI,344,0.0269451,0.0270503,0.0269973,0.52237946,0.52053803,0.81024724,0.07753081,3351
K_vs_SI,344,0.0270504,0.0271556,0.0271024,0.52461827,0.522857,0.80050635,0.07962624,3437
K_vs_SI,344,0.0271557,0.0272609,0.0272094,0.5231278,0.5204402,0.86076415,0.07840764,3703
K_vs_SI,344,0.027261,0.0273661,0.0273139,0.5230116,0.5200873,0.8051996,0.0766724,3853
K_vs_SI,344,0.0273662,0.0274714,0.0274197,0.5214044,0.5204226,0.8500237,0.07881266,3842
K_vs_SI,344,0.0274716,0.0275767,0.027526,0.5224209,0.51991075,0.86359334,0.078163646,4179
K_vs_SI,344,0.0275768,0.027682,0.0276301,0.5232215,0.52157646,0.8511625,0.07964217,4346
K_vs_SI,344,0.0276821,0.0277873,0.0277352,0.52143645,0.5182502,0.85959816,0.07986476,4467
K_vs_SI,344,0.0277874,0.0278926,0.0278402,0.5190168,0.51710576,0.8188542,0.078393765,4608
K_vs_SI,344,0.0278927,0.0279979,0.0279451,0.5193933,0.51830286,0.8724422,0.08107998,4574
K_vs_SI,344,0.027998,0.0281032,0.0280494,0.5209536,0.519366,0.8446506,0.07978925,4852
K_vs_SI,344,0.0281033,0.0282085,0.02815615,0.5207452,0.5175101,0.8319689,0.079807565,4786
K_vs_SI,344,0.0282086,0.0283138,0.0282631,0.52123475,0.5190906,0.85701007,0.07936589,4827
K_vs_SI,344,0.0283139,0.0284191,0.0283661,0.5204946,0.5165819,0.8600987,0.08087645,4902
K_vs_SI,344,0.0284192,0.0285243,0.0284721,0.5217784,0.5188295,0.89871496,0.08021819,5003
K_vs_SI,344,0.0285245,0.0286297,0.02857575,0.521086,0.5171374,0.8274918,0.08015185,4936
K_vs_SI,344,0.0286298,0.028735,0.028682,0.5199735,0.51558614,0.8110293,0.08116377,4963
K_vs_SI,344,0.0287351,0.0288403,0.0287879,0.5200727,0.5162669,0.826213,0.08159102,5028
K_vs_SI,344,0.0288404,0.0289456,0.028893,0.5198785,0.5162629,0.89377004,0.08151434,4885
K_vs_SI,344,0.0289457,0.0290509,0.0289988,0.51873237,0.5150064,0.83758,0.08279769,4959
K_vs_SI,344,0.029051,0.0291562,0.0291038,0.52005494,0.51675177,0.92979604,0.08262538,4848
K_vs_SI,344,0.0291563,0.0292615,0.0292084,0.51602167,0.5129982,0.8255467,0.08097698,4890
K_vs_SI,344,0.0292616,0.0293667,0.0293147,0.5152813,0.5101312,0.7791338,0.08476923,4775
K_vs_SI,344,0.0293668,0.029472,0.0294181,0.5149841,0.51138324,0.81696063,0.08264915,4743
K_vs_SI,344,0.0294721,0.0295773,0.02952445,0.51413554,0.5112581,0.8505354,0.08308023,4836
K_vs_SI,344,0.0295774,0.0296826,0.0296312,0.5114334,0.5097433,0.85481733,0.08274756,4683
K_vs_SI,344,0.0296827,0.0297879,0.0297347,0.513346,0.5095588,0.80636907,0.08156693,4644
K_vs_SI,344,0.029788,0.0298932,0.0298392,0.51165366,0.5078039,0.7921388,0.08435796,4525
K_vs_SI,344,0.0298933,0.0299985,0.029945351,0.5088066,0.50604874,0.9057379,0.08409591,4538
K_vs_SI,344,0.0299986,0.0301038,0.0300516,0.5083119,0.50448304,0.898484,0.087091915,4437
K_vs_SI,344,0.0301039,0.0302091,0.0301568,0.509041,0.50584215,0.8052406,0.084238395,4503
K_vs_SI,344,0.0302092,0.0303144,0.0302618,0.5099529,0.50630444,0.84996706,0.08796438,4306
K_vs_SI,344,0.0303145,0.0304197,0.0303658,0.50907433,0.5054239,0.81955796,0.08587106,4153
K_vs_SI,344,0.0304198,0.030525,0.0304709,0.50798637,0.5044394,0.80449843,0.08826184,4229
K_vs_SI,344,0.0305251,0.0306303,0.0305759,0.5103834,0.5095956,0.8366719,0.08522541,4134
K_vs_SI,344,0.0306304,0.0307356,0.0306846,0.50664425,0.5030259,0.80867153,0.08935116,4045
K_vs_SI,344,0.0307357,0.0308409,0.0307888,0.5094774,0.5060933,0.79360586,0.085356556,3919
K_vs_SI,344,0.030841,0.0309462,0.0308922,0.51071584,0.5069749,0.8186553,0.08876888,3922
K_vs_SI,344,0.0309463,0.0310515,0.03099935,0.50926864,0.5066473,0.8446485,0.090101026,3650
K_vs_SI,344,0.0310516,0.0311568,0.0311016,0.5071751,0.50654006,0.8383041,0.08899376,3659
K_vs_SI,344,0.0311569,0.0312621,0.0312095,0.50947875,0.507653,0.8605056,0.08639512,3477
K_vs_SI,344,0.0312622,0.0313673,0.0313127,0.5065121,0.5043306,0.8797697,0.08990672,3305
K_vs_SI,344,0.0313674,0.0314726,0.0314197,0.50589937,0.504433,0.849105,0.0924836,3209
K_vs_SI,344,0.0314728,0.0315779,0.03152445,0.50934446,0.50524753,0.8320549,0.090436,3138
K_vs_SI,344,0.031578,0.0316832,0.0316303,0.50909555,0.5083342,0.7931024,0.09338159,3043
K_vs_SI,344,0.0316833,0.0317885,0.031735,0.5097229,0.50676864,0.85029066,0.09208804,2845
K_vs_SI,344,0.0317886,0.0318938,0.03184115,0.50846195,0.5070378,0.7873891,0.09172458,2756
K_vs_SI,344,0.0318939,0.0319991,0.0319455,0.5106674,0.5098438,0.78986347,0.09095624,2599
K_vs_SI,344,0.0319992,0.0321044,0.0320533,0.51173973,0.5096635,0.82193494,0.09135142,2513
K_vs_SI,344,0.0321045,0.0322097,0.0321551,0.5116008,0.5101862,0.7961042,0.093162045,2431
K_vs_SI,344,0.0322098,0.032315,0.0322621,0.5115861,0.5098338,0.82726794,0.08978727,2341
K_vs_SI,344,0.0323151,0.0324203,0.032367,0.5121657,0.51211643,0.82134485,0.09445517,2221
K_vs_SI,344,0.0324204,0.0325256,0.032472,0.5113367,0.5119539,0.82588935,0.09345406,2075
K_vs_SI,344,0.0325257,0.0326309,0.0325763,0.51514804,0.51384985,0.82119954,0.091359936,1984
K_vs_SI,344,0.032631,0.0327361,0.0326818,0.5146688,0.5137228,0.8036434,0.09125909,1883
K_vs_SI,344,0.0327363,0.0328415,0.032788247,0.51509875,0.5141822,0.7857158,0.090791464,1820
K_vs_SI,344,0.0328416,0.0329468,0.03289365,0.51567614,0.5159974,0.7997567,0.09229542,1710
K_vs_SI,344,0.0329469,0.0330521,0.033001,0.5188223,0.51853085,0.8096139,0.09182352,1658
K_vs_SI,344,0.0330522,0.0331574,0.033105552,0.5164385,0.51725066,0.79947436,0.091137186,1588
K_vs_SI,344,0.0331575,0.0332627,0.03321,0.5148561,0.5160961,0.7995124,0.092309214,1490
K_vs_SI,344,0.0332629,0.0333679,0.0333165,0.5117947,0.51403964,0.81884724,0.09498832,1480
K_vs_SI,344,0.033368,0.0334732,0.0334207,0.5138001,0.5153054,0.82738614,0.09392631,1378
K_vs_SI,344,0.0334733,0.0335785,0.033527,0.51993656,0.52288026,0.8350389,0.094578035,1337
K_vs_SI,344,0.0335786,0.0336838,0.0336306,0.51207566,0.51499397,0.8633645,0.09486394,1307
K_vs_SI,344,0.0336839,0.0337891,0.03373535,0.5170132,0.51882106,0.79281574,0.09529796,1160
K_vs_SI,344,0.0337892,0.0338942,0.0338391,0.51748276,0.5188628,1,0.097974345,1139
K_vs_SI,344,0.0338945,0.0339997,0.03394565,0.5221604,0.51907647,0.8732696,0.09599556,1078
K_vs_SI,344,0.0339998,0.034105,0.0340555,0.5203779,0.5192438,0.8903463,0.093060896,1054
K_vs_SI,344,0.0341052,0.0342103,0.0341542,0.52348274,0.52146685,0.8232633,0.099271886,1011
K_vs_SI,344,0.0342105,0.0343156,0.03426235,0.5159322,0.52105695,0.80959266,0.09835062,954
K_vs_SI,344,0.0343157,0.0344209,0.0343688,0.5190666,0.5182403,0.84953046,0.093594775,907
K_vs_SI,344,0.0344212,0.0345262,0.03447655,0.52490336,0.52155596,0.8118173,0.09236969,866
K_vs_SI,344,0.0345263,0.0346315,0.0345827,0.5190842,0.5184595,0.8015515,0.09976184,809
K_vs_SI,344,0.0346316,0.0347367,0.0346825,0.516084,0.5159662,0.8450299,0.09550359,787
K_vs_SI,344,0.0347369,0.0348421,0.0347877,0.5297502,0.5270061,0.9531636,0.09484015,798
K_vs_SI,344,0.0348422,0.0349474,0.0348953,0.5292715,0.52673167,0.8205673,0.09541099,710
K_vs_SI,344,0.0349475,0.0350519,0.0349988,0.52176076,0.5173343,0.90499216,0.096383564,746
K_vs_SI,344,0.0350528,0.0351577,0.0351026,0.5230874,0.5224102,0.83332413,0.09230973,664
K_vs_SI,344,0.0351583,0.0352632,0.03521,0.52539515,0.52595705,0.8380691,0.09202067,653
K_vs_SI,344,0.0352637,0.0353685,0.035315998,0.5328204,0.52691334,0.7882173,0.0898989,638
K_vs_SI,344,0.035369,0.0354738,0.0354225,0.534067,0.52548945,0.9262519,0.09501253,615
K_vs_SI,344,0.035474,0.0355785,0.03552505,0.5301597,0.5280719,0.86684245,0.08868541,600
K_vs_SI,344,0.0355794,0.0356844,0.0356297,0.5226617,0.5254257,0.849814,0.091536485,536
K_vs_SI,344,0.0356846,0.0357897,0.03574,0.5346784,0.530291,0.7693111,0.093919784,505
K_vs_SI,344,0.0357899,0.035895,0.0358402,0.52791643,0.5225318,0.80229414,0.091993324,495
K_vs_SI,344,0.0358951,0.0360002,0.035948053,0.52328825,0.51622766,0.75455725,0.09112008,520
K_vs_SI,344,0.036001,0.0361053,0.036053,0.5300356,0.5279394,0.8251819,0.09001764,485
K_vs_SI,344,0.0361057,0.0362109,0.036159597,0.5326469,0.5251519,0.7664146,0.09489209,432
K_vs_SI,344,0.0362124,0.0363161,0.0362601,0.5333739,0.5263104,0.7730139,0.08368787,438
K_vs_SI,344,0.0363165,0.0364211,0.0363684,0.54546154,0.53339684,0.80046636,0.09105311,407
K_vs_SI,344,0.0364216,0.0365267,0.03647495,0.54311574,0.5387059,0.73914737,0.08862575,408
K_vs_SI,344,0.036527,0.0366311,0.03657845,0.5426407,0.5402251,0.8085018,0.08875856,358
K_vs_SI,344,0.0366324,0.0367374,0.0366859,0.52624863,0.5230749,0.73903596,0.08934463,393
K_vs_SI,344,0.0367378,0.0368427,0.0367909,0.54725206,0.5359759,0.7810629,0.08863044,347
K_vs_SI,344,0.0368428,0.036948,0.0368972,0.5485113,0.53891075,0.74507624,0.0859762,359
K_vs_SI,344,0.036949,0.0370531,0.036999,0.54692584,0.53921396,0.7420208,0.085472465,357
K_vs_SI,344,0.0370535,0.0371586,0.03710845,0.53471357,0.5307124,0.74947304,0.0829568,332
K_vs_SI,344,0.0371587,0.0372639,0.03721355,0.5313338,0.52982867,0.83673847,0.081237584,328
K_vs_SI,344,0.037264,0.0373686,0.03731615,0.550095,0.5408658,0.80897486,0.090059616,284
K_vs_SI,344,0.0373693,0.0374737,0.0374157,0.53577965,0.53284615,0.7605921,0.084947854,269
K_vs_SI,344,0.0374745,0.0375785,0.0375258,0.5373526,0.5356392,0.7798733,0.08765189,326
K_vs_SI,344,0.0375804,0.0376844,0.0376296,0.54150885,0.5359928,0.72987986,0.08499766,231
K_vs_SI,344,0.0376856,0.0377899,0.037734,0.5418594,0.53551745,0.7337813,0.08221616,245
K_vs_SI,344,0.0377907,0.0378941,0.0378452,0.55242455,0.54836357,0.78724724,0.0799313,260
K_vs_SI,344,0.037896,0.0379999,0.0379501,0.54599345,0.53739256,0.7687897,0.0757098,242
K_vs_SI,344,0.0380013,0.0381062,0.0380541,0.5354805,0.5338082,0.7598854,0.08623371,237
K_vs_SI,344,0.0381068,0.0382114,0.0381603,0.5398001,0.5391337,0.80710435,0.07706118,224
K_vs_SI,344,0.0382122,0.0383157,0.038267,0.54209113,0.5389848,0.76152074,0.0820622,218
K_vs_SI,344,0.0383171,0.0384217,0.0383674,0.54880977,0.5465691,0.81695163,0.07870532,214
K_vs_SI,344,0.0384227,0.0385272,0.03847805,0.5476682,0.53958386,0.7491969,0.08704351,192
K_vs_SI,344,0.038528,0.0386323,0.0385809,0.55195713,0.5417298,0.6942029,0.07276063,191
K_vs_SI,344,0.0386328,0.0387371,0.0386813,0.55124766,0.54754347,0.74460614,0.07889161,201
K_vs_SI,344,0.0387391,0.0388427,0.0387916,0.5471374,0.54728675,0.7469377,0.07758532,173
K_vs_SI,344,0.0388441,0.0389479,0.0388916,0.5539455,0.54204005,0.70282996,0.07667601,139
K_vs_SI,344,0.0389491,0.0390537,0.0390044,0.5416363,0.5438713,0.70351833,0.080184676,140
K_vs_SI,344,0.0390541,0.0391585,0.03909415,0.5580845,0.55213016,0.7072365,0.07112611,138
K_vs_SI,344,0.0391615,0.0392633,0.0392131,0.55956507,0.5485561,0.8139612,0.07768541,150
K_vs_SI,344,0.0392648,0.0393688,0.03931705,0.55491626,0.55106467,0.8098263,0.08178639,150
K_vs_SI,344,0.0393711,0.0394749,0.03942935,0.5638311,0.55634165,0.7385844,0.07775164,122
K_vs_SI,344,0.0394768,0.03958,0.0395335,0.5478791,0.5442807,0.7749578,0.082508035,119
K_vs_SI,344,0.0395812,0.0396843,0.0396288,0.56323516,0.55195725,0.70080125,0.08308621,103
K_vs_SI,344,0.039686,0.0397908,0.039736047,0.5359092,0.53446835,0.71563375,0.07959317,88
K_vs_SI,344,0.039791,0.0398961,0.0398355,0.5540756,0.55641496,0.7652001,0.08538877,95
K_vs_SI,344,0.0398996,0.040001,0.03993845,0.5403426,0.5328181,0.69992536,0.08245511,72
K_vs_SI,344,0.0400024,0.0401064,0.0400497,0.5525935,0.54975796,0.73050606,0.07195303,81
K_vs_SI,344,0.0401078,0.0402073,0.04016155,0.5578362,0.552072,0.7277767,0.07698761,66
K_vs_SI,344,0.0402129,0.0403172,0.0402614,0.5560041,0.5510235,0.75430465,0.07925628,73
K_vs_SI,344,0.0403178,0.0404198,0.0403573,0.5409322,0.5486532,0.72660327,0.072671026,52
K_vs_SI,344,0.0404228,0.0405261,0.040465,0.5585052,0.5697631,0.76498324,0.095711954,61
K_vs_RI,344,0.0176815,0.0177822,0.0177251,0.39509562,0.40197024,0.70934284,0.12200513,57
K_vs_RI,344,0.0177849,0.0178894,0.0178257,0.38937655,0.38116524,0.6235827,0.107072294,65
K_vs_RI,344,0.01789,0.0179918,0.0179455,0.40443927,0.4100703,0.675128,0.104062945,59
K_vs_RI,344,0.0179993,0.0180976,0.01805035,0.419402,0.41713732,0.6468609,0.11435693,54
K_vs_RI,344,0.0181008,0.0182025,0.0181613,0.39802027,0.38506368,0.5846569,0.10216832,59
K_vs_RI,344,0.0182063,0.0183094,0.0182627,0.4599859,0.43315205,0.64771765,0.13432655,55
K_vs_RI,344,0.0183111,0.0184154,0.018355299,0.4191477,0.40897736,0.6158563,0.10274271,70
K_vs_RI,344,0.0185222,0.0186229,0.0185708,0.43427083,0.41650334,0.6192014,0.101918824,63
K_vs_RI,344,0.0186273,0.018731,0.0186735,0.39064732,0.3824187,0.62674624,0.12686224,80
K_vs_RI,344,0.0187353,0.0188355,0.0187863,0.38876396,0.3819941,0.6209619,0.112103716,54
K_vs_RI,344,0.0188387,0.0189421,0.0188864,0.41628495,0.41425058,0.60743415,0.109179944,85
K_vs_RI,344,0.0189448,0.0190465,0.0189845,0.40370542,0.4031744,0.7781446,0.11281946,71
K_vs_RI,344,0.019048,0.0191513,0.0190988,0.39747348,0.38919723,0.57841665,0.10741901,69
K_vs_RI,344,0.0191541,0.0192574,0.0192012,0.36175224,0.38135645,0.6258685,0.11279523,60
K_vs_RI,344,0.0192602,0.0193599,0.01930885,0.41053605,0.41067076,0.62484384,0.09493639,76
K_vs_RI,344,0.0193639,0.0194684,0.01940995,0.42050308,0.4090265,0.64315253,0.10718743,72
K_vs_RI,344,0.0194706,0.019571,0.0195242,0.42435387,0.42479816,0.7736393,0.1355453,77
K_vs_RI,344,0.0195744,0.0196781,0.019626949,0.4238575,0.41647395,0.6679516,0.1078304,88
K_vs_RI,344,0.0196799,0.0197839,0.01972965,0.42155477,0.41163802,0.66875505,0.11473007,68
K_vs_RI,344,0.0197854,0.0198897,0.01983495,0.4194454,0.4051853,0.72043496,0.12091382,90
K_vs_RI,344,0.0198903,0.0199953,0.01994425,0.39172465,0.39801207,0.7155894,0.11390134,82
K_vs_RI,344,0.0199964,0.0201001,0.0200387,0.3895442,0.39629826,0.66208214,0.11172992,79
K_vs_RI,344,0.0201024,0.0202054,0.020157449,0.40962106,0.4142897,0.8188405,0.12174767,124
K_vs_RI,344,0.0202062,0.0203106,0.020269051,0.4057097,0.40847656,0.71321106,0.11254202,106
K_vs_RI,344,0.0203123,0.020415,0.020367399,0.40610597,0.39743078,0.649898,0.10173593,94
K_vs_RI,344,0.0204169,0.020522,0.0204644,0.42764437,0.42508695,0.66480786,0.0998861,89
K_vs_RI,344,0.0205224,0.0206273,0.02057435,0.39414448,0.39811662,0.6754558,0.10786138,88
K_vs_RI,344,0.0206312,0.0207323,0.0206904,0.41852927,0.4128667,0.73575366,0.12163744,83
K_vs_RI,344,0.0207327,0.0208376,0.0207867,0.4022315,0.4076502,0.70741034,0.092832156,113
K_vs_RI,344,0.0208388,0.0209431,0.0208908,0.39616403,0.4048899,0.65216595,0.1073967,97
K_vs_RI,344,0.0209435,0.0210479,0.02099865,0.41362426,0.4128046,0.7034615,0.099464975,134
K_vs_RI,344,0.0210514,0.0211525,0.02110035,0.397601,0.3966543,0.63261586,0.09995152,122
K_vs_RI,344,0.0211544,0.0212581,0.0212067,0.39638686,0.40673146,0.7012116,0.1058945,120
K_vs_RI,344,0.0212592,0.021364,0.0213134,0.37783054,0.3941125,0.6692647,0.09860929,113
K_vs_RI,344,0.0213666,0.0214694,0.0214156,0.3974423,0.40946966,0.7259733,0.110271245,107
K_vs_RI,344,0.0214699,0.0215738,0.02152135,0.3962478,0.40567356,0.79685473,0.12160776,116
K_vs_RI,344,0.021575,0.0216802,0.0216376,0.405902,0.39933988,0.6982897,0.09324463,141
K_vs_RI,344,0.0216813,0.0217852,0.021735601,0.39715865,0.40028363,0.6281588,0.09480553,130
K_vs_RI,344,0.0217857,0.0218901,0.02183775,0.40385836,0.41256163,0.69708,0.11319471,124
K_vs_RI,344,0.0218914,0.0219955,0.021942649,0.39723656,0.39643487,0.65194225,0.102485,170
K_vs_RI,344,0.0219964,0.0221014,0.02204625,0.40048635,0.40537935,0.6657934,0.10310599,132
K_vs_RI,344,0.0221017,0.0222065,0.022153951,0.40790996,0.4193656,0.71667194,0.10800093,166
K_vs_RI,344,0.022207,0.02231,0.02225805,0.38766718,0.38331166,0.6260368,0.097081415,150
K_vs_RI,344,0.0223121,0.022417,0.022367,0.39959762,0.40479898,0.801316,0.1031079,161
K_vs_RI,344,0.0224175,0.0225224,0.02247025,0.4132999,0.4227794,0.75601476,0.11580248,156
K_vs_RI,344,0.0225238,0.0226278,0.0225711,0.3890827,0.39912665,0.70521736,0.10754845,190
K_vs_RI,344,0.0226289,0.0227331,0.0226878,0.38580453,0.3969861,0.6850183,0.1068993,193
K_vs_RI,344,0.0227334,0.0228378,0.0227932,0.40905356,0.420661,0.70965034,0.10898443,173
K_vs_RI,344,0.0228395,0.0229419,0.0228929,0.41619846,0.42200422,0.73308456,0.11779157,187
K_vs_RI,344,0.0229457,0.0230487,0.02299595,0.4104494,0.4072101,0.77964383,0.10626351,186
K_vs_RI,344,0.0230493,0.0231541,0.0230954,0.4098235,0.41387913,0.7263878,0.113249496,195
K_vs_RI,344,0.0231551,0.0232594,0.0232055,0.42518574,0.4295357,0.7919796,0.113837115,198
K_vs_RI,344,0.0232602,0.0233649,0.023316849,0.40913472,0.41988862,0.79903656,0.11570603,216
K_vs_RI,344,0.023365,0.02347,0.0234111,0.42473212,0.43411303,0.78673166,0.12411036,219
K_vs_RI,344,0.0234708,0.0235746,0.0235196,0.41508642,0.42500618,0.72478807,0.1213614,252
K_vs_RI,344,0.0235758,0.0236808,0.0236333,0.4153018,0.4300236,0.7827229,0.12641111,251
K_vs_RI,344,0.023681,0.0237858,0.023732,0.42453098,0.44660378,0.7890565,0.12964803,235
K_vs_RI,344,0.0237863,0.0238912,0.0238381,0.41374254,0.43705925,0.76500434,0.13078132,280
K_vs_RI,344,0.0238915,0.0239965,0.0239463,0.4178339,0.44025862,0.7830678,0.14244725,313
K_vs_RI,344,0.0239973,0.024102,0.0240512,0.42238885,0.450457,0.7952997,0.14700028,298
K_vs_RI,344,0.0241023,0.0242072,0.02415575,0.42944217,0.45279825,0.8215633,0.14194368,326
K_vs_RI,344,0.0242079,0.0243125,0.02426235,0.430737,0.4673134,0.82116127,0.1493414,358
K_vs_RI,344,0.024313,0.0244179,0.02436265,0.46193713,0.4824207,0.8195786,0.1478721,390
K_vs_RI,344,0.024418,0.0245232,0.0244702,0.4446702,0.48006964,0.81120104,0.15872023,409
K_vs_RI,344,0.0245239,0.0246284,0.024579,0.47276655,0.4898556,0.8101694,0.15696731,428
K_vs_RI,344,0.0246287,0.0247338,0.024683751,0.48834193,0.50211376,0.8370646,0.15690547,464
K_vs_RI,344,0.024734,0.024839,0.0247901,0.4839971,0.50417835,0.91260606,0.15914738,508
K_vs_RI,344,0.0248393,0.0249443,0.0248866,0.5095755,0.5083542,0.82737416,0.15954356,581
K_vs_RI,344,0.0249446,0.0250495,0.0250006,0.50508136,0.5110842,0.82607466,0.16185813,577
K_vs_RI,344,0.0250498,0.025155,0.0251018,0.53480667,0.5222908,0.84533507,0.16052243,673
K_vs_RI,344,0.0251551,0.02526,0.0252108,0.54666376,0.52464646,0.86558,0.16658519,817
K_vs_RI,344,0.0252603,0.0253654,0.0253156,0.57655245,0.5376525,0.8547024,0.16136985,860
K_vs_RI,344,0.0253656,0.0254708,0.0254219,0.58640873,0.5442374,0.88005984,0.16204329,961
K_vs_RI,344,0.0254709,0.0255761,0.0255231,0.58964294,0.54398847,0.85752875,0.16134484,1022
K_vs_RI,344,0.0255762,0.0256814,0.0256281,0.5938963,0.5521333,0.8547882,0.15856785,1095
K_vs_RI,344,0.0256815,0.0257867,0.0257344,0.59334,0.55190533,0.84177715,0.15701151,1236
K_vs_RI,344,0.0257869,0.025892,0.0258436,0.60051113,0.5561686,0.831494,0.15640669,1397
K_vs_RI,344,0.0258921,0.0259972,0.02594575,0.61086124,0.56059736,0.85967463,0.15695544,1464
K_vs_RI,344,0.0259974,0.0261026,0.0260524,0.61114305,0.5612643,0.8762002,0.15906383,1579
K_vs_RI,344,0.0261027,0.0262079,0.0261526,0.61986387,0.571749,0.86303854,0.15504804,1823
K_vs_RI,344,0.0262083,0.0263132,0.02626015,0.6142336,0.5672811,0.87364364,0.15558836,2002
K_vs_RI,344,0.0263133,0.0264185,0.026368,0.6104941,0.5691997,0.92871153,0.15000752,2165
K_vs_RI,344,0.0264186,0.0265238,0.0264708,0.62474185,0.575413,0.86982715,0.15062897,2315
K_vs_RI,344,0.0265239,0.0266291,0.0265775,0.6176725,0.57628244,0.9544119,0.14737737,2551
K_vs_RI,344,0.0266292,0.0267343,0.0266834,0.6193154,0.5748481,0.84885556,0.14721595,2737
K_vs_RI,344,0.0267345,0.0268397,0.0267877,0.62164706,0.5773645,0.87454855,0.14850432,2821
K_vs_RI,344,0.0268398,0.026945,0.0268917,0.62107927,0.58016646,0.86553246,0.14819306,3103
K_vs_RI,344,0.0269451,0.0270503,0.0269973,0.62203056,0.5805159,0.8721095,0.1481925,3351
K_vs_RI,344,0.0270504,0.0271556,0.0271024,0.6172395,0.5749941,0.96311057,0.14776501,3437
K_vs_RI,344,0.0271557,0.0272609,0.0272094,0.62227696,0.5806126,0.9048719,0.14545323,3703
K_vs_RI,344,0.027261,0.0273661,0.0273139,0.6187435,0.57945,0.8597471,0.14287485,3853
K_vs_RI,344,0.0273662,0.0274714,0.0274197,0.62057734,0.5809067,0.91853946,0.14336886,3842
K_vs_RI,344,0.0274716,0.0275767,0.027526,0.61856663,0.5835345,0.8722252,0.13978712,4179
K_vs_RI,344,0.0275768,0.027682,0.0276301,0.6172234,0.57849264,0.9316542,0.1425278,4346
K_vs_RI,344,0.0276821,0.0277873,0.0277352,0.6158237,0.5765919,0.894252,0.14304134,4467
K_vs_RI,344,0.0277874,0.0278926,0.0278402,0.6160109,0.58284503,0.9171284,0.1369649,4608
K_vs_RI,344,0.0278927,0.0279979,0.0279451,0.6133084,0.57838166,0.89635533,0.14009194,4574
K_vs_RI,344,0.027998,0.0281032,0.0280494,0.6103598,0.57480234,0.98037297,0.13996859,4852
K_vs_RI,344,0.0281033,0.0282085,0.02815615,0.61079884,0.575268,0.9330346,0.14040618,4786
K_vs_RI,344,0.0282086,0.0283138,0.0282631,0.6080624,0.5733495,0.97284883,0.13784118,4827
K_vs_RI,344,0.0283139,0.0284191,0.0283661,0.6102305,0.5744864,0.9311126,0.13932326,4902
K_vs_RI,344,0.0284192,0.0285243,0.0284721,0.6050345,0.5708284,0.9195591,0.13910949,5003
K_vs_RI,344,0.0285245,0.0286297,0.02857575,0.60553646,0.56948954,0.9243397,0.13730268,4936
K_vs_RI,344,0.0286298,0.028735,0.028682,0.60602146,0.57221717,0.8843709,0.13797027,4963
K_vs_RI,344,0.0287351,0.0288403,0.0287879,0.5994247,0.56700456,0.93760127,0.13951385,5028
K_vs_RI,344,0.0288404,0.0289456,0.028893,0.59982485,0.5678822,0.9323072,0.13909438,4885
K_vs_RI,344,0.0289457,0.0290509,0.0289988,0.60031223,0.56971085,0.9482898,0.1362938,4959
K_vs_RI,344,0.029051,0.0291562,0.0291038,0.5999118,0.5653133,0.9234552,0.13746776,4848
K_vs_RI,344,0.0291563,0.0292615,0.0292084,0.5945757,0.56232184,0.9210491,0.14057599,4890
K_vs_RI,344,0.0292616,0.0293667,0.0293147,0.5934047,0.5640229,0.9182757,0.13680238,4775
K_vs_RI,344,0.0293668,0.029472,0.0294181,0.59587353,0.56370306,0.9274206,0.135625,4743
K_vs_RI,344,0.0294721,0.0295773,0.02952445,0.5923923,0.56219393,0.90328425,0.13821396,4836
K_vs_RI,344,0.0295774,0.0296826,0.0296312,0.58438826,0.55853564,0.94152886,0.13597222,4683
K_vs_RI,344,0.0296827,0.0297879,0.0297347,0.588706,0.55883473,0.93406826,0.13869396,4644
K_vs_RI,344,0.029788,0.0298932,0.0298392,0.5857929,0.55973274,0.94657665,0.13566828,4525
K_vs_RI,344,0.0298933,0.0299985,0.029945351,0.5807643,0.5563052,0.917478,0.1365598,4538
K_vs_RI,344,0.0299986,0.0301038,0.0300516,0.58169556,0.5565156,1.0000005,0.14052944,4437
K_vs_RI,344,0.0301039,0.0302091,0.0301568,0.5772804,0.5532904,0.9761787,0.14100337,4503
K_vs_RI,344,0.0302092,0.0303144,0.0302618,0.57323694,0.54842997,0.9397365,0.14229777,4306
K_vs_RI,344,0.0303145,0.0304197,0.0303658,0.57304615,0.5482638,0.9168216,0.14273362,4153
K_vs_RI,344,0.0304198,0.030525,0.0304709,0.568514,0.5476339,0.95770156,0.14164278,4229
K_vs_RI,344,0.0305251,0.0306303,0.0305759,0.5648322,0.5457143,0.9495143,0.14537914,4134
K_vs_RI,344,0.0306304,0.0307356,0.0306846,0.55903757,0.5434871,0.9907823,0.14064069,4045
K_vs_RI,344,0.0307357,0.0308409,0.0307888,0.5539169,0.53867996,0.91482127,0.14162244,3919
K_vs_RI,344,0.030841,0.0309462,0.0308922,0.5512953,0.53705496,0.91817373,0.14527215,3922
K_vs_RI,344,0.0309463,0.0310515,0.03099935,0.5483668,0.53364843,0.9830853,0.14590368,3650
K_vs_RI,344,0.0310516,0.0311568,0.0311016,0.54201305,0.5302634,0.93070936,0.14612442,3659
K_vs_RI,344,0.0311569,0.0312621,0.0312095,0.5352327,0.52588564,0.95513487,0.14540343,3477
K_vs_RI,344,0.0312622,0.0313673,0.0313127,0.5352323,0.52582395,0.93352085,0.14914986,3305
K_vs_RI,344,0.0313674,0.0314726,0.0314197,0.5259822,0.5215022,0.92121714,0.14739533,3209
K_vs_RI,344,0.0314728,0.0315779,0.03152445,0.52278256,0.5171168,0.9300533,0.14254329,3138
K_vs_RI,344,0.031578,0.0316832,0.0316303,0.5093735,0.5084848,0.95973843,0.14368817,3043
K_vs_RI,344,0.0316833,0.0317885,0.031735,0.5067261,0.50804645,0.933816,0.14617318,2845
K_vs_RI,344,0.0317886,0.0318938,0.03184115,0.50552285,0.5008401,0.93526304,0.14352775,2756
K_vs_RI,344,0.0318939,0.0319991,0.0319455,0.5034176,0.500016,0.93612367,0.14321329,2599
K_vs_RI,344,0.0319992,0.0321044,0.0320533,0.49638802,0.4939009,0.9368974,0.14586684,2513
K_vs_RI,344,0.0321045,0.0322097,0.0321551,0.49195966,0.48682424,0.9130789,0.1424699,2431
K_vs_RI,344,0.0322098,0.032315,0.0322621,0.48704112,0.48545772,0.9098098,0.14002764,2341
K_vs_RI,344,0.0323151,0.0324203,0.032367,0.47680882,0.4780547,0.8644241,0.1371357,2221
K_vs_RI,344,0.0324204,0.0325256,0.032472,0.4681867,0.47124332,0.8959284,0.13477951,2075
K_vs_RI,344,0.0325257,0.0326309,0.0325763,0.46853486,0.4693034,0.89793456,0.13534018,1984
K_vs_RI,344,0.032631,0.0327361,0.0326818,0.46224862,0.46656784,0.8902409,0.13233599,1883
K_vs_RI,344,0.0327363,0.0328415,0.032788247,0.46616322,0.46311834,0.8498482,0.13682799,1820
K_vs_RI,344,0.0328416,0.0329468,0.03289365,0.4588681,0.4596426,0.88550484,0.13417758,1710
K_vs_RI,344,0.0329469,0.0330521,0.033001,0.45744342,0.4578156,0.86761665,0.13252969,1658
K_vs_RI,344,0.0330522,0.0331574,0.033105552,0.44863376,0.4548414,0.90420824,0.13143611,1588
K_vs_RI,344,0.0331575,0.0332627,0.03321,0.45735675,0.4562496,0.8847017,0.12954043,1490
K_vs_RI,344,0.0332629,0.0333679,0.0333165,0.43731484,0.44551268,0.99154615,0.127497,1480
K_vs_RI,344,0.033368,0.0334732,0.0334207,0.44306248,0.44763172,0.8652351,0.1290369,1378
K_vs_RI,344,0.0334733,0.0335785,0.033527,0.43772164,0.44864464,0.82322073,0.12819062,1337
K_vs_RI,344,0.0335786,0.0336838,0.0336306,0.44288626,0.44689947,0.8719744,0.12979831,1307
K_vs_RI,344,0.0336839,0.0337891,0.03373535,0.43783426,0.4435871,0.80672,0.12427933,1160
K_vs_RI,344,0.0337892,0.0338942,0.0338391,0.43203822,0.44116867,0.8531701,0.12448995,1139
K_vs_RI,344,0.0338945,0.0339997,0.03394565,0.43019903,0.43609685,0.8069217,0.12124345,1078
K_vs_RI,344,0.0339998,0.034105,0.0340555,0.4344824,0.4355844,0.8381951,0.12466805,1054
K_vs_RI,344,0.0341052,0.0342103,0.0341542,0.4227371,0.43081924,0.8781208,0.1263743,1011
K_vs_RI,344,0.0342105,0.0343156,0.03426235,0.42981136,0.4368431,0.86131775,0.12658647,954
K_vs_RI,344,0.0343157,0.0344209,0.0343688,0.42124256,0.43451276,0.82304835,0.12839516,907
K_vs_RI,344,0.0344212,0.0345262,0.03447655,0.42211294,0.42954895,0.79073584,0.120812744,866
K_vs_RI,344,0.0345263,0.0346315,0.0345827,0.4188048,0.43106288,0.81704956,0.1275836,809
K_vs_RI,344,0.0346316,0.0347367,0.0346825,0.42131394,0.43227634,0.8496052,0.12920386,787
K_vs_RI,344,0.0347369,0.0348421,0.0347877,0.41745067,0.4288219,0.8055354,0.1263089,798
K_vs_RI,344,0.0348422,0.0349474,0.0348953,0.4118929,0.42279848,0.78464127,0.11897782,710
K_vs_RI,344,0.0349475,0.0350519,0.0349988,0.41669187,0.42575613,0.82384396,0.12253849,746
K_vs_RI,344,0.0350528,0.0351577,0.0351026,0.4045479,0.41282377,0.8143047,0.11421555,664
K_vs_RI,344,0.0351583,0.0352632,0.03521,0.4163532,0.42078626,0.78467685,0.12115736,653
K_vs_RI,344,0.0352637,0.0353685,0.035315998,0.40128624,0.41570872,0.8391394,0.12230391,638
K_vs_RI,344,0.035369,0.0354738,0.0354225,0.39059862,0.40808272,0.7937019,0.115831904,615
K_vs_RI,344,0.035474,0.0355785,0.03552505,0.40490317,0.41177908,0.7799224,0.115874544,600
K_vs_RI,344,0.0355794,0.0356844,0.0356297,0.4021183,0.4110866,0.9103247,0.112875536,536
K_vs_RI,344,0.0356846,0.0357897,0.03574,0.39695713,0.40745664,0.8368721,0.114425875,505
K_vs_RI,344,0.0357899,0.035895,0.0358402,0.3936758,0.40436384,0.8526128,0.119817,495
K_vs_RI,344,0.0358951,0.0360002,0.035948053,0.40841657,0.41403285,0.7973215,0.1102425,520
K_vs_RI,344,0.036001,0.0361053,0.036053,0.38681874,0.3962604,0.74622744,0.11336151,485
K_vs_RI,344,0.0361057,0.0362109,0.036159597,0.39346278,0.4041724,0.7061127,0.10521166,432
K_vs_RI,344,0.0362124,0.0363161,0.0362601,0.3922094,0.39219165,0.757494,0.10954713,438
K_vs_RI,344,0.0363165,0.0364211,0.0363684,0.38536525,0.39457005,0.8591122,0.10894554,407
K_vs_RI,344,0.0364216,0.0365267,0.03647495,0.39024833,0.39181647,0.70878804,0.094123416,408
K_vs_RI,344,0.036527,0.0366311,0.03657845,0.37117743,0.37628996,0.66379505,0.09898737,358
K_vs_RI,344,0.0366324,0.0367374,0.0366859,0.39274085,0.39974067,0.8485285,0.10064112,393
K_vs_RI,344,0.0367378,0.0368427,0.0367909,0.38896665,0.39535442,0.70383716,0.110068105,347
K_vs_RI,344,0.0368428,0.036948,0.0368972,0.3813768,0.3872398,0.77994347,0.10573433,359
K_vs_RI,344,0.036949,0.0370531,0.036999,0.4042725,0.40568522,0.7886445,0.10657836,357
K_vs_RI,344,0.0370535,0.0371586,0.03710845,0.38894403,0.39337033,0.7481569,0.10703508,332
K_vs_RI,344,0.0371587,0.0372639,0.03721355,0.37420967,0.381556,0.85476,0.10441282,328
K_vs_RI,344,0.037264,0.0373686,0.03731615,0.37792182,0.39278302,0.82536924,0.10653071,284
K_vs_RI,344,0.0373693,0.0374737,0.0374157,0.38763866,0.39297715,0.9569734,0.1068678,269
K_vs_RI,344,0.0374745,0.0375785,0.0375258,0.3921462,0.391793,0.7325456,0.10569391,326
K_vs_RI,344,0.0375804,0.0376844,0.0376296,0.37233105,0.3861118,0.78770775,0.1058034,231
K_vs_RI,344,0.0376856,0.0377899,0.037734,0.38980684,0.3928384,0.6836534,0.09553068,245
K_vs_RI,344,0.0377907,0.0378941,0.0378452,0.3847384,0.39059293,0.7738552,0.092627995,260
K_vs_RI,344,0.037896,0.0379999,0.0379501,0.39316094,0.39880583,0.9217833,0.107656516,242
K_vs_RI,344,0.0380013,0.0381062,0.0380541,0.3865745,0.39892474,0.71653396,0.1019463,237
K_vs_RI,344,0.0381068,0.0382114,0.0381603,0.3826934,0.3887029,0.67313236,0.09844729,224
K_vs_RI,344,0.0382122,0.0383157,0.038267,0.3875361,0.3965628,0.8773895,0.100320786,218
K_vs_RI,344,0.0383171,0.0384217,0.0383674,0.40549213,0.40237644,0.66193306,0.09565631,214
K_vs_RI,344,0.0384227,0.0385272,0.03847805,0.38563854,0.3976221,0.870567,0.11010839,192
K_vs_RI,344,0.038528,0.0386323,0.0385809,0.38737217,0.39193657,0.61763054,0.091561526,191
K_vs_RI,344,0.0386328,0.0387371,0.0386813,0.40052408,0.39744985,0.64178836,0.087024346,201
K_vs_RI,344,0.0387391,0.0388427,0.0387916,0.3754499,0.3915839,0.67076045,0.0905713,173
K_vs_RI,344,0.0388441,0.0389479,0.0388916,0.38622662,0.39746383,0.7723856,0.103712305,139
K_vs_RI,344,0.0389491,0.0390537,0.0390044,0.38317055,0.38821653,0.6824964,0.10058229,140
K_vs_RI,344,0.0390541,0.0391585,0.03909415,0.39871228,0.39987686,0.6881451,0.08493883,138
K_vs_RI,344,0.0391615,0.0392633,0.0392131,0.3783293,0.38772234,0.70372534,0.09278023,150
K_vs_RI,344,0.0392648,0.0393688,0.03931705,0.3824286,0.39496842,0.6369959,0.09329844,150
K_vs_RI,344,0.0393711,0.0394749,0.03942935,0.3867165,0.3863669,0.65906495,0.08911552,122
K_vs_RI,344,0.0394768,0.03958,0.0395335,0.40061188,0.4029702,0.6464985,0.099481165,119
K_vs_RI,344,0.0395812,0.0396843,0.0396288,0.4048591,0.408357,0.6687645,0.10204179,103
K_vs_RI,344,0.039686,0.0397908,0.039736047,0.36979464,0.39388075,0.7689486,0.09121543,88
K_vs_RI,344,0.039791,0.0398961,0.0398355,0.4000808,0.4045297,0.6000338,0.08355099,95
K_vs_RI,344,0.0398996,0.040001,0.03993845,0.39006376,0.39871585,0.5808937,0.09317649,72
K_vs_RI,344,0.0400024,0.0401064,0.0400497,0.3867951,0.39333013,0.65853924,0.100143775,81
K_vs_RI,344,0.0401078,0.0402073,0.04016155,0.3852172,0.38477203,0.56580186,0.090320244,66
K_vs_RI,344,0.0402129,0.0403172,0.0402614,0.41308972,0.41405466,0.5954049,0.104355514,73
K_vs_RI,344,0.0403178,0.0404198,0.0403573,0.4294274,0.42736828,0.6968425,0.095449544,52
K_vs_RI,344,0.0404228,0.0405261,0.040465,0.40122926,0.4002866,0.66582125,0.1038194,61
K_vs_VI,344,0.0176815,0.0177822,0.0177251,0.4330445,0.43378145,0.5811864,0.06857525,57
K_vs_VI,344,0.0177849,0.0178894,0.0178257,0.42294225,0.41468105,0.563903,0.077563874,65
K_vs_VI,344,0.01789,0.0179918,0.0179455,0.44092283,0.41704416,0.59984916,0.094650686,59
K_vs_VI,344,0.0179993,0.0180976,0.01805035,0.40278485,0.39826405,0.550402,0.08112983,54
K_vs_VI,344,0.0181008,0.0182025,0.0181613,0.39294493,0.38802066,0.64968383,0.11281899,59
K_vs_VI,344,0.0182063,0.0183094,0.0182627,0.44083294,0.4245192,0.56411433,0.08259233,55
K_vs_VI,344,0.0183111,0.0184154,0.018355299,0.42591047,0.42044672,0.6505939,0.09281266,70
K_vs_VI,344,0.0185222,0.0186229,0.0185708,0.43876848,0.41617724,0.5598305,0.084079824,63
K_vs_VI,344,0.0186273,0.018731,0.0186735,0.41366446,0.4182368,0.60499865,0.082458615,80
K_vs_VI,344,0.0187353,0.0188355,0.0187863,0.44301653,0.434471,0.6092894,0.08642996,54
K_vs_VI,344,0.0188387,0.0189421,0.0188864,0.42890432,0.42024344,0.5917369,0.09308652,85
K_vs_VI,344,0.0189448,0.0190465,0.0189845,0.41467524,0.41334528,0.59582037,0.07764742,71
K_vs_VI,344,0.019048,0.0191513,0.0190988,0.42708126,0.42295036,0.57908225,0.0786842,69
K_vs_VI,344,0.0191541,0.0192574,0.0192012,0.4329779,0.4214226,0.6105812,0.1002784,60
K_vs_VI,344,0.0192602,0.0193599,0.01930885,0.44070694,0.4321004,0.5920261,0.068977766,76
K_vs_VI,344,0.0193639,0.0194684,0.01940995,0.4132013,0.40623274,0.6082435,0.08859011,72
K_vs_VI,344,0.0194706,0.019571,0.0195242,0.46095854,0.4427956,0.63353467,0.083470404,77
K_vs_VI,344,0.0195744,0.0196781,0.019626949,0.42297822,0.42885906,0.62267137,0.08505938,88
K_vs_VI,344,0.0196799,0.0197839,0.01972965,0.4499458,0.44290656,0.6347909,0.08053571,68
K_vs_VI,344,0.0197854,0.0198897,0.01983495,0.45015863,0.43540502,0.5916742,0.08038149,90
K_vs_VI,344,0.0198903,0.0199953,0.01994425,0.42539865,0.43086323,0.65840495,0.088856705,82
K_vs_VI,344,0.0199964,0.0201001,0.0200387,0.44955677,0.43274114,0.58314186,0.08323376,79
K_vs_VI,344,0.0201024,0.0202054,0.020157449,0.44582045,0.44268122,0.6204684,0.07812502,124
K_vs_VI,344,0.0202062,0.0203106,0.020269051,0.44974762,0.43971112,0.6612549,0.08511686,106
K_vs_VI,344,0.0203123,0.020415,0.020367399,0.43478578,0.4408138,0.59187186,0.06511306,94
K_vs_VI,344,0.0204169,0.020522,0.0204644,0.4416804,0.43864125,0.6270571,0.08819587,89
K_vs_VI,344,0.0205224,0.0206273,0.02057435,0.45300996,0.4347912,0.6625508,0.091398925,88
K_vs_VI,344,0.0206312,0.0207323,0.0206904,0.44434947,0.4472417,0.6358777,0.07877435,83
K_vs_VI,344,0.0207327,0.0208376,0.0207867,0.4600335,0.44875473,0.63021135,0.07953751,113
K_vs_VI,344,0.0208388,0.0209431,0.0208908,0.46673393,0.46296456,0.647661,0.075099364,97
K_vs_VI,344,0.0209435,0.0210479,0.02099865,0.44974336,0.44266275,0.6505901,0.08298314,134
K_vs_VI,344,0.0210514,0.0211525,0.02110035,0.4543264,0.44882926,0.6683074,0.086356156,122
K_vs_VI,344,0.0211544,0.0212581,0.0212067,0.44712293,0.43907228,0.6176822,0.082867146,120
K_vs_VI,344,0.0212592,0.021364,0.0213134,0.45536855,0.44893566,0.6183601,0.07324391,113
K_vs_VI,344,0.0213666,0.0214694,0.0214156,0.4456533,0.4482674,0.6527711,0.081730664,107
K_vs_VI,344,0.0214699,0.0215738,0.02152135,0.44121823,0.4421558,0.62079066,0.07986644,116
K_vs_VI,344,0.021575,0.0216802,0.0216376,0.4428825,0.44077685,0.65280974,0.08131571,141
K_vs_VI,344,0.0216813,0.0217852,0.021735601,0.46959245,0.4639605,0.6849557,0.07534514,130
K_vs_VI,344,0.0217857,0.0218901,0.02183775,0.449395,0.44640478,0.6978095,0.09426788,124
K_vs_VI,344,0.0218914,0.0219955,0.021942649,0.45267206,0.44945356,0.66059226,0.08579706,170
K_vs_VI,344,0.0219964,0.0221014,0.02204625,0.47007495,0.46840495,0.658916,0.08710692,132
K_vs_VI,344,0.0221017,0.0222065,0.022153951,0.45557523,0.449214,0.6291698,0.08082935,166
K_vs_VI,344,0.022207,0.02231,0.02225805,0.4527762,0.4578833,0.6816331,0.0856684,150
K_vs_VI,344,0.0223121,0.022417,0.022367,0.45536858,0.45561293,0.6189,0.06887874,161
K_vs_VI,344,0.0224175,0.0225224,0.02247025,0.4552285,0.45471933,0.69589895,0.079077415,156
K_vs_VI,344,0.0225238,0.0226278,0.0225711,0.46258718,0.45354217,0.6571718,0.0822399,190
K_vs_VI,344,0.0226289,0.0227331,0.0226878,0.46277568,0.46228722,0.6408309,0.07668418,193
K_vs_VI,344,0.0227334,0.0228378,0.0227932,0.4635052,0.4570759,0.6534026,0.077756636,173
K_vs_VI,344,0.0228395,0.0229419,0.0228929,0.46194142,0.45132715,0.66031045,0.08177968,187
K_vs_VI,344,0.0229457,0.0230487,0.02299595,0.46102285,0.45583177,0.6327053,0.071631655,186
K_vs_VI,344,0.0230493,0.0231541,0.0230954,0.45987502,0.4559089,0.65483636,0.07889666,195
K_vs_VI,344,0.0231551,0.0232594,0.0232055,0.46948573,0.46364737,0.651902,0.07924249,198
K_vs_VI,344,0.0232602,0.0233649,0.023316849,0.45149565,0.45043814,0.6534502,0.08323948,216
K_vs_VI,344,0.023365,0.02347,0.0234111,0.45506153,0.45777747,0.6867546,0.08750333,219
K_vs_VI,344,0.0234708,0.0235746,0.0235196,0.47652218,0.47377014,0.68144727,0.078589655,252
K_vs_VI,344,0.0235758,0.0236808,0.0236333,0.46232307,0.46304196,0.691364,0.072735384,251
K_vs_VI,344,0.023681,0.0237858,0.023732,0.45771,0.4503596,0.63745546,0.079693794,235
K_vs_VI,344,0.0237863,0.0238912,0.0238381,0.46767533,0.46609202,0.6686091,0.08044226,280
K_vs_VI,344,0.0238915,0.0239965,0.0239463,0.4556638,0.45187533,0.696659,0.075904824,313
K_vs_VI,344,0.0239973,0.024102,0.0240512,0.46268374,0.45668587,0.6366138,0.07812817,298
K_vs_VI,344,0.0241023,0.0242072,0.02415575,0.4660337,0.46333057,0.67772853,0.080564685,326
K_vs_VI,344,0.0242079,0.0243125,0.02426235,0.45377988,0.4510404,0.67362374,0.074409656,358
K_vs_VI,344,0.024313,0.0244179,0.02436265,0.45476604,0.4567478,0.66382575,0.073298596,390
K_vs_VI,344,0.024418,0.0245232,0.0244702,0.4516552,0.45385036,0.67478776,0.074657075,409
K_vs_VI,344,0.0245239,0.0246284,0.024579,0.45445812,0.4548464,0.6543152,0.07905685,428
K_vs_VI,344,0.0246287,0.0247338,0.024683751,0.44927168,0.45014167,0.66081905,0.07467716,464
K_vs_VI,344,0.024734,0.024839,0.0247901,0.44433087,0.44885567,0.6369335,0.07395036,508
K_vs_VI,344,0.0248393,0.0249443,0.0248866,0.4491041,0.44926202,0.68500876,0.07341388,581
K_vs_VI,344,0.0249446,0.0250495,0.0250006,0.44739413,0.4500839,0.69637406,0.072316125,577
K_vs_VI,344,0.0250498,0.025155,0.0251018,0.44704053,0.44801822,0.6534046,0.07366365,673
K_vs_VI,344,0.0251551,0.02526,0.0252108,0.45016843,0.44884512,0.6774319,0.073922396,817
K_vs_VI,344,0.0252603,0.0253654,0.0253156,0.4483873,0.44347683,0.72788095,0.07235745,860
K_vs_VI,344,0.0253656,0.0254708,0.0254219,0.4404893,0.4431953,0.7150389,0.07117817,961
K_vs_VI,344,0.0254709,0.0255761,0.0255231,0.44331685,0.44516551,0.70047057,0.07134745,1022
K_vs_VI,344,0.0255762,0.0256814,0.0256281,0.4409903,0.44550684,0.6746017,0.071686506,1095
K_vs_VI,344,0.0256815,0.0257867,0.0257344,0.43987477,0.44259778,0.69718456,0.07283718,1236
K_vs_VI,344,0.0257869,0.025892,0.0258436,0.43878716,0.43974048,0.66667956,0.069015786,1397
K_vs_VI,344,0.0258921,0.0259972,0.02594575,0.43571165,0.43886772,0.7361505,0.07175632,1464
K_vs_VI,344,0.0259974,0.0261026,0.0260524,0.43846026,0.43978575,0.692396,0.068649285,1579
K_vs_VI,344,0.0261027,0.0262079,0.0261526,0.43593898,0.43729782,0.73183674,0.070379354,1823
K_vs_VI,344,0.0262083,0.0263132,0.02626015,0.4328729,0.43599695,0.70488113,0.069722064,2002
K_vs_VI,344,0.0263133,0.0264185,0.026368,0.43631133,0.4346799,0.7113854,0.06969324,2165
K_vs_VI,344,0.0264186,0.0265238,0.0264708,0.4312561,0.43385074,0.7676721,0.07057489,2315
K_vs_VI,344,0.0265239,0.0266291,0.0265775,0.43429562,0.43553516,0.73658377,0.07013362,2551
K_vs_VI,344,0.0266292,0.0267343,0.0266834,0.43043095,0.4313354,0.66233766,0.06924172,2737
K_vs_VI,344,0.0267345,0.0268397,0.0267877,0.42728537,0.4302406,0.74873126,0.069787905,2821
K_vs_VI,344,0.0268398,0.026945,0.0268917,0.4277838,0.42992815,0.7166588,0.07123075,3103
K_vs_VI,344,0.0269451,0.0270503,0.0269973,0.4256037,0.42817235,0.71406937,0.07007377,3351
K_vs_VI,344,0.0270504,0.0271556,0.0271024,0.42749164,0.43082872,0.6960559,0.07174028,3437
K_vs_VI,344,0.0271557,0.0272609,0.0272094,0.42612755,0.42793533,0.7427312,0.07043363,3703
K_vs_VI,344,0.027261,0.0273661,0.0273139,0.4253174,0.4277678,0.70330393,0.06905985,3853
K_vs_VI,344,0.0273662,0.0274714,0.0274197,0.4249115,0.42800117,0.68603987,0.07095562,3842
K_vs_VI,344,0.0274716,0.0275767,0.027526,0.42640552,0.42713082,0.7636485,0.06979591,4179
K_vs_VI,344,0.0275768,0.027682,0.0276301,0.42639285,0.42938942,0.73128176,0.07201681,4346
K_vs_VI,344,0.0276821,0.0277873,0.0277352,0.42470518,0.42677695,0.7248243,0.07116516,4467
K_vs_VI,344,0.0277874,0.0278926,0.0278402,0.4236576,0.42486468,0.712992,0.069590874,4608
K_vs_VI,344,0.0278927,0.0279979,0.0279451,0.4240504,0.42661524,0.7500304,0.07168257,4574
K_vs_VI,344,0.027998,0.0281032,0.0280494,0.4254396,0.4280635,0.7234839,0.071347184,4852
K_vs_VI,344,0.0281033,0.0282085,0.02815615,0.425893,0.42628393,0.7224332,0.070036225,4786
K_vs_VI,344,0.0282086,0.0283138,0.0282631,0.4256372,0.42781606,0.7090829,0.07026229,4827
K_vs_VI,344,0.0283139,0.0284191,0.0283661,0.4243925,0.42556864,0.7204636,0.07091881,4902
K_vs_VI,344,0.0284192,0.0285243,0.0284721,0.4268219,0.4281311,0.69572777,0.07105718,5003
K_vs_VI,344,0.0285245,0.0286297,0.02857575,0.4261434,0.42686108,0.7114592,0.07057511,4936
K_vs_VI,344,0.0286298,0.028735,0.028682,0.42521292,0.4253127,0.70468605,0.0712494,4963
K_vs_VI,344,0.0287351,0.0288403,0.0287879,0.42580962,0.42676368,0.74886227,0.072026834,5028
K_vs_VI,344,0.0288404,0.0289456,0.028893,0.42474264,0.42653587,0.74431473,0.07166756,4885
K_vs_VI,344,0.0289457,0.0290509,0.0289988,0.42456663,0.42541033,0.69613576,0.07306439,4959
K_vs_VI,344,0.029051,0.0291562,0.0291038,0.42541644,0.42726287,0.718316,0.072838776,4848
K_vs_VI,344,0.0291563,0.0292615,0.0292084,0.42235255,0.4249343,0.69690496,0.07188966,4890
K_vs_VI,344,0.0292616,0.0293667,0.0293147,0.42234868,0.42228708,0.7071955,0.074153766,4775
K_vs_VI,344,0.0293668,0.029472,0.0294181,0.42272824,0.42344087,0.69717103,0.07254595,4743
K_vs_VI,344,0.0294721,0.0295773,0.02952445,0.4214006,0.42369506,0.7224428,0.07337231,4836
K_vs_VI,344,0.0295774,0.0296826,0.0296312,0.4214558,0.42305154,0.73161376,0.07319963,4683
K_vs_VI,344,0.0296827,0.0297879,0.0297347,0.4217382,0.42277148,0.7113696,0.07204549,4644
K_vs_VI,344,0.029788,0.0298932,0.0298392,0.42015564,0.42125311,0.6948173,0.074208006,4525
K_vs_VI,344,0.0298933,0.0299985,0.029945351,0.41862965,0.42071235,0.7406103,0.074738085,4538
K_vs_VI,344,0.0299986,0.0301038,0.0300516,0.4195953,0.41981757,0.7206637,0.077060565,4437
K_vs_VI,344,0.0301039,0.0302091,0.0301568,0.41914558,0.4214622,0.7167913,0.075453326,4503
K_vs_VI,344,0.0302092,0.0303144,0.0302618,0.4210875,0.42284372,0.7441501,0.079138525,4306
K_vs_VI,344,0.0303145,0.0304197,0.0303658,0.4204105,0.422235,0.6947771,0.07700568,4153
K_vs_VI,344,0.0304198,0.030525,0.0304709,0.42042336,0.4217165,0.6983134,0.079545945,4229
K_vs_VI,344,0.0305251,0.0306303,0.0305759,0.4239375,0.42682034,0.71380424,0.07844583,4134
K_vs_VI,344,0.0306304,0.0307356,0.0306846,0.41989082,0.42140463,0.6968249,0.08009808,4045
K_vs_VI,344,0.0307357,0.0308409,0.0307888,0.42236555,0.42469877,0.69657946,0.077498674,3919
K_vs_VI,344,0.030841,0.0309462,0.0308922,0.423334,0.42637467,0.7203524,0.081781216,3922
K_vs_VI,344,0.0309463,0.0310515,0.03099935,0.42435002,0.42687762,0.71031016,0.082953736,3650
K_vs_VI,344,0.0310516,0.0311568,0.0311016,0.42408678,0.42718947,0.71385896,0.08168677,3659
K_vs_VI,344,0.0311569,0.0312621,0.0312095,0.42607197,0.42919523,0.71862483,0.08017052,3477
K_vs_VI,344,0.0312622,0.0313673,0.0313127,0.4247043,0.4266532,0.7589155,0.082780406,3305
K_vs_VI,344,0.0313674,0.0314726,0.0314197,0.42642546,0.42752475,0.72902006,0.08558867,3209
K_vs_VI,344,0.0314728,0.0315779,0.03152445,0.4286857,0.42892462,0.7184771,0.08319569,3138
K_vs_VI,344,0.031578,0.0316832,0.0316303,0.43046942,0.43292812,0.70920795,0.08600385,3043
K_vs_VI,344,0.0316833,0.0317885,0.031735,0.42959318,0.43180418,0.7210369,0.08482503,2845
K_vs_VI,344,0.0317886,0.0318938,0.03184115,0.43156663,0.43337914,0.703929,0.08504313,2756
K_vs_VI,344,0.0318939,0.0319991,0.0319455,0.43322998,0.4358738,0.7316134,0.08459545,2599
K_vs_VI,344,0.0319992,0.0321044,0.0320533,0.43357712,0.4369424,0.7195206,0.084673226,2513
K_vs_VI,344,0.0321045,0.0322097,0.0321551,0.43730026,0.43818215,0.70238966,0.08596083,2431
K_vs_VI,344,0.0322098,0.032315,0.0322621,0.43529364,0.43795356,0.6973199,0.08290176,2341
K_vs_VI,344,0.0323151,0.0324203,0.032367,0.4396917,0.44142652,0.73675835,0.08717097,2221
K_vs_VI,344,0.0324204,0.0325256,0.032472,0.43968,0.4424235,0.724267,0.08536991,2075
K_vs_VI,344,0.0325257,0.0326309,0.0325763,0.44076914,0.44379303,0.7176201,0.08365557,1984
K_vs_VI,344,0.032631,0.0327361,0.0326818,0.4413416,0.44431195,0.72646326,0.08369303,1883
K_vs_VI,344,0.0327363,0.0328415,0.032788247,0.44440982,0.4457058,0.7104718,0.08384554,1820
K_vs_VI,344,0.0328416,0.0329468,0.03289365,0.4471177,0.44796935,0.70358944,0.0847185,1710
K_vs_VI,344,0.0329469,0.0330521,0.033001,0.4466485,0.45003834,0.72677124,0.08345702,1658
K_vs_VI,344,0.0330522,0.0331574,0.033105552,0.4472022,0.44896615,0.7037567,0.08256507,1588
K_vs_VI,344,0.0331575,0.0332627,0.03321,0.4449641,0.44791636,0.7057388,0.08342051,1490
K_vs_VI,344,0.0332629,0.0333679,0.0333165,0.4448145,0.44783378,0.6980319,0.08594881,1480
K_vs_VI,344,0.033368,0.0334732,0.0334207,0.44742125,0.4487825,0.735259,0.08484074,1378
K_vs_VI,344,0.0334733,0.0335785,0.033527,0.44801226,0.45472753,0.7333107,0.085546635,1337
K_vs_VI,344,0.0335786,0.0336838,0.0336306,0.44647184,0.4488566,0.7580721,0.085650615,1307
K_vs_VI,344,0.0336839,0.0337891,0.03373535,0.4496492,0.4528947,0.7017702,0.08657733,1160
K_vs_VI,344,0.0337892,0.0338942,0.0338391,0.45191503,0.45292464,0.7345185,0.08821497,1139
K_vs_VI,344,0.0338945,0.0339997,0.03394565,0.4552489,0.4539843,0.7677487,0.087112695,1078
K_vs_VI,344,0.0339998,0.034105,0.0340555,0.4520271,0.45418474,0.7325767,0.0837787,1054
K_vs_VI,344,0.0341052,0.0342103,0.0341542,0.45603105,0.45669603,0.71988744,0.088743135,1011
K_vs_VI,344,0.0342105,0.0343156,0.03426235,0.45254284,0.45556083,0.7068382,0.08860858,954
K_vs_VI,344,0.0343157,0.0344209,0.0343688,0.45215368,0.45305717,0.72983634,0.08391948,907
K_vs_VI,344,0.0344212,0.0345262,0.03447655,0.45907092,0.4566488,0.73710895,0.083051346,866
K_vs_VI,344,0.0345263,0.0346315,0.0345827,0.45045623,0.4533782,0.7164487,0.08977921,809
K_vs_VI,344,0.0346316,0.0347367,0.0346825,0.44978997,0.4519986,0.6953857,0.08663587,787
K_vs_VI,344,0.0347369,0.0348421,0.0347877,0.4616706,0.4611618,0.7498759,0.084991984,798
K_vs_VI,344,0.0348422,0.0349474,0.0348953,0.467188,0.46250942,0.69591784,0.08578143,710
K_vs_VI,344,0.0349475,0.0350519,0.0349988,0.45663053,0.45370322,0.79364455,0.08612967,746
K_vs_VI,344,0.0350528,0.0351577,0.0351026,0.4570745,0.4596161,0.74179876,0.08246349,664
K_vs_VI,344,0.0351583,0.0352632,0.03521,0.46377113,0.4615299,0.7221098,0.08400283,653
K_vs_VI,344,0.0352637,0.0353685,0.035315998,0.46551627,0.46314567,0.7037395,0.08124687,638
K_vs_VI,344,0.035369,0.0354738,0.0354225,0.4680302,0.46247414,0.7452951,0.08501423,615
K_vs_VI,344,0.035474,0.0355785,0.03552505,0.46590775,0.46489105,0.7650786,0.080595285,600
K_vs_VI,344,0.0355794,0.0356844,0.0356297,0.4608947,0.46221966,0.712102,0.081942014,536
K_vs_VI,344,0.0356846,0.0357897,0.03574,0.47030842,0.4672169,0.70280343,0.083371155,505
K_vs_VI,344,0.0357899,0.035895,0.0358402,0.45773533,0.45989853,0.7208455,0.0827545,495
K_vs_VI,344,0.0358951,0.0360002,0.035948053,0.46069184,0.45383707,0.6828922,0.08056017,520
K_vs_VI,344,0.036001,0.0361053,0.036053,0.46792328,0.46545863,0.6941876,0.07889465,485
K_vs_VI,344,0.0361057,0.0362109,0.036159597,0.46913752,0.46198753,0.6518768,0.083888695,432
K_vs_VI,344,0.0362124,0.0363161,0.0362601,0.47002393,0.4646628,0.6689308,0.07395452,438
K_vs_VI,344,0.0363165,0.0364211,0.0363684,0.47973692,0.4709034,0.71178836,0.08138448,407
K_vs_VI,344,0.0364216,0.0365267,0.03647495,0.4758884,0.47487628,0.6732583,0.07813187,408
K_vs_VI,344,0.036527,0.0366311,0.03657845,0.48111868,0.47923854,0.7170647,0.07775738,358
K_vs_VI,344,0.0366324,0.0367374,0.0366859,0.46172822,0.46083894,0.6743534,0.07902534,393
K_vs_VI,344,0.0367378,0.0368427,0.0367909,0.47723943,0.47245115,0.67969495,0.079111755,347
K_vs_VI,344,0.0368428,0.036948,0.0368972,0.48401684,0.47636774,0.7022931,0.075942054,359
K_vs_VI,344,0.036949,0.0370531,0.036999,0.4799151,0.47332546,0.6673734,0.07522768,357
K_vs_VI,344,0.0370535,0.0371586,0.03710845,0.47025195,0.46741918,0.66537887,0.07228645,332
K_vs_VI,344,0.0371587,0.0372639,0.03721355,0.47058693,0.46857053,0.7325216,0.07196749,328
K_vs_VI,344,0.037264,0.0373686,0.03731615,0.48384142,0.47690916,0.6991692,0.078631826,284
K_vs_VI,344,0.0373693,0.0374737,0.0374157,0.47032624,0.46912003,0.6767734,0.075042,269
K_vs_VI,344,0.0374745,0.0375785,0.0375258,0.47371,0.47224072,0.7085618,0.07787925,326
K_vs_VI,344,0.0375804,0.0376844,0.0376296,0.47723752,0.4723987,0.6795512,0.0754839,231
K_vs_VI,344,0.0376856,0.0377899,0.037734,0.4754401,0.4702227,0.65430176,0.07077933,245
K_vs_VI,344,0.0377907,0.0378941,0.0378452,0.48308036,0.48289955,0.6874169,0.06901892,260
K_vs_VI,344,0.037896,0.0379999,0.0379501,0.47543368,0.47200018,0.7028423,0.067066826,242
K_vs_VI,344,0.0380013,0.0381062,0.0380541,0.46454427,0.4678774,0.7085786,0.07373682,237
K_vs_VI,344,0.0381068,0.0382114,0.0381603,0.47368124,0.4740742,0.6688178,0.06634864,224
K_vs_VI,344,0.0382122,0.0383157,0.038267,0.47641236,0.47220895,0.6518573,0.07115596,218
K_vs_VI,344,0.0383171,0.0384217,0.0383674,0.4795222,0.4779711,0.6828976,0.06834425,214
K_vs_VI,344,0.0384227,0.0385272,0.03847805,0.48355508,0.4729668,0.6394627,0.073316224,192
K_vs_VI,344,0.038528,0.0386323,0.0385809,0.48101756,0.4743314,0.6264524,0.06469025,191
K_vs_VI,344,0.0386328,0.0387371,0.0386813,0.47784853,0.47809535,0.63548017,0.066645175,201
K_vs_VI,344,0.0387391,0.0388427,0.0387916,0.47982952,0.48046377,0.65276456,0.06891636,173
K_vs_VI,344,0.0388441,0.0389479,0.0388916,0.48550504,0.47574016,0.6014049,0.067202896,139
K_vs_VI,344,0.0389491,0.0390537,0.0390044,0.47982243,0.4770039,0.6230532,0.06963363,140
K_vs_VI,344,0.0390541,0.0391585,0.03909415,0.485595,0.48304257,0.62391573,0.06315921,138
K_vs_VI,344,0.0391615,0.0392633,0.0392131,0.48848295,0.48178267,0.69339806,0.06805132,150
K_vs_VI,344,0.0392648,0.0393688,0.03931705,0.48387185,0.4832262,0.6702696,0.069917575,150
K_vs_VI,344,0.0393711,0.0394749,0.03942935,0.49403232,0.48922154,0.6237126,0.06719571,122
K_vs_VI,344,0.0394768,0.03958,0.0395335,0.47917718,0.47540706,0.6369072,0.06680441,119
K_vs_VI,344,0.0395812,0.0396843,0.0396288,0.48966616,0.48067033,0.6042654,0.068345584,103
K_vs_VI,344,0.039686,0.0397908,0.039736047,0.46863186,0.4697936,0.62765706,0.06898778,88
K_vs_VI,344,0.039791,0.0398961,0.0398355,0.48563728,0.4862049,0.6383412,0.071720526,95
K_vs_VI,344,0.0398996,0.040001,0.03993845,0.47609606,0.4674423,0.5903227,0.07390696,72
K_vs_VI,344,0.0400024,0.0401064,0.0400497,0.48252854,0.48306313,0.61850345,0.05893415,81
K_vs_VI,344,0.0401078,0.0402073,0.04016155,0.48923272,0.48612833,0.62781465,0.06269794,66
K_vs_VI,344,0.0402129,0.0403172,0.0402614,0.479113,0.47929937,0.6188703,0.062268067,73
K_vs_VI,344,0.0403178,0.0404198,0.0403573,0.4760297,0.47524625,0.5936858,0.055698764,52
K_vs_VI,344,0.0404228,0.0405261,0.040465,0.4984299,0.498057,0.64995366,0.07895332,61
HFP_vs_EI,162,0.0016991,0.310323,0.0535917,0.56401134,0.555188,0.9215057,0.08497306,23668
HFP_vs_EI,162,0.310333,0.618949,0.4102635,0.5374203,0.528666,0.81814444,0.08902253,20682
HFP_vs_EI,162,0.618968,0.927582,0.7841625,0.53361666,0.5257687,0.84202176,0.08856526,9688
HFP_vs_EI,162,0.927625,1.23619,1.040055,0.5343372,0.5271625,0.8326804,0.087238334,5704
HFP_vs_EI,162,1.23628,1.54476,1.411255,0.536293,0.53093654,0.86054385,0.08501249,5124
HFP_vs_EI,162,1.54486,1.85346,1.712765,0.5360817,0.5320221,0.83840007,0.08158447,7668
HFP_vs_EI,162,1.85355,2.16211,1.979825,0.5358671,0.53266305,0.8602076,0.08496692,4764
HFP_vs_EI,162,2.16222,2.4707,2.306855,0.5439519,0.54403055,0.86286914,0.085907176,2888
HFP_vs_EI,162,2.47083,2.77938,2.66082,0.55212504,0.5481896,0.8790436,0.09116258,2841
HFP_vs_EI,162,2.77944,3.08791,2.902595,0.5381094,0.53625494,0.9334923,0.082012825,5642
HFP_vs_EI,162,3.08802,3.39662,3.23205,0.5455888,0.5435251,0.8695154,0.09230226,3067
HFP_vs_EI,162,3.39665,3.7051,3.54523,0.55439925,0.55413395,0.8776497,0.09043451,2309
HFP_vs_EI,162,3.7053,4.01389,3.86738,0.5607752,0.5575276,0.89152265,0.09089293,2147
HFP_vs_EI,162,4.01403,4.32254,4.13868,0.53320456,0.53122014,0.9066947,0.078004144,15027
HFP_vs_EI,162,4.32255,4.63114,4.45953,0.5412791,0.5403898,0.8876727,0.08294209,7745
HFP_vs_EI,162,4.63126,4.93971,4.77901,0.5490453,0.55149347,0.95795447,0.084570535,5449
HFP_vs_EI,162,4.94,5.24843,5.0897,0.5579293,0.56053233,0.95850927,0.090598114,4533
HFP_vs_EI,162,5.24865,5.55703,5.39882,0.55987495,0.5629149,0.9094157,0.0927989,3879
HFP_vs_EI,162,5.55711,5.86561,5.701765,0.5666536,0.5682549,0.9040702,0.09255085,3442
HFP_vs_EI,162,5.8659,6.17406,6.01157,0.5695206,0.56890196,0.93390507,0.09165951,2919
HFP_vs_EI,162,6.17473,6.48294,6.32272,0.5675523,0.56780994,0.94041127,0.09695805,2497
HFP_vs_EI,162,6.48314,6.79128,6.63395,0.5668282,0.5657484,0.9230486,0.09680162,2221
HFP_vs_EI,162,6.79179,7.10005,6.94117,0.5694945,0.56679285,0.8890379,0.09419043,1985
HFP_vs_EI,162,7.10034,7.40861,7.2474604,0.56612194,0.56518835,0.8371388,0.096483946,1686
HFP_vs_EI,162,7.4089,7.71748,7.56099,0.57326066,0.5717374,0.873337,0.09624139,1535
HFP_vs_EI,162,7.71815,8.0261,7.9258947,0.5580971,0.5574803,0.86473286,0.09287244,1840
HFP_vs_EI,162,8.02613,8.33474,8.15372,0.5357463,0.533802,0.9529011,0.07430127,14907
HFP_vs_EI,162,8.33481,8.64336,8.4736,0.5413715,0.5435275,0.88236773,0.08154488,8186
HFP_vs_EI,162,8.64339,8.952,8.793495,0.5547304,0.55965126,0.9475608,0.08766759,6362
HFP_vs_EI,162,8.95212,9.26064,9.1023445,0.5640736,0.56880677,0.92612165,0.091136254,5514
HFP_vs_EI,162,9.26066,9.56927,9.41814,0.5678583,0.5725126,0.9503832,0.09314917,4977
HFP_vs_EI,162,9.56929,9.87786,9.72435,0.5703787,0.5755102,0.973023,0.0932563,4861
HFP_vs_EI,162,9.87798,10.1865,10.0298,0.57470435,0.57673085,0.89125156,0.093253985,4569
HFP_vs_EI,162,10.1866,10.4951,10.336,0.5739226,0.5757485,0.92624986,0.09508188,4309
HFP_vs_EI,162,10.4953,10.8038,10.64385,0.57316375,0.5751339,0.88390225,0.093130335,4076
HFP_vs_EI,162,10.8039,11.1124,10.9537,0.5768142,0.57714623,0.8997405,0.094329126,3958
HFP_vs_EI,162,11.1125,11.421,11.2672,0.5747428,0.5739662,0.8937885,0.09161662,3523
HFP_vs_EI,162,11.4211,11.7296,11.57695,0.5709419,0.57267964,0.8698325,0.09024331,3264
HFP_vs_EI,162,11.7297,12.0383,11.8763,0.57180643,0.5738569,0.90573585,0.093973435,3081
HFP_vs_EI,162,12.0384,12.3469,12.1915,0.5691925,0.57108855,0.8852933,0.09191041,3375
HFP_vs_EI,162,12.347,12.6553,12.50205,0.572749,0.5720974,0.9156659,0.09587809,2952
HFP_vs_EI,162,12.6556,12.9641,12.8172,0.57114327,0.5702224,0.8871181,0.09358394,2753
HFP_vs_EI,162,12.9644,13.2728,13.1099,0.5716897,0.5709765,0.85725206,0.090879105,2626
HFP_vs_EI,162,13.273,13.5812,13.4274,0.5732935,0.5719501,0.85453564,0.091262035,2451
HFP_vs_EI,162,13.5815,13.8901,13.7324,0.56984895,0.5701063,0.8861,0.095557995,2275
HFP_vs_EI,162,13.8902,14.1987,14.03985,0.56898457,0.57059807,0.89268154,0.088708684,2048
HFP_vs_EI,162,14.1989,14.5073,14.3461,0.56522036,0.5651777,0.8699388,0.094155714,1943
HFP_vs_EI,162,14.5074,14.8158,14.6569,0.5717268,0.57163864,0.90200716,0.091926895,1903
HFP_vs_EI,162,14.8163,15.1246,14.9699,0.56536686,0.564034,0.92728233,0.09199323,1809
HFP_vs_EI,162,15.125,15.4331,15.2791,0.5633576,0.56577736,0.87955904,0.09585774,1815
HFP_vs_EI,162,15.4334,15.7419,15.58255,0.5689347,0.569326,0.91438204,0.09243935,1788
HFP_vs_EI,162,15.7421,16.0502,15.8989,0.5709255,0.57002527,0.8415716,0.093957946,1737
HFP_vs_EI,162,16.0508,16.3591,16.20315,0.56259036,0.56453633,0.8729819,0.094519466,2018
HFP_vs_EI,162,16.3593,16.6677,16.516201,0.5660456,0.5669514,0.89936215,0.09144907,2022
HFP_vs_EI,162,16.6679,16.9764,16.8233,0.5655558,0.5656308,0.91861165,0.096181095,1986
HFP_vs_EI,162,16.9765,17.285,17.1349,0.5648152,0.5668427,0.9385797,0.09472308,1963
HFP_vs_EI,162,17.2851,17.5936,17.4391,0.5631236,0.562312,0.8909918,0.09762884,1859
HFP_vs_EI,162,17.5941,17.902,17.74675,0.56249726,0.56282866,0.97281927,0.09448903,1800
HFP_vs_EI,162,17.9026,18.2109,18.0501,0.56570864,0.56611055,0.8966938,0.097140595,1704
HFP_vs_EI,162,18.211,18.5195,18.3622,0.5620299,0.5620636,0.8524926,0.094940715,1645
HFP_vs_EI,162,18.5197,18.8282,18.6669,0.56284094,0.5610663,0.89136976,0.093133815,1609
HFP_vs_EI,162,18.8284,19.1365,18.9814,0.55778635,0.55712163,0.8974046,0.0977103,1431
HFP_vs_EI,162,19.1371,19.4453,19.2907,0.5592078,0.5584376,0.83033097,0.09480896,1481
HFP_vs_EI,162,19.4457,19.7539,19.59975,0.5560242,0.55648094,0.865296,0.095880024,1362
HFP_vs_EI,162,19.7546,20.0618,19.9046,0.5621925,0.5597358,0.8075185,0.09403331,1248
HFP_vs_EI,162,20.063,20.3704,20.2255,0.5612808,0.5561858,0.9120447,0.097666495,1277
HFP_vs_EI,162,20.3714,20.6792,20.51635,0.5634302,0.55970305,0.8576539,0.09970773,1190
HFP_vs_EI,162,20.6803,20.9885,20.8309,0.55538356,0.55079985,0.89326376,0.09540994,1125
HFP_vs_EI,162,20.9892,21.2971,21.13325,0.5635358,0.56252974,0.8410748,0.09724114,1044
HFP_vs_EI,162,21.2977,21.6057,21.4522,0.5622329,0.55735487,0.8373737,0.0957469,971
HFP_vs_EI,162,21.6066,21.9144,21.7527,0.5599401,0.5565015,0.85614413,0.09339064,948
HFP_vs_EI,162,21.9158,22.2213,22.0606,0.56199,0.5577806,0.8456935,0.10043017,896
HFP_vs_EI,162,22.2232,22.5314,22.3665,0.5612249,0.55611575,0.86392134,0.09837603,887
HFP_vs_EI,162,22.5322,22.8404,22.69055,0.5590304,0.55870086,0.8567425,0.096811846,812
HFP_vs_EI,162,22.8407,23.1489,22.9925,0.55729914,0.55642253,0.87898684,0.09744476,765
HFP_vs_EI,162,23.1493,23.4573,23.3057,0.55648506,0.5553748,0.88836485,0.09850649,747
HFP_vs_EI,162,23.4578,23.7658,23.6222,0.56571305,0.56108445,0.88576066,0.09529928,745
HFP_vs_EI,162,23.7667,24.0749,23.921,0.55499893,0.5559753,0.84097743,0.09796835,729
HFP_vs_EI,162,24.0751,24.383,24.2229,0.5549582,0.5527099,0.840539,0.09696239,672
HFP_vs_EI,162,24.3838,24.6921,24.5337,0.5544804,0.54859334,0.9999998,0.09998719,645
HFP_vs_EI,162,24.6923,25.0001,24.82835,0.5530025,0.5524023,0.8558339,0.1064199,624
HFP_vs_EI,162,25.0014,25.3094,25.1519,0.55648166,0.5567435,0.8410533,0.10680493,601
HFP_vs_EI,162,25.3099,25.6181,25.4636,0.54540324,0.54780996,0.8569185,0.09999638,603
HFP_vs_EI,162,25.6183,25.9264,25.7793,0.54878485,0.5496815,0.973049,0.10491383,536
HFP_vs_EI,162,25.9276,26.2342,26.08945,0.55322796,0.5518592,0.8231137,0.09563356,510
HFP_vs_EI,162,26.2355,26.544,26.3933,0.55076665,0.5499938,0.8653678,0.09948784,505
HFP_vs_EI,162,26.5445,26.8519,26.70545,0.5538224,0.5507394,0.87946767,0.10346194,476
HFP_vs_EI,162,26.8534,27.1607,27.01125,0.5563755,0.5516648,0.84599406,0.099162444,460
HFP_vs_EI,162,27.1621,27.4694,27.3226,0.5410255,0.5406304,0.87654996,0.10201714,442
HFP_vs_EI,162,27.4706,27.7785,27.6427,0.54782027,0.5509767,0.91190565,0.09822772,414
HFP_vs_EI,162,27.7796,28.086,27.9234,0.55123,0.5502016,0.83174425,0.09996042,391
HFP_vs_EI,162,28.0887,28.3954,28.23875,0.5585185,0.55235225,0.8128592,0.10175,380
HFP_vs_EI,162,28.396,28.7037,28.5387,0.5542747,0.55134267,0.85595614,0.10838448,377
HFP_vs_EI,162,28.705,29.0126,28.855,0.5608332,0.555773,0.8184468,0.099286795,338
HFP_vs_EI,162,29.0132,29.3213,29.1653,0.5560338,0.55247205,0.8272469,0.09982523,323
HFP_vs_EI,162,29.3217,29.6281,29.4748,0.5526954,0.5457022,0.8165309,0.0967483,308
HFP_vs_EI,162,29.6317,29.9381,29.77665,0.5447732,0.53618914,0.8288,0.09937814,312
HFP_vs_EI,162,29.9394,30.2471,30.0924,0.54919714,0.54452837,0.9081899,0.09929603,319
HFP_vs_EI,162,30.248,30.5553,30.3942,0.54894507,0.5417505,0.87574863,0.11034449,294
HFP_vs_EI,162,30.5574,30.8646,30.6994,0.5604767,0.558418,0.7963856,0.094805345,277
HFP_vs_EI,162,30.866,31.1731,31.00555,0.54966277,0.5469229,0.8075001,0.09664789,242
HFP_vs_EI,162,31.1769,31.4821,31.32215,0.54387605,0.5373587,0.83045167,0.11174749,210
HFP_vs_EI,162,31.4822,31.7907,31.6433,0.53806996,0.5292605,0.8402796,0.10613777,219
HFP_vs_EI,162,31.7951,32.0979,31.9352,0.5548479,0.54350835,0.80030763,0.09784698,208
HFP_vs_EI,162,32.0994,32.4079,32.231003,0.54170823,0.5388473,0.823953,0.09551832,224
HFP_vs_EI,162,32.4094,32.7121,32.5565,0.5430683,0.5440029,0.8164872,0.106768586,201
HFP_vs_EI,162,32.7187,33.0246,32.857,0.5543249,0.53996897,0.78226644,0.09485413,167
HFP_vs_EI,162,33.0255,33.3324,33.1845,0.5563593,0.55483973,0.7942703,0.096628204,207
HFP_vs_EI,162,33.3355,33.6402,33.482597,0.5422306,0.5387492,0.74124867,0.10229194,172
HFP_vs_EI,162,33.6426,33.9484,33.8096,0.5442028,0.54679203,0.86859185,0.1083866,189
HFP_vs_EI,162,33.9527,34.2537,34.0825,0.5420339,0.5378175,0.82340485,0.11239482,176
HFP_vs_EI,162,34.2614,34.5645,34.41725,0.53301084,0.53447515,0.8774771,0.105070114,144
HFP_vs_EI,162,34.5686,34.8769,34.74125,0.5374007,0.5384459,0.7400858,0.10473625,142
HFP_vs_EI,162,34.8777,35.1852,35.0346,0.5535657,0.5391606,0.79769534,0.10851656,145
HFP_vs_EI,162,35.1857,35.4918,35.3567,0.5503416,0.5442987,0.9074826,0.10775752,145
HFP_vs_EI,162,35.496,35.7988,35.6243,0.53738207,0.5372561,0.7699688,0.09159889,137
HFP_vs_EI,162,35.8132,36.1083,35.9735,0.5692091,0.5568937,0.8037625,0.110280015,125
HFP_vs_EI,162,36.1149,36.4187,36.24955,0.5478002,0.5421605,0.76048905,0.10367844,150
HFP_vs_EI,162,36.4223,36.7271,36.57305,0.5232411,0.5305526,0.81556576,0.10615216,110
HFP_vs_EI,162,36.731,37.0366,36.9018,0.5432689,0.5361474,0.7490955,0.10320846,115
HFP_vs_EI,162,37.0403,37.3444,37.189148,0.5447993,0.5358177,0.8299658,0.11022807,106
HFP_vs_EI,162,37.3499,37.6523,37.496048,0.5506984,0.5521627,0.81848055,0.107451364,106
HFP_vs_EI,162,37.6554,37.9599,37.7975,0.5521585,0.546775,0.78473693,0.105741,103
HFP_vs_EI,162,37.9642,38.2695,38.1114,0.53061867,0.53453964,0.8085247,0.0934803,125
HFP_vs_EI,162,38.2725,38.5803,38.4435,0.5432655,0.5384463,0.8710813,0.118868016,103
HFP_vs_EI,162,38.5878,38.8886,38.7471,0.53536683,0.53966224,0.7911416,0.09674116,78
HFP_vs_EI,162,38.8896,39.1965,39.05755,0.5470599,0.5314505,0.8181709,0.11493309,90
HFP_vs_EI,162,39.2007,39.5062,39.34635,0.5252433,0.53352004,0.742075,0.10834932,72
HFP_vs_EI,162,39.5151,39.8004,39.6649,0.5266756,0.5224105,0.8058859,0.0935057,80
HFP_vs_EI,162,39.8165,40.1234,39.9535,0.52657807,0.5323435,0.75165176,0.110260464,72
HFP_vs_EI,162,40.124,40.4249,40.2655,0.5420338,0.5511948,0.77646405,0.11819211,77
HFP_vs_EI,162,40.4356,40.7383,40.59485,0.52663875,0.526115,0.75818247,0.105410784,66
HFP_vs_EI,162,40.7422,41.0484,40.915253,0.5642301,0.5440615,0.7463476,0.11844428,62
HFP_vs_EI,162,41.051,41.3478,41.2137,0.5370557,0.5387705,0.75208527,0.09604389,65
HFP_vs_EI,162,41.3601,41.6655,41.501152,0.533015,0.5309936,0.7153671,0.092567965,64
HFP_vs_EI,162,41.6735,41.9721,41.83265,0.524891,0.52188283,0.7820241,0.10171497,64
HFP_vs_EI,162,41.9798,42.279,42.1295,0.5531372,0.5436211,0.79486966,0.10354125,56
HFP_vs_EI,162,42.2843,42.5775,42.42,0.54058427,0.5278324,0.7975366,0.12544413,53
HFP_vs_EI,162,43.5216,43.8262,43.6685,0.53759384,0.5313652,0.74385905,0.11134838,51
HFP_vs_EI,162,44.7611,45.0458,44.8909,0.51727825,0.5207117,0.7282189,0.09436276,59
HFP_vs_EI,162,49.7003,50,50,0.5329247,0.53365755,0.7028354,0.107397266,102
HFP_vs_SI,162,0.0016991,0.310323,0.0535917,0.5447422,0.53495574,0.92979604,0.083621226,23668
HFP_vs_SI,162,0.310333,0.618949,0.4102635,0.5150292,0.50503314,0.8505354,0.08786391,20682
HFP_vs_SI,162,0.618968,0.927582,0.7841625,0.5063541,0.4982881,0.80636907,0.08626171,9688
HFP_vs_SI,162,0.927625,1.23619,1.040055,0.5056491,0.4979968,0.75043786,0.083846405,5704
HFP_vs_SI,162,1.23628,1.54476,1.411255,0.5069115,0.50177246,0.82628727,0.08259055,5124
HFP_vs_SI,162,1.54486,1.85346,1.712765,0.5067363,0.5024341,0.78198737,0.07891928,7668
HFP_vs_SI,162,1.85355,2.16211,1.979825,0.50488496,0.50087774,0.763395,0.08082279,4764
HFP_vs_SI,162,2.16222,2.4707,2.306855,0.51028347,0.5103157,0.78677136,0.08250156,2888
HFP_vs_SI,162,2.47083,2.77938,2.66082,0.51947695,0.5147645,0.7884747,0.087536186,2841
HFP_vs_SI,162,2.77944,3.08791,2.902595,0.506647,0.50376815,0.849814,0.07929869,5642
HFP_vs_SI,162,3.08802,3.39662,3.23205,0.5116008,0.5086919,0.81846863,0.0877971,3067
HFP_vs_SI,162,3.39665,3.7051,3.54523,0.51753116,0.5170072,0.85701007,0.08683391,2309
HFP_vs_SI,162,3.7053,4.01389,3.86738,0.523227,0.5199985,0.80729765,0.08646607,2147
HFP_vs_SI,162,4.01403,4.32254,4.13868,0.50226927,0.49991113,0.85481733,0.07541815,15027
HFP_vs_SI,162,4.32255,4.63114,4.45953,0.50696516,0.50560975,0.8186553,0.077844724,7745
HFP_vs_SI,162,4.63126,4.93971,4.77901,0.51485646,0.51458186,0.86684245,0.079018794,5449
HFP_vs_SI,162,4.94,5.24843,5.0897,0.52100587,0.5216866,0.84953046,0.08436964,4533
HFP_vs_SI,162,5.24865,5.55703,5.39882,0.52347493,0.5234408,0.86359334,0.08675151,3879
HFP_vs_SI,162,5.55711,5.86561,5.701765,0.5273235,0.5272832,0.8187738,0.08708245,3442
HFP_vs_SI,162,5.8659,6.17406,6.01157,0.5302469,0.5277104,0.82899874,0.08637382,2919
HFP_vs_SI,162,6.17473,6.48294,6.32272,0.52647686,0.5252947,0.8633645,0.09115133,2497
HFP_vs_SI,162,6.48314,6.79128,6.63395,0.52620125,0.5216577,0.8665624,0.09121143,2221
HFP_vs_SI,162,6.79179,7.10005,6.94117,0.525802,0.5224815,0.8046919,0.088449925,1985
HFP_vs_SI,162,7.10034,7.40861,7.2474604,0.52417094,0.51987195,0.81830233,0.091384396,1686
HFP_vs_SI,162,7.4089,7.71748,7.56099,0.5263603,0.5258924,0.8205856,0.08967001,1535
HFP_vs_SI,162,7.71815,8.0261,7.9258947,0.5226967,0.5177552,1,0.088348515,1840
HFP_vs_SI,162,8.02613,8.33474,8.15372,0.5014444,0.500001,0.8797697,0.07108825,14907
HFP_vs_SI,162,8.33481,8.64336,8.4736,0.50473416,0.5060238,0.824661,0.07585959,8186
HFP_vs_SI,162,8.64339,8.952,8.793495,0.5162381,0.5200041,0.84996706,0.08028522,6362
HFP_vs_SI,162,8.95212,9.26064,9.1023445,0.5251962,0.52776664,0.85641855,0.08325438,5514
HFP_vs_SI,162,9.26066,9.56927,9.41814,0.5283761,0.5304058,0.854569,0.085052386,4977
HFP_vs_SI,162,9.56929,9.87786,9.72435,0.5288833,0.5324028,0.8732696,0.08584852,4861
HFP_vs_SI,162,9.87798,10.1865,10.0298,0.53140235,0.5331311,0.8446506,0.086505495,4569
HFP_vs_SI,162,10.1866,10.4951,10.336,0.531635,0.53137785,0.85579056,0.0885306,4309
HFP_vs_SI,162,10.4953,10.8038,10.64385,0.5289116,0.52971745,0.81189156,0.08593432,4076
HFP_vs_SI,162,10.8039,11.1124,10.9537,0.5329018,0.53103685,0.86076415,0.08717159,3958
HFP_vs_SI,162,11.1125,11.421,11.2672,0.52846307,0.5274825,0.83758,0.08554663,3523
HFP_vs_SI,162,11.4211,11.7296,11.57695,0.5269768,0.5260168,0.792644,0.08407482,3264
HFP_vs_SI,162,11.7297,12.0383,11.8763,0.5268819,0.52761394,0.8724422,0.08771085,3081
HFP_vs_SI,162,12.0384,12.3469,12.1915,0.5269419,0.5259823,0.8040181,0.08599791,3375
HFP_vs_SI,162,12.347,12.6553,12.50205,0.5282924,0.52719015,0.8320127,0.089490354,2952
HFP_vs_SI,162,12.6556,12.9641,12.8172,0.52796644,0.5256788,0.79015356,0.087107494,2753
HFP_vs_SI,162,12.9644,13.2728,13.1099,0.5294453,0.52637666,0.8050023,0.08553131,2626
HFP_vs_SI,162,13.273,13.5812,13.4274,0.5283093,0.5277482,0.9531636,0.086323686,2451
HFP_vs_SI,162,13.5815,13.8901,13.7324,0.52633923,0.5253895,0.840682,0.08994661,2275
HFP_vs_SI,162,13.8902,14.1987,14.03985,0.5257931,0.525903,0.80305743,0.08339925,2048
HFP_vs_SI,162,14.1989,14.5073,14.3461,0.523158,0.520675,0.9262519,0.088737294,1943
HFP_vs_SI,162,14.5074,14.8158,14.6569,0.5281567,0.52638394,0.805021,0.08537166,1903
HFP_vs_SI,162,14.8163,15.1246,14.9699,0.52170277,0.5199075,0.826213,0.086224586,1809
HFP_vs_SI,162,15.125,15.4331,15.2791,0.52076334,0.5209734,0.79530585,0.0894375,1815
HFP_vs_SI,162,15.4334,15.7419,15.58255,0.5247439,0.5249904,0.8203696,0.08677625,1788
HFP_vs_SI,162,15.7421,16.0502,15.8989,0.529293,0.5253174,0.763959,0.08743096,1737
HFP_vs_SI,162,16.0508,16.3591,16.20315,0.5234983,0.5221308,0.8085723,0.08793083,2018
HFP_vs_SI,162,16.3593,16.6677,16.516201,0.5253802,0.5245566,0.8157925,0.086108014,2022
HFP_vs_SI,162,16.6679,16.9764,16.8233,0.5238831,0.5231312,0.8941857,0.09038551,1986
HFP_vs_SI,162,16.9765,17.285,17.1349,0.52399457,0.52437985,0.849105,0.08930354,1963
HFP_vs_SI,162,17.2851,17.5936,17.4391,0.52410394,0.52073115,0.80897486,0.09209645,1859
HFP_vs_SI,162,17.5941,17.902,17.74675,0.52204126,0.52058345,0.89053804,0.08862305,1800
HFP_vs_SI,162,17.9026,18.2109,18.0501,0.5280882,0.5235986,0.81268674,0.092530616,1704
HFP_vs_SI,162,18.211,18.5195,18.3622,0.5236778,0.51964265,0.79092693,0.08931235,1645
HFP_vs_SI,162,18.5197,18.8282,18.6669,0.51984096,0.51878417,0.8266364,0.08766942,1609
HFP_vs_SI,162,18.8284,19.1365,18.9814,0.5172058,0.5137294,0.82565075,0.09131712,1431
HFP_vs_SI,162,19.1371,19.4453,19.2907,0.51699126,0.51626253,0.7637258,0.08855991,1481
HFP_vs_SI,162,19.4457,19.7539,19.59975,0.51659656,0.51420176,0.7837047,0.08956706,1362
HFP_vs_SI,162,19.7546,20.0618,19.9046,0.52057016,0.51764977,0.75164443,0.089135535,1248
HFP_vs_SI,162,20.063,20.3704,20.2255,0.5199225,0.5139625,0.8131073,0.09096316,1277
HFP_vs_SI,162,20.3714,20.6792,20.51635,0.5214208,0.51577985,0.7867558,0.093564436,1190
HFP_vs_SI,162,20.6803,20.9885,20.8309,0.51430887,0.50845236,0.8622374,0.09008461,1125
HFP_vs_SI,162,20.9892,21.2971,21.13325,0.5214155,0.5188245,0.75510144,0.090221,1044
HFP_vs_SI,162,21.2977,21.6057,21.4522,0.5186936,0.51589453,0.75764817,0.088909924,971
HFP_vs_SI,162,21.6066,21.9144,21.7527,0.5170231,0.5141793,0.7882173,0.08783767,948
HFP_vs_SI,162,21.9158,22.2213,22.0606,0.5198729,0.5163469,0.7723961,0.092584275,896
HFP_vs_SI,162,22.2232,22.5314,22.3665,0.51796985,0.5140302,0.81696063,0.09109469,887
HFP_vs_SI,162,22.5322,22.8404,22.69055,0.5199199,0.5166429,0.7946376,0.09040672,812
HFP_vs_SI,162,22.8407,23.1489,22.9925,0.5195724,0.51519775,0.8098263,0.09015592,765
HFP_vs_SI,162,23.1493,23.4573,23.3057,0.5163276,0.5137425,0.8248278,0.090988785,747
HFP_vs_SI,162,23.4578,23.7658,23.6222,0.52485454,0.51883334,0.8054183,0.08907888,745
HFP_vs_SI,162,23.7667,24.0749,23.921,0.51475334,0.51418185,0.7675019,0.090781406,729
HFP_vs_SI,162,24.0751,24.383,24.2229,0.51695496,0.51064855,0.7575793,0.09001601,672
HFP_vs_SI,162,24.3838,24.6921,24.5337,0.5140646,0.50659186,0.90499216,0.091630735,645
HFP_vs_SI,162,24.6923,25.0001,24.82835,0.51006675,0.5112006,0.7976252,0.09914839,624
HFP_vs_SI,162,25.0014,25.3094,25.1519,0.5216125,0.5146536,0.7718894,0.09879004,601
HFP_vs_SI,162,25.3099,25.6181,25.4636,0.50385183,0.5074343,0.8098185,0.092797026,603
HFP_vs_SI,162,25.6183,25.9264,25.7793,0.51252425,0.5078099,0.91979307,0.09695089,536
HFP_vs_SI,162,25.9276,26.2342,26.08945,0.5130767,0.5097268,0.7463046,0.0888011,510
HFP_vs_SI,162,26.2355,26.544,26.3933,0.510889,0.5089415,0.8066975,0.09352454,505
HFP_vs_SI,162,26.5445,26.8519,26.70545,0.51312053,0.51072526,0.7916575,0.09683894,476
HFP_vs_SI,162,26.8534,27.1607,27.01125,0.51642406,0.5097717,0.7618046,0.09290309,460
HFP_vs_SI,162,27.1621,27.4694,27.3226,0.49892884,0.498933,0.7878209,0.09496217,442
HFP_vs_SI,162,27.4706,27.7785,27.6427,0.51482403,0.51092285,0.7987843,0.08869987,414
HFP_vs_SI,162,27.7796,28.086,27.9234,0.5106837,0.50750333,0.73921454,0.09255678,391
HFP_vs_SI,162,28.0887,28.3954,28.23875,0.5148977,0.509407,0.72905535,0.09377027,380
HFP_vs_SI,162,28.396,28.7037,28.5387,0.5139969,0.5094177,0.7969444,0.10152298,377
HFP_vs_SI,162,28.705,29.0126,28.855,0.5193968,0.51277524,0.72886664,0.09250925,338
HFP_vs_SI,162,29.0132,29.3213,29.1653,0.5094226,0.5109394,0.755381,0.09314191,323
HFP_vs_SI,162,29.3217,29.6281,29.4748,0.5092169,0.50546473,0.75459033,0.090740934,308
HFP_vs_SI,162,29.6317,29.9381,29.77665,0.50407666,0.4947618,0.73557436,0.092511825,312
HFP_vs_SI,162,29.9394,30.2471,30.0924,0.50928557,0.5035532,0.8118173,0.09177231,319
HFP_vs_SI,162,30.248,30.5553,30.3942,0.5066835,0.5005166,0.81695163,0.10136849,294
HFP_vs_SI,162,30.5574,30.8646,30.6994,0.5157735,0.51576793,0.7257175,0.08818744,277
HFP_vs_SI,162,30.866,31.1731,31.00555,0.50750077,0.50530726,0.7245458,0.09026017,242
HFP_vs_SI,162,31.1769,31.4821,31.32215,0.49950463,0.49714193,0.7904729,0.10490318,210
HFP_vs_SI,162,31.4822,31.7907,31.6433,0.5002616,0.49134272,0.75130457,0.09860057,219
HFP_vs_SI,162,31.7951,32.0979,31.9352,0.51019526,0.5019247,0.69708854,0.09067065,208
HFP_vs_SI,162,32.0994,32.4079,32.231003,0.500929,0.49993947,0.76931566,0.087223575,224
HFP_vs_SI,162,32.4094,32.7121,32.5565,0.508526,0.50337076,0.7410126,0.098821715,201
HFP_vs_SI,162,32.7187,33.0246,32.857,0.5072436,0.5002131,0.6875919,0.08771506,167
HFP_vs_SI,162,33.0255,33.3324,33.1845,0.5154549,0.5128667,0.75334215,0.088965684,207
HFP_vs_SI,162,33.3355,33.6402,33.482597,0.5027515,0.4983585,0.68929595,0.0948643,172
HFP_vs_SI,162,33.6426,33.9484,33.8096,0.50568575,0.50458735,0.8181248,0.10170939,189
HFP_vs_SI,162,33.9527,34.2537,34.0825,0.50030625,0.4974862,0.74999106,0.1048904,176
HFP_vs_SI,162,34.2614,34.5645,34.41725,0.4913699,0.49366727,0.817512,0.09728293,144
HFP_vs_SI,162,34.5686,34.8769,34.74125,0.49672222,0.49780917,0.67202026,0.09920647,142
HFP_vs_SI,162,34.8777,35.1852,35.0346,0.51442534,0.5014033,0.7548188,0.102962814,145
HFP_vs_SI,162,35.1857,35.4918,35.3567,0.50344217,0.500248,0.8350389,0.09805826,145
HFP_vs_SI,162,35.496,35.7988,35.6243,0.4902781,0.4968072,0.7249178,0.08715169,137
HFP_vs_SI,162,35.8132,36.1083,35.9735,0.52973855,0.5156593,0.72898144,0.10290164,125
HFP_vs_SI,162,36.1149,36.4187,36.24955,0.50530195,0.50329727,0.6825483,0.09485144,150
HFP_vs_SI,162,36.4223,36.7271,36.57305,0.4882015,0.4879022,0.73796624,0.09801684,110
HFP_vs_SI,162,36.731,37.0366,36.9018,0.49909955,0.49527422,0.664555,0.093028106,115
HFP_vs_SI,162,37.0403,37.3444,37.189148,0.50413406,0.49688563,0.7488243,0.102334075,106
HFP_vs_SI,162,37.3499,37.6523,37.496048,0.5123681,0.5114189,0.7493486,0.10058099,106
HFP_vs_SI,162,37.6554,37.9599,37.7975,0.52452433,0.5066659,0.74460614,0.10025506,103
HFP_vs_SI,162,37.9642,38.2695,38.1114,0.4939494,0.49682784,0.70081586,0.08590141,125
HFP_vs_SI,162,38.2725,38.5803,38.4435,0.51044095,0.49934492,0.76748675,0.11002181,103
HFP_vs_SI,162,38.5878,38.8886,38.7471,0.4982351,0.4997863,0.688466,0.08835422,78
HFP_vs_SI,162,38.8896,39.1965,39.05755,0.5143548,0.49206194,0.75412595,0.10598869,90
HFP_vs_SI,162,39.2007,39.5062,39.34635,0.4844978,0.4935433,0.70548177,0.102753215,72
HFP_vs_SI,162,39.5151,39.8004,39.6649,0.48485106,0.48189455,0.73871493,0.08648124,80
HFP_vs_SI,162,39.8165,40.1234,39.9535,0.4873808,0.4929605,0.6658132,0.09947384,72
HFP_vs_SI,162,40.124,40.4249,40.2655,0.52733475,0.5076818,0.71599513,0.111193515,77
HFP_vs_SI,162,40.4356,40.7383,40.59485,0.4882662,0.48591867,0.72078377,0.09809104,66
HFP_vs_SI,162,40.7422,41.0484,40.915253,0.5350778,0.5056006,0.6881191,0.108595714,62
HFP_vs_SI,162,41.051,41.3478,41.2137,0.50114185,0.5007764,0.6762891,0.08962767,65
HFP_vs_SI,162,41.3601,41.6655,41.501152,0.50097734,0.49017113,0.6690674,0.08823976,64
HFP_vs_SI,162,41.6735,41.9721,41.83265,0.48666316,0.4827575,0.72689945,0.09707819,64
HFP_vs_SI,162,41.9798,42.279,42.1295,0.51973236,0.50629085,0.7107309,0.093325146,56
HFP_vs_SI,162,42.2843,42.5775,42.42,0.49843642,0.4855247,0.74022365,0.11787048,53
HFP_vs_SI,162,43.5216,43.8262,43.6685,0.5038328,0.48828384,0.6782829,0.10202624,51
HFP_vs_SI,162,44.7611,45.0458,44.8909,0.4822321,0.48010343,0.6736886,0.088051446,59
HFP_vs_SI,162,49.7003,50,50,0.5066513,0.4960675,0.66793627,0.100601785,102
HFP_vs_RI,162,0.0016991,0.310323,0.0535917,0.68793416,0.68871,0.98037297,0.0755394,23668
HFP_vs_RI,162,0.310333,0.618949,0.4102635,0.653243,0.6504537,1.0000005,0.08766322,20682
HFP_vs_RI,162,0.618968,0.927582,0.7841625,0.6364318,0.62300146,0.9223495,0.109880894,9688
HFP_vs_RI,162,0.927625,1.23619,1.040055,0.61411697,0.59279805,0.95659304,0.12138648,5704
HFP_vs_RI,162,1.23628,1.54476,1.411255,0.62082493,0.5997161,0.936482,0.124615274,5124
HFP_vs_RI,162,1.54486,1.85346,1.712765,0.62676287,0.6067718,0.93358696,0.11664798,7668
HFP_vs_RI,162,1.85355,2.16211,1.979825,0.58989227,0.5662144,0.9274206,0.12822078,4764
HFP_vs_RI,162,2.16222,2.4707,2.306855,0.5447415,0.52913934,0.8727548,0.13897736,2888
HFP_vs_RI,162,2.47083,2.77938,2.66082,0.5634229,0.5445564,0.93070936,0.15164825,2841
HFP_vs_RI,162,2.77944,3.08791,2.902595,0.6114708,0.5820079,0.9544119,0.12799422,5642
HFP_vs_RI,162,3.08802,3.39662,3.23205,0.543702,0.5304607,0.86906874,0.13451934,3067
HFP_vs_RI,162,3.39665,3.7051,3.54523,0.5208708,0.51015145,0.9225684,0.136098,2309
HFP_vs_RI,162,3.7053,4.01389,3.86738,0.52083546,0.5182422,0.91597235,0.14300883,2147
HFP_vs_RI,162,4.01403,4.32254,4.13868,0.63277704,0.6114879,0.9348737,0.110224105,15027
HFP_vs_RI,162,4.32255,4.63114,4.45953,0.5693882,0.549188,0.9482898,0.12920539,7745
HFP_vs_RI,162,4.63126,4.93971,4.77901,0.53774625,0.52243215,0.9234552,0.13188715,5449
HFP_vs_RI,162,4.94,5.24843,5.0897,0.5155966,0.5034035,0.90148,0.13408472,4533
HFP_vs_RI,162,5.24865,5.55703,5.39882,0.49944353,0.49477705,0.8823229,0.13463737,3879
HFP_vs_RI,162,5.55711,5.86561,5.701765,0.4886114,0.4836866,0.88510513,0.13316292,3442
HFP_vs_RI,162,5.8659,6.17406,6.01157,0.47398853,0.47399247,0.91620374,0.1357174,2919
HFP_vs_RI,162,6.17473,6.48294,6.32272,0.4724262,0.47543195,0.95770156,0.13812922,2497
HFP_vs_RI,162,6.48314,6.79128,6.63395,0.47971416,0.47795904,0.91631615,0.13480681,2221
HFP_vs_RI,162,6.79179,7.10005,6.94117,0.4744004,0.47462866,0.83478194,0.13520464,1985
HFP_vs_RI,162,7.10034,7.40861,7.2474604,0.47333717,0.4739132,0.99154615,0.13896848,1686
HFP_vs_RI,162,7.4089,7.71748,7.56099,0.47783914,0.47534105,0.82373434,0.13738073,1535
HFP_vs_RI,162,7.71815,8.0261,7.9258947,0.5433413,0.5320479,0.9182757,0.16005439,1840
HFP_vs_RI,162,8.02613,8.33474,8.15372,0.6340501,0.61024714,0.90994084,0.10868917,14907
HFP_vs_RI,162,8.33481,8.64336,8.4736,0.58448935,0.5547919,0.91260606,0.12909879,8186
HFP_vs_RI,162,8.64339,8.952,8.793495,0.536602,0.51549083,0.8667805,0.13600232,6362
HFP_vs_RI,162,8.95212,9.26064,9.1023445,0.51541656,0.50016034,0.8489737,0.13643178,5514
HFP_vs_RI,162,9.26066,9.56927,9.41814,0.49253827,0.48339853,0.85726,0.13409825,4977
HFP_vs_RI,162,9.56929,9.87786,9.72435,0.48013264,0.47625062,0.8544148,0.13296296,4861
HFP_vs_RI,162,9.87798,10.1865,10.0298,0.47047886,0.46638933,0.8505063,0.13414408,4569
HFP_vs_RI,162,10.1866,10.4951,10.336,0.45595384,0.46025434,0.8526128,0.13276052,4309
HFP_vs_RI,162,10.4953,10.8038,10.64385,0.46209842,0.46292102,0.8175765,0.13174428,4076
HFP_vs_RI,162,10.8039,11.1124,10.9537,0.45491657,0.45644933,0.87111276,0.13404502,3958
HFP_vs_RI,162,11.1125,11.421,11.2672,0.44944298,0.45441055,0.8569188,0.13423042,3523
HFP_vs_RI,162,11.4211,11.7296,11.57695,0.45245278,0.4585238,0.93760127,0.13562162,3264
HFP_vs_RI,162,11.7297,12.0383,11.8763,0.45136362,0.45631424,0.8582807,0.13223964,3081
HFP_vs_RI,162,12.0384,12.3469,12.1915,0.4662349,0.47113705,0.88881975,0.1392999,3375
HFP_vs_RI,162,12.347,12.6553,12.50205,0.4411319,0.45502937,0.82763016,0.13330895,2952
HFP_vs_RI,162,12.6556,12.9641,12.8172,0.44645423,0.45355946,0.86562866,0.13597398,2753
HFP_vs_RI,162,12.9644,13.2728,13.1099,0.45171714,0.45656323,0.838713,0.13520315,2626
HFP_vs_RI,162,13.273,13.5812,13.4274,0.43755266,0.44746968,0.841073,0.134285,2451
HFP_vs_RI,162,13.5815,13.8901,13.7324,0.44575673,0.45195228,0.894329,0.1382819,2275
HFP_vs_RI,162,13.8902,14.1987,14.03985,0.44266224,0.44960877,0.870567,0.13444203,2048
HFP_vs_RI,162,14.1989,14.5073,14.3461,0.44353405,0.44878408,0.8416509,0.1381028,1943
HFP_vs_RI,162,14.5074,14.8158,14.6569,0.4362896,0.44630355,0.8383273,0.13671632,1903
HFP_vs_RI,162,14.8163,15.1246,14.9699,0.44359246,0.44928485,0.8685848,0.13775587,1809
HFP_vs_RI,162,15.125,15.4331,15.2791,0.43942046,0.4503617,0.8807696,0.13629673,1815
HFP_vs_RI,162,15.4334,15.7419,15.58255,0.43936288,0.44376627,0.8597471,0.12919289,1788
HFP_vs_RI,162,15.7421,16.0502,15.8989,0.4449373,0.448948,0.8722252,0.13392293,1737
HFP_vs_RI,162,16.0508,16.3591,16.20315,0.45100278,0.45702955,0.8537034,0.13889703,2018
HFP_vs_RI,162,16.3593,16.6677,16.516201,0.4377746,0.44739085,0.8705295,0.13307853,2022
HFP_vs_RI,162,16.6679,16.9764,16.8233,0.43321043,0.4393722,0.82170695,0.13220686,1986
HFP_vs_RI,162,16.9765,17.285,17.1349,0.42349333,0.4349763,0.83750707,0.13001718,1963
HFP_vs_RI,162,17.2851,17.5936,17.4391,0.41879827,0.42840615,0.7954318,0.13182308,1859
HFP_vs_RI,162,17.5941,17.902,17.74675,0.4204686,0.43268296,0.8071961,0.13266338,1800
HFP_vs_RI,162,17.9026,18.2109,18.0501,0.4229591,0.43323523,0.8387587,0.13146378,1704
HFP_vs_RI,162,18.211,18.5195,18.3622,0.4246577,0.435541,0.9569734,0.12918548,1645
HFP_vs_RI,162,18.5197,18.8282,18.6669,0.42148548,0.43170667,0.8215375,0.13164224,1609
HFP_vs_RI,162,18.8284,19.1365,18.9814,0.42433318,0.43337956,0.86007226,0.13284436,1431
HFP_vs_RI,162,19.1371,19.4453,19.2907,0.41409382,0.42793825,0.8146951,0.12920478,1481
HFP_vs_RI,162,19.4457,19.7539,19.59975,0.42117307,0.42713302,0.8369589,0.12611294,1362
HFP_vs_RI,162,19.7546,20.0618,19.9046,0.41166124,0.4283619,0.8018887,0.13246568,1248
HFP_vs_RI,162,20.063,20.3704,20.2255,0.4133581,0.4258871,0.8286016,0.13120702,1277
HFP_vs_RI,162,20.3714,20.6792,20.51635,0.41420543,0.42822057,0.8773895,0.12789416,1190
HFP_vs_RI,162,20.6803,20.9885,20.8309,0.40830526,0.42171547,0.8365934,0.12760586,1125
HFP_vs_RI,162,20.9892,21.2971,21.13325,0.41829902,0.4244829,0.8104328,0.12766403,1044
HFP_vs_RI,162,21.2977,21.6057,21.4522,0.41694483,0.42949176,0.84284395,0.12951171,971
HFP_vs_RI,162,21.6066,21.9144,21.7527,0.41502208,0.4226716,0.79171,0.13211837,948
HFP_vs_RI,162,21.9158,22.2213,22.0606,0.41896793,0.42978677,0.79746133,0.12746674,896
HFP_vs_RI,162,22.2232,22.5314,22.3665,0.415819,0.42394343,0.7960013,0.11960654,887
HFP_vs_RI,162,22.5322,22.8404,22.69055,0.40687227,0.4217997,0.7824323,0.119731486,812
HFP_vs_RI,162,22.8407,23.1489,22.9925,0.4066878,0.41717875,0.78770775,0.12064258,765
HFP_vs_RI,162,23.1493,23.4573,23.3057,0.407037,0.41838038,0.72621703,0.11974721,747
HFP_vs_RI,162,23.4578,23.7658,23.6222,0.40503663,0.42228103,0.7689275,0.12224605,745
HFP_vs_RI,162,23.7667,24.0749,23.921,0.4183217,0.42684802,0.9103247,0.11879422,729
HFP_vs_RI,162,24.0751,24.383,24.2229,0.40947247,0.42108327,0.8091666,0.11580576,672
HFP_vs_RI,162,24.3838,24.6921,24.5337,0.42390546,0.4209748,0.7861913,0.12280822,645
HFP_vs_RI,162,24.6923,25.0001,24.82835,0.4115731,0.41885835,0.8081278,0.113782614,624
HFP_vs_RI,162,25.0014,25.3094,25.1519,0.40916723,0.41962394,0.91115594,0.12324058,601
HFP_vs_RI,162,25.3099,25.6181,25.4636,0.41007748,0.41906735,0.7707663,0.11963689,603
HFP_vs_RI,162,25.6183,25.9264,25.7793,0.4037159,0.41179955,0.7631713,0.11488746,536
HFP_vs_RI,162,25.9276,26.2342,26.08945,0.41101965,0.42191768,0.7772191,0.1261197,510
HFP_vs_RI,162,26.2355,26.544,26.3933,0.40625986,0.41189495,0.7655498,0.12247138,505
HFP_vs_RI,162,26.5445,26.8519,26.70545,0.414119,0.41981494,0.81065327,0.12335304,476
HFP_vs_RI,162,26.8534,27.1607,27.01125,0.41511852,0.42667058,0.73792315,0.123034656,460
HFP_vs_RI,162,27.1621,27.4694,27.3226,0.41778153,0.42516968,0.73669696,0.12214859,442
HFP_vs_RI,162,27.4706,27.7785,27.6427,0.41610408,0.42320055,0.73975265,0.12077851,414
HFP_vs_RI,162,27.7796,28.086,27.9234,0.4070685,0.42163342,0.7460979,0.11872902,391
HFP_vs_RI,162,28.0887,28.3954,28.23875,0.40965682,0.415336,0.75090337,0.11745133,380
HFP_vs_RI,162,28.396,28.7037,28.5387,0.41318727,0.4160551,0.7712987,0.118012704,377
HFP_vs_RI,162,28.705,29.0126,28.855,0.3960673,0.4145315,0.7920726,0.11437604,338
HFP_vs_RI,162,29.0132,29.3213,29.1653,0.41419637,0.4268857,0.8391394,0.11954327,323
HFP_vs_RI,162,29.3217,29.6281,29.4748,0.4090007,0.42003325,0.72643733,0.11767947,308
HFP_vs_RI,162,29.6317,29.9381,29.77665,0.41070727,0.4156539,0.77296,0.117432594,312
HFP_vs_RI,162,29.9394,30.2471,30.0924,0.4280284,0.4297197,0.7542431,0.11871848,319
HFP_vs_RI,162,30.248,30.5553,30.3942,0.41611826,0.41819823,0.7065457,0.115504384,294
HFP_vs_RI,162,30.5574,30.8646,30.6994,0.40733856,0.42313886,0.9217833,0.11848044,277
HFP_vs_RI,162,30.866,31.1731,31.00555,0.41581023,0.42329043,0.80622727,0.116641715,242
HFP_vs_RI,162,31.1769,31.4821,31.32215,0.42746693,0.42567742,0.8449805,0.12750514,210
HFP_vs_RI,162,31.4822,31.7907,31.6433,0.40872335,0.42368096,0.74372065,0.12190409,219
HFP_vs_RI,162,31.7951,32.0979,31.9352,0.39355597,0.4097921,0.7082605,0.10600893,208
HFP_vs_RI,162,32.0994,32.4079,32.231003,0.40961033,0.4147099,0.7428415,0.11307113,224
HFP_vs_RI,162,32.4094,32.7121,32.5565,0.40765882,0.40803635,0.73314047,0.114638835,201
HFP_vs_RI,162,32.7187,33.0246,32.857,0.40377447,0.41932273,0.6901001,0.1136173,167
HFP_vs_RI,162,33.0255,33.3324,33.1845,0.40544087,0.41918492,0.72739697,0.11770124,207
HFP_vs_RI,162,33.3355,33.6402,33.482597,0.42640197,0.42824507,0.73479265,0.110925786,172
HFP_vs_RI,162,33.6426,33.9484,33.8096,0.4189979,0.42702448,0.7344285,0.11224678,189
HFP_vs_RI,162,33.9527,34.2537,34.0825,0.40402722,0.40586612,0.6999525,0.11210179,176
HFP_vs_RI,162,34.2614,34.5645,34.41725,0.39711222,0.41340905,0.7248621,0.11911606,144
HFP_vs_RI,162,34.5686,34.8769,34.74125,0.40564406,0.41954464,0.7326955,0.11122333,142
HFP_vs_RI,162,34.8777,35.1852,35.0346,0.42775294,0.42570525,0.68287367,0.112099715,145
HFP_vs_RI,162,35.1857,35.4918,35.3567,0.41952848,0.41850263,0.6835182,0.109910116,145
HFP_vs_RI,162,35.496,35.7988,35.6243,0.397149,0.40332308,0.7079002,0.10541429,137
HFP_vs_RI,162,35.8132,36.1083,35.9735,0.41172576,0.41899192,0.7397382,0.12688488,125
HFP_vs_RI,162,36.1149,36.4187,36.24955,0.40614462,0.4184123,0.8591122,0.1165012,150
HFP_vs_RI,162,36.4223,36.7271,36.57305,0.4151519,0.42360193,0.7409752,0.10573906,110
HFP_vs_RI,162,36.731,37.0366,36.9018,0.41877165,0.41706836,0.6702721,0.10167167,115
HFP_vs_RI,162,37.0403,37.3444,37.189148,0.39723802,0.4106163,0.65848815,0.12134074,106
HFP_vs_RI,162,37.3499,37.6523,37.496048,0.40669715,0.4182171,0.7145979,0.10679304,106
HFP_vs_RI,162,37.6554,37.9599,37.7975,0.41234303,0.4226031,0.7267035,0.11509032,103
HFP_vs_RI,162,37.9642,38.2695,38.1114,0.43192998,0.41888794,0.78686464,0.11430554,125
HFP_vs_RI,162,38.2725,38.5803,38.4435,0.41905677,0.42875198,0.80182296,0.10902903,103
HFP_vs_RI,162,38.5878,38.8886,38.7471,0.41857898,0.4200186,0.6947506,0.10213991,78
HFP_vs_RI,162,38.8896,39.1965,39.05755,0.4156664,0.43432078,0.85476,0.1220653,90
HFP_vs_RI,162,39.2007,39.5062,39.34635,0.40174484,0.41795105,0.777316,0.11854753,72
HFP_vs_RI,162,39.5151,39.8004,39.6649,0.40262145,0.39718965,0.67048615,0.10393627,80
HFP_vs_RI,162,39.8165,40.1234,39.9535,0.44749057,0.44097987,0.768835,0.107318886,72
HFP_vs_RI,162,40.124,40.4249,40.2655,0.39104584,0.42052865,0.6678886,0.1105439,77
HFP_vs_RI,162,40.4356,40.7383,40.59485,0.38154233,0.39762887,0.65152806,0.108165435,66
HFP_vs_RI,162,40.7422,41.0484,40.915253,0.41275245,0.41247848,0.63307303,0.117567904,62
HFP_vs_RI,162,41.051,41.3478,41.2137,0.42382807,0.42727748,0.6744225,0.095745966,65
HFP_vs_RI,162,41.3601,41.6655,41.501152,0.41045997,0.4196805,0.675128,0.11656834,64
HFP_vs_RI,162,41.6735,41.9721,41.83265,0.41281915,0.42104572,0.6465916,0.11677842,64
HFP_vs_RI,162,41.9798,42.279,42.1295,0.41141534,0.41253155,0.6705483,0.10952822,56
HFP_vs_RI,162,42.2843,42.5775,42.42,0.39253876,0.40559474,0.62970173,0.09559467,53
HFP_vs_RI,162,43.5216,43.8262,43.6685,0.37962222,0.37823662,0.61199176,0.09521421,51
HFP_vs_RI,162,44.7611,45.0458,44.8909,0.42495963,0.42846686,0.66671175,0.09412486,59
HFP_vs_RI,162,49.7003,50,50,0.38666794,0.39715314,0.67987484,0.09311168,102
HFP_vs_VI,162,0.0016991,0.310323,0.0535917,0.42707092,0.41999033,0.74431473,0.06731049,23668
HFP_vs_VI,162,0.310333,0.618949,0.4102635,0.41032463,0.40281028,0.64993584,0.07039788,20682
HFP_vs_VI,162,0.618968,0.927582,0.7841625,0.40812021,0.40286458,0.6588518,0.07182529,9688
HFP_vs_VI,162,0.927625,1.23619,1.040055,0.4113583,0.40739506,0.6592814,0.07209204,5704
HFP_vs_VI,162,1.23628,1.54476,1.411255,0.4124386,0.4094698,0.670563,0.07050867,5124
HFP_vs_VI,162,1.54486,1.85346,1.712765,0.41103458,0.40905035,0.66356105,0.06737237,7668
HFP_vs_VI,162,1.85355,2.16211,1.979825,0.41530862,0.4143474,0.6653871,0.071568355,4764
HFP_vs_VI,162,2.16222,2.4707,2.306855,0.42486274,0.42800844,0.6968249,0.074257195,2888
HFP_vs_VI,162,2.47083,2.77938,2.66082,0.42991325,0.42960396,0.6857795,0.078305505,2841
HFP_vs_VI,162,2.77944,3.08791,2.902595,0.41427827,0.41477242,0.7427312,0.0697489,5642
HFP_vs_VI,162,3.08802,3.39662,3.23205,0.425267,0.42718196,0.724594,0.07997529,3067
HFP_vs_VI,162,3.39665,3.7051,3.54523,0.43538448,0.43748644,0.73658377,0.07841749,2309
HFP_vs_VI,162,3.7053,4.01389,3.86738,0.43783903,0.43895403,0.70463985,0.07814138,2147
HFP_vs_VI,162,4.01403,4.32254,4.13868,0.4069012,0.40700284,0.73161376,0.06462124,15027
HFP_vs_VI,162,4.32255,4.63114,4.45953,0.41875648,0.42158502,0.7068382,0.07027096,7745
HFP_vs_VI,162,4.63126,4.93971,4.77901,0.4289919,0.43346307,0.7650786,0.07232121,5449
HFP_vs_VI,162,4.94,5.24843,5.0897,0.43821135,0.44283435,0.72983634,0.07683883,4533
HFP_vs_VI,162,5.24865,5.55703,5.39882,0.44028285,0.44571075,0.7636485,0.07868111,3879
HFP_vs_VI,162,5.55711,5.86561,5.701765,0.44729638,0.451139,0.7112213,0.07902473,3442
HFP_vs_VI,162,5.8659,6.17406,6.01157,0.45199224,0.45300108,0.7167913,0.07815596,2919
HFP_vs_VI,162,6.17473,6.48294,6.32272,0.4495043,0.45147106,0.7580721,0.08246575,2497
HFP_vs_VI,162,6.48314,6.79128,6.63395,0.4482134,0.44873253,0.7500304,0.08293992,2221
HFP_vs_VI,162,6.79179,7.10005,6.94117,0.44855094,0.44995052,0.72764283,0.08056837,1985
HFP_vs_VI,162,7.10034,7.40861,7.2474604,0.44876575,0.44851047,0.70047057,0.08304271,1686
HFP_vs_VI,162,7.4089,7.71748,7.56099,0.45060268,0.4533953,0.70330393,0.082134664,1535
HFP_vs_VI,162,7.71815,8.0261,7.9258947,0.4347981,0.4363154,0.72646326,0.07970812,1840
HFP_vs_VI,162,8.02613,8.33474,8.15372,0.40714258,0.4081252,0.70488113,0.061403956,14907
HFP_vs_VI,162,8.33481,8.64336,8.4736,0.41605455,0.42223987,0.68858624,0.06943333,8186
HFP_vs_VI,162,8.64339,8.952,8.793495,0.43206462,0.44016007,0.7424914,0.07523825,6362
HFP_vs_VI,162,8.95212,9.26064,9.1023445,0.44288275,0.44918802,0.7361505,0.07710131,5514
HFP_vs_VI,162,9.26066,9.56927,9.41814,0.4490518,0.4543365,0.7406103,0.07921853,4977
HFP_vs_VI,162,9.56929,9.87786,9.72435,0.4530089,0.45730135,0.7677487,0.07881131,4861
HFP_vs_VI,162,9.87798,10.1865,10.0298,0.45519167,0.4596103,0.7234839,0.07908302,4569
HFP_vs_VI,162,10.1866,10.4951,10.336,0.45837563,0.45939073,0.7589155,0.08040823,4309
HFP_vs_VI,162,10.4953,10.8038,10.64385,0.45580983,0.45793718,0.7316134,0.07830025,4076
HFP_vs_VI,162,10.8039,11.1124,10.9537,0.45996654,0.46048775,0.7415603,0.0799622,3958
HFP_vs_VI,162,11.1125,11.421,11.2672,0.4577352,0.45792374,0.69973475,0.077821314,3523
HFP_vs_VI,162,11.4211,11.7296,11.57695,0.45411617,0.45611194,0.73268753,0.07653546,3264
HFP_vs_VI,162,11.7297,12.0383,11.8763,0.45769992,0.45748734,0.75163394,0.07891693,3081
HFP_vs_VI,162,12.0384,12.3469,12.1915,0.4496723,0.45370737,0.7206637,0.07852784,3375
HFP_vs_VI,162,12.347,12.6553,12.50205,0.45592076,0.45680353,0.72668135,0.080453634,2952
HFP_vs_VI,162,12.6556,12.9641,12.8172,0.45702496,0.45577928,0.68976486,0.07908129,2753
HFP_vs_VI,162,12.9644,13.2728,13.1099,0.45520654,0.45585772,0.6973199,0.07717138,2626
HFP_vs_VI,162,13.273,13.5812,13.4274,0.4580337,0.45822316,0.72909653,0.077628486,2451
HFP_vs_VI,162,13.5815,13.8901,13.7324,0.45623353,0.45596647,0.72404224,0.08153033,2275
HFP_vs_VI,162,13.8902,14.1987,14.03985,0.45456725,0.4563898,0.7208455,0.074225634,2048
HFP_vs_VI,162,14.1989,14.5073,14.3461,0.4511445,0.45236123,0.7248243,0.079824574,1943
HFP_vs_VI,162,14.5074,14.8158,14.6569,0.4585626,0.4577341,0.7345185,0.07729818,1903
HFP_vs_VI,162,14.8163,15.1246,14.9699,0.45084104,0.451427,0.74886227,0.077741705,1809
HFP_vs_VI,162,15.125,15.4331,15.2791,0.44948494,0.4524491,0.6782271,0.08095453,1815
HFP_vs_VI,162,15.4334,15.7419,15.58255,0.45464092,0.4563516,0.73675835,0.07754394,1788
HFP_vs_VI,162,15.7421,16.0502,15.8989,0.45724946,0.45591342,0.6690382,0.07750088,1737
HFP_vs_VI,162,16.0508,16.3591,16.20315,0.44851977,0.45139349,0.7181088,0.07922485,2018
HFP_vs_VI,162,16.3593,16.6677,16.516201,0.45279545,0.45462716,0.70377284,0.07639352,2022
HFP_vs_VI,162,16.6679,16.9764,16.8233,0.4543172,0.4547527,0.74873126,0.0801477,1986
HFP_vs_VI,162,16.9765,17.285,17.1349,0.4553031,0.4565852,0.72902006,0.07983227,1963
HFP_vs_VI,162,17.2851,17.5936,17.4391,0.455205,0.45416272,0.6999382,0.08196047,1859
HFP_vs_VI,162,17.5941,17.902,17.74675,0.45374948,0.45378882,0.7676721,0.08005315,1800
HFP_vs_VI,162,17.9026,18.2109,18.0501,0.4571804,0.45603806,0.7184771,0.08120596,1704
HFP_vs_VI,162,18.211,18.5195,18.3622,0.45405024,0.45218164,0.6893409,0.078296624,1645
HFP_vs_VI,162,18.5197,18.8282,18.6669,0.4517539,0.45227888,0.7452951,0.07815193,1609
HFP_vs_VI,162,18.8284,19.1365,18.9814,0.4493322,0.44829425,0.73183674,0.08173542,1431
HFP_vs_VI,162,19.1371,19.4453,19.2907,0.4500499,0.45052093,0.6834867,0.07853346,1481
HFP_vs_VI,162,19.4457,19.7539,19.59975,0.44961268,0.4489337,0.6983134,0.07923588,1362
HFP_vs_VI,162,19.7546,20.0618,19.9046,0.45422602,0.4516674,0.6732235,0.078517646,1248
HFP_vs_VI,162,20.063,20.3704,20.2255,0.45231628,0.44927225,0.7325767,0.082189694,1277
HFP_vs_VI,162,20.3714,20.6792,20.51635,0.454436,0.45098498,0.71862483,0.08352013,1190
HFP_vs_VI,162,20.6803,20.9885,20.8309,0.44765505,0.44497243,0.72788095,0.07923795,1125
HFP_vs_VI,162,20.9892,21.2971,21.13325,0.45500916,0.45398793,0.6832584,0.08103268,1044
HFP_vs_VI,162,21.2977,21.6057,21.4522,0.45013598,0.4496924,0.69494843,0.07903883,971
HFP_vs_VI,162,21.6066,21.9144,21.7527,0.45333087,0.44981557,0.683832,0.07812089,948
HFP_vs_VI,162,21.9158,22.2213,22.0606,0.44972786,0.44994816,0.68078846,0.082133695,896
HFP_vs_VI,162,22.2232,22.5314,22.3665,0.4508905,0.4489837,0.69179165,0.07998363,887
HFP_vs_VI,162,22.5322,22.8404,22.69055,0.45464686,0.45162457,0.68867415,0.07980911,812
HFP_vs_VI,162,22.8407,23.1489,22.9925,0.45359454,0.45093304,0.6706519,0.08054756,765
HFP_vs_VI,162,23.1493,23.4573,23.3057,0.4506886,0.44972005,0.7023466,0.08181287,747
HFP_vs_VI,162,23.4578,23.7658,23.6222,0.45998827,0.4536815,0.7015445,0.07970772,745
HFP_vs_VI,162,23.7667,24.0749,23.921,0.44742954,0.44860807,0.6753316,0.080444716,729
HFP_vs_VI,162,24.0751,24.383,24.2229,0.45053968,0.44676757,0.6476543,0.08036265,672
HFP_vs_VI,162,24.3838,24.6921,24.5337,0.44615084,0.44327283,0.79364455,0.08158525,645
HFP_vs_VI,162,24.6923,25.0001,24.82835,0.44698828,0.44675606,0.6664824,0.085760325,624
HFP_vs_VI,162,25.0014,25.3094,25.1519,0.45338517,0.45037588,0.6699686,0.08757552,601
HFP_vs_VI,162,25.3099,25.6181,25.4636,0.4402131,0.4434961,0.69349045,0.08133433,603
HFP_vs_VI,162,25.6183,25.9264,25.7793,0.4490466,0.44533625,0.7652073,0.08462765,536
HFP_vs_VI,162,25.9276,26.2342,26.08945,0.44882935,0.4459317,0.64330065,0.0785907,510
HFP_vs_VI,162,26.2355,26.544,26.3933,0.44802833,0.44603455,0.6773844,0.080723405,505
HFP_vs_VI,162,26.5445,26.8519,26.70545,0.44934785,0.44615376,0.6810485,0.08519382,476
HFP_vs_VI,162,26.8534,27.1607,27.01125,0.45302087,0.44516322,0.6881878,0.082373984,460
HFP_vs_VI,162,27.1621,27.4694,27.3226,0.43654826,0.43595576,0.6948173,0.08324112,442
HFP_vs_VI,162,27.4706,27.7785,27.6427,0.444345,0.4455404,0.69022506,0.07833568,414
HFP_vs_VI,162,27.7796,28.086,27.9234,0.44500038,0.4437431,0.66450757,0.07990067,391
HFP_vs_VI,162,28.0887,28.3954,28.23875,0.44859552,0.44663525,0.6415932,0.082373165,380
HFP_vs_VI,162,28.396,28.7037,28.5387,0.4481984,0.44605812,0.67957073,0.087788455,377
HFP_vs_VI,162,28.705,29.0126,28.855,0.45422423,0.44984832,0.6876133,0.082072794,338
HFP_vs_VI,162,29.0132,29.3213,29.1653,0.4476202,0.44589558,0.6649529,0.08269942,323
HFP_vs_VI,162,29.3217,29.6281,29.4748,0.44271004,0.44161278,0.64313257,0.07919601,308
HFP_vs_VI,162,29.6317,29.9381,29.77665,0.43852115,0.43388993,0.6805058,0.0823877,312
HFP_vs_VI,162,29.9394,30.2471,30.0924,0.44345072,0.43899703,0.73710895,0.08121142,319
HFP_vs_VI,162,30.248,30.5553,30.3942,0.4432404,0.438204,0.69284856,0.08959793,294
HFP_vs_VI,162,30.5574,30.8646,30.6994,0.45390487,0.45094338,0.6376705,0.07855943,277
HFP_vs_VI,162,30.866,31.1731,31.00555,0.44718915,0.44125554,0.63569295,0.0777784,242
HFP_vs_VI,162,31.1769,31.4821,31.32215,0.44180954,0.43371412,0.67728585,0.09031373,210
HFP_vs_VI,162,31.4822,31.7907,31.6433,0.4391623,0.4284035,0.6587769,0.087062374,219
HFP_vs_VI,162,31.7951,32.0979,31.9352,0.44701254,0.44039676,0.6009321,0.07912116,208
HFP_vs_VI,162,32.0994,32.4079,32.231003,0.43624645,0.43713918,0.65430176,0.07703336,224
HFP_vs_VI,162,32.4094,32.7121,32.5565,0.44414338,0.4420414,0.65319186,0.087714724,201
HFP_vs_VI,162,32.7187,33.0246,32.857,0.44133592,0.43694144,0.6060322,0.07685803,167
HFP_vs_VI,162,33.0255,33.3324,33.1845,0.44987208,0.44847763,0.6384225,0.07720443,207
HFP_vs_VI,162,33.3355,33.6402,33.482597,0.43755096,0.43420184,0.6078165,0.08246642,172
HFP_vs_VI,162,33.6426,33.9484,33.8096,0.44344577,0.4404801,0.6755523,0.08775816,189
HFP_vs_VI,162,33.9527,34.2537,34.0825,0.44209415,0.43716395,0.63587457,0.09188339,176
HFP_vs_VI,162,34.2614,34.5645,34.41725,0.4314062,0.43276003,0.6711655,0.084785834,144
HFP_vs_VI,162,34.5686,34.8769,34.74125,0.43445122,0.43538585,0.600503,0.08680565,142
HFP_vs_VI,162,34.8777,35.1852,35.0346,0.4444283,0.4360199,0.64995366,0.08874189,145
HFP_vs_VI,162,35.1857,35.4918,35.3567,0.44092694,0.4383934,0.7333107,0.08515793,145
HFP_vs_VI,162,35.496,35.7988,35.6243,0.43637365,0.43655685,0.6309373,0.07509121,137
HFP_vs_VI,162,35.8132,36.1083,35.9735,0.44978604,0.45028484,0.63154066,0.08788011,125
HFP_vs_VI,162,36.1149,36.4187,36.24955,0.44179687,0.43932775,0.6487472,0.08350382,150
HFP_vs_VI,162,36.4223,36.7271,36.57305,0.42732513,0.42679602,0.6456673,0.0847255,110
HFP_vs_VI,162,36.731,37.0366,36.9018,0.42917648,0.43340164,0.57479566,0.08192138,115
HFP_vs_VI,162,37.0403,37.3444,37.189148,0.4439814,0.4355275,0.67078334,0.09088477,106
HFP_vs_VI,162,37.3499,37.6523,37.496048,0.4467569,0.44638,0.65818846,0.08491268,106
HFP_vs_VI,162,37.6554,37.9599,37.7975,0.4565807,0.4422881,0.63548017,0.08791001,103
HFP_vs_VI,162,37.9642,38.2695,38.1114,0.42880347,0.4333633,0.5997211,0.074473694,125
HFP_vs_VI,162,38.2725,38.5803,38.4435,0.43958265,0.43383905,0.6530185,0.092973515,103
HFP_vs_VI,162,38.5878,38.8886,38.7471,0.43327835,0.43624476,0.607988,0.07715847,78
HFP_vs_VI,162,38.8896,39.1965,39.05755,0.43955147,0.42809808,0.6328504,0.09266443,90
HFP_vs_VI,162,39.2007,39.5062,39.34635,0.43595937,0.43114054,0.60298675,0.08604101,72
HFP_vs_VI,162,39.5151,39.8004,39.6649,0.42380306,0.42416257,0.61984855,0.071317315,80
HFP_vs_VI,162,39.8165,40.1234,39.9535,0.42820328,0.42682347,0.5947914,0.08520063,72
HFP_vs_VI,162,40.124,40.4249,40.2655,0.45055676,0.4452097,0.6548,0.09973155,77
HFP_vs_VI,162,40.4356,40.7383,40.59485,0.4321517,0.42826426,0.60738087,0.085967466,66
HFP_vs_VI,162,40.7422,41.0484,40.915253,0.46679598,0.4423671,0.609594,0.09670233,62
HFP_vs_VI,162,41.051,41.3478,41.2137,0.43912995,0.4347373,0.6251441,0.075139485,65
HFP_vs_VI,162,41.3601,41.6655,41.501152,0.43867576,0.42867765,0.5543811,0.07425789,64
HFP_vs_VI,162,41.6735,41.9721,41.83265,0.425811,0.42232993,0.6242845,0.08627591,64
HFP_vs_VI,162,41.9798,42.279,42.1295,0.45677978,0.44174168,0.60329175,0.08070572,56
HFP_vs_VI,162,42.2843,42.5775,42.42,0.44011888,0.42686266,0.6319463,0.09985148,53
HFP_vs_VI,162,43.5216,43.8262,43.6685,0.43689927,0.43487957,0.61796284,0.092571,51
HFP_vs_VI,162,44.7611,45.0458,44.8909,0.42631942,0.4190834,0.59413844,0.07779169,59
HFP_vs_VI,162,49.7003,50,50,0.44162193,0.43557796,0.5790199,0.08670451,102
LHI_vs_EI,151,0,0.0052262,0,0.53923124,0.5433665,0.9215057,0.08202954,2736
LHI_vs_EI,151,0.0063347,0.0119031,0.0083452,0.55935514,0.558902,0.743321,0.07089027,172
LHI_vs_EI,151,0.0125364,0.0187408,0.0156434,0.5629293,0.5658624,0.7506372,0.06836183,112
LHI_vs_EI,151,0.0189088,0.025049,0.02097565,0.5779488,0.59056056,0.8000085,0.07674606,78
LHI_vs_EI,151,0.0251531,0.0312839,0.0278021,0.568974,0.5703155,0.7148764,0.06028506,61
LHI_vs_EI,151,0.0378409,0.0433651,0.039407,0.5414107,0.5439565,0.8395245,0.08423965,826
LHI_vs_EI,151,0.0441441,0.0500825,0.0464723,0.58351976,0.56828684,0.73127866,0.07457791,103
LHI_vs_EI,151,0.0501675,0.0563596,0.051912,0.5499572,0.5533967,0.84666294,0.082474954,776
LHI_vs_EI,151,0.0565865,0.0626088,0.0590903,0.58187586,0.57669693,0.7736512,0.071164034,133
LHI_vs_EI,151,0.0626812,0.0688791,0.0631679,0.5512138,0.55315834,0.8517298,0.08352127,600
LHI_vs_EI,151,0.0690383,0.0751638,0.0735594,0.5513965,0.5543804,0.85403633,0.08608793,682
LHI_vs_EI,151,0.0752685,0.0813085,0.0786382,0.55228907,0.54904515,0.7758969,0.084211685,421
LHI_vs_EI,151,0.0815399,0.0876149,0.0848097,0.55551916,0.5587524,0.8363143,0.086722806,710
LHI_vs_EI,151,0.0877274,0.0939651,0.0926138,0.5526765,0.55532265,0.8794658,0.08482291,481
LHI_vs_EI,151,0.0940132,0.100183,0.0955991,0.55375344,0.55165005,0.81727904,0.08240721,490
LHI_vs_EI,151,0.100354,0.106451,0.102302,0.54959524,0.5501013,0.87857187,0.081172414,691
LHI_vs_EI,151,0.106516,0.112757,0.110001,0.55299115,0.5553173,0.81319153,0.086593024,707
LHI_vs_EI,151,0.112817,0.119013,0.116631,0.5567268,0.55381787,0.81372994,0.08697068,660
LHI_vs_EI,151,0.119055,0.125249,0.121945,0.5550364,0.551805,0.8424966,0.08321951,548
LHI_vs_EI,151,0.125355,0.131488,0.127281,0.5485566,0.54992783,0.8398359,0.08470637,783
LHI_vs_EI,151,0.131593,0.13782,0.134286,0.5584965,0.5573097,0.8890379,0.08631634,887
LHI_vs_EI,151,0.137833,0.144059,0.141209,0.55126643,0.55483496,0.83756095,0.08562519,856
LHI_vs_EI,151,0.144113,0.150312,0.147615,0.5550975,0.5552989,0.87213707,0.08535815,805
LHI_vs_EI,151,0.150379,0.156608,0.153912,0.55319834,0.5551424,0.85474586,0.083747484,954
LHI_vs_EI,151,0.156676,0.162853,0.160426,0.549328,0.5526664,0.9999998,0.085835,976
LHI_vs_EI,151,0.162882,0.169143,0.166555,0.55445653,0.55525815,0.8600827,0.08589238,879
LHI_vs_EI,151,0.169154,0.175405,0.172148,0.55643797,0.55416274,0.84038717,0.085759655,915
LHI_vs_EI,151,0.175435,0.181652,0.178529,0.55434906,0.5561568,0.8877144,0.08466339,1198
LHI_vs_EI,151,0.18169,0.187933,0.184503,0.551816,0.5534379,0.8627772,0.08451693,1102
LHI_vs_EI,151,0.187972,0.194187,0.191166,0.55011296,0.5517785,0.973049,0.087443106,1332
LHI_vs_EI,151,0.194206,0.20046,0.197503,0.5529682,0.5523803,0.89432585,0.08485106,1237
LHI_vs_EI,151,0.200474,0.206732,0.203806,0.5591109,0.5590817,0.8727897,0.084239505,1231
LHI_vs_EI,151,0.206752,0.21298,0.210019,0.55057985,0.5484095,0.80224305,0.0838417,1285
LHI_vs_EI,151,0.212999,0.219261,0.216432,0.55353165,0.553128,0.8569185,0.08533139,1315
LHI_vs_EI,151,0.219267,0.225509,0.222487,0.55159044,0.55466354,0.84927785,0.08490988,1412
LHI_vs_EI,151,0.225535,0.231787,0.228501,0.5548238,0.5552427,0.8774771,0.08295227,1428
LHI_vs_EI,151,0.231797,0.238056,0.23478651,0.5529158,0.5549477,0.8776497,0.07926194,1516
LHI_vs_EI,151,0.238095,0.244316,0.241122,0.54989594,0.5499557,0.87105966,0.08758968,1726
LHI_vs_EI,151,0.244322,0.250585,0.247619,0.5509075,0.5513495,0.8878018,0.08583065,1685
LHI_vs_EI,151,0.250596,0.256848,0.253611,0.55340207,0.5539558,0.8635912,0.082982406,1664
LHI_vs_EI,151,0.256859,0.263092,0.26016402,0.54777336,0.5486153,0.9148726,0.08412989,1844
LHI_vs_EI,151,0.263118,0.269376,0.26656252,0.54804754,0.5494717,0.8457773,0.08456014,1846
LHI_vs_EI,151,0.269391,0.27564,0.272376,0.5486669,0.5499827,0.87574863,0.080713734,1942
LHI_vs_EI,151,0.27565,0.281908,0.27884197,0.5533437,0.5501256,0.84389913,0.08319568,1948
LHI_vs_EI,151,0.28192,0.288163,0.28498048,0.5507806,0.5519716,0.8620988,0.082208335,2056
LHI_vs_EI,151,0.288183,0.294434,0.291375,0.5456081,0.5466875,0.840539,0.08292503,2248
LHI_vs_EI,151,0.294438,0.300696,0.297536,0.5455329,0.5468292,0.8791867,0.08498884,2241
LHI_vs_EI,151,0.300706,0.30696,0.304017,0.545767,0.5489943,0.8997405,0.084099784,2409
LHI_vs_EI,151,0.306968,0.31323,0.310098,0.5451928,0.5474157,0.95795447,0.08337887,2557
LHI_vs_EI,151,0.313233,0.319495,0.3163455,0.5489849,0.54991186,0.9160036,0.083722524,2524
LHI_vs_EI,151,0.319501,0.32576,0.32262,0.5459377,0.5483876,0.88236773,0.083306566,2711
LHI_vs_EI,151,0.325762,0.332023,0.328976,0.5483448,0.54968774,0.8414215,0.08506613,2743
LHI_vs_EI,151,0.332027,0.338284,0.335226,0.54630804,0.5470783,0.8763616,0.08427967,2982
LHI_vs_EI,151,0.338291,0.344546,0.341382,0.5456959,0.54583395,0.91445357,0.0838825,3031
LHI_vs_EI,151,0.344561,0.350818,0.347702,0.54825795,0.549222,0.89152265,0.07987322,3277
LHI_vs_EI,151,0.35082,0.357084,0.353982,0.5458813,0.5464149,0.8803415,0.08433403,3518
LHI_vs_EI,151,0.357085,0.363347,0.360262,0.5460619,0.54671836,0.95283294,0.08446542,3652
LHI_vs_EI,151,0.36335,0.369612,0.366435,0.5464893,0.54726344,0.88247436,0.08441631,3989
LHI_vs_EI,151,0.36962,0.375877,0.37262,0.54736555,0.54618526,0.9292339,0.085298866,4069
LHI_vs_EI,151,0.37588,0.382139,0.379,0.5451791,0.54525614,0.9066947,0.08360641,3971
LHI_vs_EI,151,0.382149,0.388405,0.385246,0.5500155,0.5483582,0.89733183,0.08485266,4177
LHI_vs_EI,151,0.388408,0.394671,0.39149,0.54803246,0.54857963,0.9094157,0.0856218,4160
LHI_vs_EI,151,0.394674,0.400933,0.39779449,0.55048585,0.55344653,0.91861165,0.08632207,4408
LHI_vs_EI,151,0.400938,0.407198,0.404101,0.54782164,0.5496699,0.8970573,0.086572506,4509
LHI_vs_EI,151,0.407204,0.413465,0.410366,0.54693586,0.54813355,0.8543767,0.08634825,4421
LHI_vs_EI,151,0.413466,0.41973,0.416598,0.54719764,0.54776734,0.86777633,0.08391212,4523
LHI_vs_EI,151,0.419731,0.425994,0.4229175,0.55130213,0.5511212,0.88836485,0.08681276,4450
LHI_vs_EI,151,0.426,0.432257,0.429207,0.5481175,0.54899126,0.92612165,0.086452395,4694
LHI_vs_EI,151,0.43226,0.438519,0.435434,0.5501139,0.5499156,0.9030133,0.086534165,4712
LHI_vs_EI,151,0.438533,0.444788,0.441672,0.54845923,0.54858327,0.86994094,0.088401414,4931
LHI_vs_EI,151,0.444792,0.451053,0.447927,0.55355275,0.55445695,0.91190565,0.090722226,4725
LHI_vs_EI,151,0.451054,0.457316,0.454151,0.5502461,0.5498023,0.8817413,0.089882866,4791
LHI_vs_EI,151,0.45732,0.463582,0.460448,0.55345666,0.55347747,0.9044148,0.08703568,4663
LHI_vs_EI,151,0.463586,0.469847,0.466649,0.5527842,0.55044,0.9385797,0.08910514,4555
LHI_vs_EI,151,0.469848,0.476112,0.4729405,0.5526286,0.55320996,0.95850927,0.087394655,4662
LHI_vs_EI,151,0.476113,0.482374,0.479237,0.5539335,0.55304044,0.88016206,0.0903052,4585
LHI_vs_EI,151,0.482377,0.488641,0.485588,0.5530783,0.5512159,0.92728233,0.09189105,4880
LHI_vs_EI,151,0.488642,0.494905,0.491717,0.5491238,0.5487146,0.89199346,0.09329495,4646
LHI_vs_EI,151,0.494908,0.501167,0.498099,0.5547987,0.5546046,0.8912033,0.093153335,4697
LHI_vs_EI,151,0.501175,0.507431,0.504335,0.553945,0.5532193,0.93390507,0.09100344,4947
LHI_vs_EI,151,0.507436,0.5137,0.51054,0.5559018,0.5542918,0.97281927,0.09171671,4649
LHI_vs_EI,151,0.513701,0.519963,0.516748,0.5543015,0.5536742,0.892562,0.09170556,4638
LHI_vs_EI,151,0.519966,0.526228,0.523043,0.5545958,0.55445606,0.9081899,0.092776254,4551
LHI_vs_EI,151,0.52623,0.532494,0.529314,0.5569974,0.5557818,0.973023,0.093248665,4783
LHI_vs_EI,151,0.532498,0.538757,0.5355745,0.5568348,0.5557376,0.9033083,0.09285081,4526
LHI_vs_EI,151,0.538759,0.54502,0.541829,0.5541953,0.5527582,0.9111847,0.09449476,4562
LHI_vs_EI,151,0.545029,0.551284,0.54813755,0.5568409,0.55431205,0.9120447,0.09598202,4344
LHI_vs_EI,151,0.551288,0.55755,0.554431,0.55611,0.55488074,0.90331393,0.095643476,4331
LHI_vs_EI,151,0.557553,0.563816,0.56069,0.55996305,0.5584288,0.9059246,0.09628511,4278
LHI_vs_EI,151,0.563818,0.570081,0.566885,0.5590807,0.55734015,0.912096,0.09443745,4431
LHI_vs_EI,151,0.570086,0.576345,0.573259,0.556967,0.55475056,0.94041127,0.09382053,4306
LHI_vs_EI,151,0.576349,0.582609,0.579601,0.55581117,0.55499136,0.8934952,0.09582201,4183
LHI_vs_EI,151,0.582614,0.588875,0.585686,0.5566562,0.5561731,0.89264405,0.09477537,4083
LHI_vs_EI,151,0.588876,0.595133,0.592012,0.55788124,0.5561292,0.9040702,0.0997307,3912
LHI_vs_EI,151,0.595143,0.601403,0.59827,0.559618,0.5576294,0.87997353,0.09792307,3739
LHI_vs_EI,151,0.60141,0.607664,0.604426,0.55565554,0.55363005,0.9178137,0.098245785,3633
LHI_vs_EI,151,0.607671,0.613933,0.610751,0.5590379,0.55650073,0.9529011,0.10067065,3605
LHI_vs_EI,151,0.613936,0.620192,0.6169415,0.56004906,0.55574566,0.8790436,0.099876955,3386
LHI_vs_EI,151,0.6202,0.626462,0.623331,0.56029755,0.55870944,0.88063073,0.09717414,3327
LHI_vs_EI,151,0.626464,0.632728,0.629595,0.55794823,0.5557729,0.8719432,0.099530846,3226
LHI_vs_EI,151,0.632733,0.638992,0.6358,0.5576449,0.5568352,0.8966938,0.101311795,2920
LHI_vs_EI,151,0.638994,0.645257,0.641846,0.5620738,0.5577769,0.9475608,0.10323052,2766
LHI_vs_EI,151,0.645258,0.651522,0.6484105,0.56547606,0.5617305,0.92624986,0.10153012,2672
LHI_vs_EI,151,0.651525,0.657782,0.654675,0.56211025,0.5554523,0.88182014,0.102482155,2667
LHI_vs_EI,151,0.657791,0.664051,0.660846,0.5591829,0.55735725,0.9050083,0.10148774,2400
LHI_vs_EI,151,0.664053,0.670316,0.667102,0.5597241,0.5566696,0.8433088,0.10039432,2140
LHI_vs_EI,151,0.67032,0.676578,0.673437,0.5604409,0.55521625,0.8483134,0.09743816,1949
LHI_vs_EI,151,0.676582,0.68284,0.679599,0.56260276,0.5570352,0.91273046,0.10966585,1909
LHI_vs_EI,151,0.682846,0.689105,0.685998,0.55986595,0.55589604,0.893076,0.10486054,1743
LHI_vs_EI,151,0.689118,0.695373,0.692123,0.56633365,0.5581642,0.90200716,0.1019895,1612
LHI_vs_EI,151,0.695377,0.701633,0.698362,0.56066954,0.5558215,0.8653678,0.10061334,1534
LHI_vs_EI,151,0.701645,0.707902,0.704729,0.55526453,0.5493124,0.89136976,0.10667531,1417
LHI_vs_EI,151,0.707911,0.71416,0.71112,0.55086213,0.5454633,0.8626593,0.106213704,1184
LHI_vs_EI,151,0.71418,0.720429,0.717141,0.5595671,0.54991585,0.8210687,0.10306898,1167
LHI_vs_EI,151,0.720439,0.726683,0.723218,0.5575528,0.5489486,0.8298657,0.10517755,989
LHI_vs_EI,151,0.7267,0.732955,0.729793,0.5613103,0.5526828,0.8710813,0.09532597,903
LHI_vs_EI,151,0.732987,0.739227,0.735892,0.5602608,0.5486931,0.8576539,0.11028462,816
LHI_vs_EI,151,0.739273,0.745487,0.7424865,0.544253,0.5383607,0.8204639,0.10715655,660
LHI_vs_EI,151,0.745506,0.751748,0.74873,0.552892,0.53827333,0.8588465,0.116322376,662
LHI_vs_EI,151,0.751757,0.757989,0.754688,0.5567872,0.5466555,0.81360173,0.10627565,576
LHI_vs_EI,151,0.758063,0.76423,0.761361,0.5402215,0.5334314,0.78503966,0.11050408,457
LHI_vs_EI,151,0.764352,0.770549,0.767535,0.5508232,0.5450915,0.78511494,0.10008815,385
LHI_vs_EI,151,0.770553,0.776795,0.773365,0.54788315,0.5397262,0.861813,0.10653848,347
LHI_vs_EI,151,0.776859,0.783057,0.780197,0.5397518,0.5299721,0.8392965,0.10783116,288
LHI_vs_EI,151,0.78313,0.789315,0.786007,0.54708296,0.5412186,0.7860621,0.10606915,225
LHI_vs_EI,151,0.789372,0.795538,0.792391,0.54076976,0.53309804,0.8007661,0.10963092,213
LHI_vs_EI,151,0.795635,0.801785,0.79881704,0.5395341,0.52736896,0.73677945,0.109601535,150
LHI_vs_EI,151,0.80191,0.808105,0.80538154,0.5358517,0.524046,0.7460365,0.10006266,152
LHI_vs_EI,151,0.808162,0.814351,0.81140304,0.54018694,0.52887744,0.71805036,0.10046982,90
LHI_vs_EI,151,0.814421,0.820494,0.816785,0.53473467,0.5091517,0.73058283,0.11746502,105
LHI_vs_EI,151,0.820783,0.826887,0.8235,0.54485613,0.5410364,0.77137226,0.08335265,89
LHI_vs_EI,151,0.826965,0.833136,0.8303275,0.51044816,0.49894667,0.70863366,0.09441475,72
LHI_vs_SI,151,0,0.0052262,0,0.5057554,0.51007557,0.89377004,0.080101535,2736
LHI_vs_SI,151,0.0063347,0.0119031,0.0083452,0.5184833,0.5236572,0.69652086,0.06944727,172
LHI_vs_SI,151,0.0125364,0.0187408,0.0156434,0.5339209,0.53274924,0.71477044,0.067633666,112
LHI_vs_SI,151,0.0189088,0.025049,0.02097565,0.5519383,0.56163377,0.77527434,0.07271096,78
LHI_vs_SI,151,0.0251531,0.0312839,0.0278021,0.5367573,0.54007936,0.67929786,0.062458567,61
LHI_vs_SI,151,0.0378409,0.0433651,0.039407,0.51010215,0.5115271,0.76808006,0.08417487,826
LHI_vs_SI,151,0.0441441,0.0500825,0.0464723,0.54216164,0.53578454,0.70020294,0.07253205,103
LHI_vs_SI,151,0.0501675,0.0563596,0.051912,0.5192809,0.52057993,0.74223655,0.08032428,776
LHI_vs_SI,151,0.0565865,0.0626088,0.0590903,0.5510985,0.5522746,0.74893963,0.071036495,133
LHI_vs_SI,151,0.0626812,0.0688791,0.0631679,0.52231705,0.5219387,0.76077986,0.082059585,600
LHI_vs_SI,151,0.0690383,0.0751638,0.0735594,0.5211655,0.5212976,0.8215879,0.08454198,682
LHI_vs_SI,151,0.0752685,0.0813085,0.0786382,0.518449,0.51415175,0.74975455,0.08408901,421
LHI_vs_SI,151,0.0815399,0.0876149,0.0848097,0.528592,0.5256277,0.80916333,0.08460294,710
LHI_vs_SI,151,0.0877274,0.0939651,0.0926138,0.5246577,0.52601975,0.8600987,0.08371384,481
LHI_vs_SI,151,0.0940132,0.100183,0.0955991,0.5216243,0.51690614,0.78770334,0.08176876,490
LHI_vs_SI,151,0.100354,0.106451,0.102302,0.51820505,0.5199451,0.8471206,0.07951671,691
LHI_vs_SI,151,0.106516,0.112757,0.110001,0.5251536,0.52271783,0.7875085,0.08454178,707
LHI_vs_SI,151,0.112817,0.119013,0.116631,0.5206166,0.52057534,0.7479582,0.08393268,660
LHI_vs_SI,151,0.119055,0.125249,0.121945,0.52424693,0.51640874,0.77505565,0.08220146,548
LHI_vs_SI,151,0.125355,0.131488,0.127281,0.51791555,0.517251,0.7872596,0.08173809,783
LHI_vs_SI,151,0.131593,0.13782,0.134286,0.525727,0.5226396,0.79725516,0.0836321,887
LHI_vs_SI,151,0.137833,0.144059,0.141209,0.5213294,0.5209696,0.75085855,0.08220544,856
LHI_vs_SI,151,0.144113,0.150312,0.147615,0.52139014,0.5223359,1,0.0842105,805
LHI_vs_SI,151,0.150379,0.156608,0.153912,0.5246139,0.52301234,0.8274918,0.080214456,954
LHI_vs_SI,151,0.156676,0.162853,0.160426,0.5164951,0.51847386,0.90499216,0.08244243,976
LHI_vs_SI,151,0.162882,0.169143,0.166555,0.52529675,0.5222807,0.82709885,0.08243432,879
LHI_vs_SI,151,0.169154,0.175405,0.172148,0.52417207,0.51943606,0.75455725,0.08137591,915
LHI_vs_SI,151,0.175435,0.181652,0.178529,0.52168834,0.5229915,0.85959816,0.08120924,1198
LHI_vs_SI,151,0.18169,0.187933,0.184503,0.5204176,0.51917803,0.78142256,0.08104088,1102
LHI_vs_SI,151,0.187972,0.194187,0.191166,0.5197785,0.5177514,0.91979307,0.08331218,1332
LHI_vs_SI,151,0.194206,0.20046,0.197503,0.51941884,0.51738214,0.83015907,0.08132863,1237
LHI_vs_SI,151,0.200474,0.206732,0.203806,0.52532554,0.52428627,0.8251819,0.080307,1231
LHI_vs_SI,151,0.206752,0.21298,0.210019,0.5196805,0.5151939,0.75020176,0.08050242,1285
LHI_vs_SI,151,0.212999,0.219261,0.216432,0.5210121,0.5190584,0.8098185,0.081849106,1315
LHI_vs_SI,151,0.219267,0.225509,0.222487,0.5187583,0.5200179,0.78238475,0.08083358,1412
LHI_vs_SI,151,0.225535,0.231787,0.228501,0.52422744,0.52088714,0.817512,0.0796254,1428
LHI_vs_SI,151,0.231797,0.238056,0.23478651,0.51965237,0.5196482,0.85701007,0.075819254,1516
LHI_vs_SI,151,0.238095,0.244316,0.241122,0.5170267,0.5155586,0.82965,0.08369219,1726
LHI_vs_SI,151,0.244322,0.250585,0.247619,0.5173054,0.5160331,0.8052406,0.0804441,1685
LHI_vs_SI,151,0.250596,0.256848,0.253611,0.5190959,0.51825327,0.7896003,0.07835168,1664
LHI_vs_SI,151,0.256859,0.263092,0.26016402,0.51430434,0.5139047,0.8111623,0.07992929,1844
LHI_vs_SI,151,0.263118,0.269376,0.26656252,0.5151429,0.5146995,0.78004277,0.0796956,1846
LHI_vs_SI,151,0.269391,0.27564,0.272376,0.5160537,0.51461506,0.8181248,0.07674421,1942
LHI_vs_SI,151,0.27565,0.281908,0.27884197,0.51533735,0.51468325,0.7857158,0.078502096,1948
LHI_vs_SI,151,0.28192,0.288163,0.28498048,0.516208,0.5173454,0.8145097,0.07732901,2056
LHI_vs_SI,151,0.288183,0.294434,0.291375,0.5138228,0.5132404,0.7656287,0.07905042,2248
LHI_vs_SI,151,0.294438,0.300696,0.297536,0.51436716,0.51328725,0.898484,0.08128674,2241
LHI_vs_SI,151,0.300706,0.30696,0.304017,0.51370203,0.51464814,0.82153815,0.079937175,2409
LHI_vs_SI,151,0.306968,0.31323,0.310098,0.51280326,0.5130184,0.86684245,0.078896716,2557
LHI_vs_SI,151,0.313233,0.319495,0.3163455,0.51715857,0.5144397,0.8367598,0.07867472,2524
LHI_vs_SI,151,0.319501,0.32576,0.32262,0.5129904,0.51384187,0.824661,0.078714155,2711
LHI_vs_SI,151,0.325762,0.332023,0.328976,0.51492685,0.5149908,0.78388685,0.080404244,2743
LHI_vs_SI,151,0.332027,0.338284,0.335226,0.51410675,0.51203,0.79883397,0.07952085,2982
LHI_vs_SI,151,0.338291,0.344546,0.341382,0.5125806,0.5113069,0.8205673,0.079446495,3031
LHI_vs_SI,151,0.344561,0.350818,0.347702,0.51535743,0.5148946,0.9057379,0.07640553,3277
LHI_vs_SI,151,0.35082,0.357084,0.353982,0.51310486,0.51190245,0.85207325,0.08070043,3518
LHI_vs_SI,151,0.357085,0.363347,0.360262,0.51414657,0.5122165,0.8903463,0.07959413,3652
LHI_vs_SI,151,0.36335,0.369612,0.366435,0.513075,0.5126167,0.836922,0.07971408,3989
LHI_vs_SI,151,0.36962,0.375877,0.37262,0.51381683,0.5122848,0.8605056,0.08027477,4069
LHI_vs_SI,151,0.37588,0.382139,0.379,0.51255774,0.5106358,0.85481733,0.079574265,3971
LHI_vs_SI,151,0.382149,0.388405,0.385246,0.5165309,0.51397794,0.8096139,0.07986365,4177
LHI_vs_SI,151,0.388408,0.394671,0.39149,0.51484364,0.5140061,0.86359334,0.08105176,4160
LHI_vs_SI,151,0.394674,0.400933,0.39779449,0.5189831,0.5185661,0.8941857,0.081717096,4408
LHI_vs_SI,151,0.400938,0.407198,0.404101,0.5159947,0.51492083,0.8517864,0.081567265,4509
LHI_vs_SI,151,0.407204,0.413465,0.410366,0.51362664,0.51317,0.7839628,0.08095415,4421
LHI_vs_SI,151,0.413466,0.41973,0.416598,0.5141998,0.51301306,0.83191437,0.07845111,4523
LHI_vs_SI,151,0.419731,0.425994,0.4229175,0.51651263,0.5160704,0.8248278,0.081477895,4450
LHI_vs_SI,151,0.426,0.432257,0.429207,0.5153513,0.51408154,0.8366719,0.08147797,4694
LHI_vs_SI,151,0.43226,0.438519,0.435434,0.5164155,0.5147781,0.8505354,0.081191115,4712
LHI_vs_SI,151,0.438533,0.444788,0.441672,0.51549417,0.5141407,0.81590116,0.083069175,4931
LHI_vs_SI,151,0.444792,0.451053,0.447927,0.52031016,0.51865596,0.82726794,0.08511892,4725
LHI_vs_SI,151,0.451054,0.457316,0.454151,0.5147898,0.51411664,0.83007663,0.08426651,4791
LHI_vs_SI,151,0.45732,0.463582,0.460448,0.51829207,0.5173812,0.8622374,0.081838846,4663
LHI_vs_SI,151,0.463586,0.469847,0.466649,0.51735264,0.51373994,0.849105,0.083365515,4555
LHI_vs_SI,151,0.469848,0.476112,0.4729405,0.5178961,0.51655525,0.84953046,0.08194445,4662
LHI_vs_SI,151,0.476113,0.482374,0.479237,0.5188957,0.5164545,0.81024724,0.084612094,4585
LHI_vs_SI,151,0.482377,0.488641,0.485588,0.5177063,0.51455116,0.92979604,0.0858938,4880
LHI_vs_SI,151,0.488642,0.494905,0.491717,0.5147792,0.5120403,0.8155658,0.08793046,4646
LHI_vs_SI,151,0.494908,0.501167,0.498099,0.5198083,0.51753616,0.83670604,0.0874268,4697
LHI_vs_SI,151,0.501175,0.507431,0.504335,0.51976526,0.516469,0.8383041,0.08527804,4947
LHI_vs_SI,151,0.507436,0.5137,0.51054,0.5193659,0.51653606,0.89053804,0.085873716,4649
LHI_vs_SI,151,0.513701,0.519963,0.516748,0.51821005,0.5168116,0.8319689,0.08598671,4638
LHI_vs_SI,151,0.519966,0.526228,0.523043,0.5180794,0.51674116,0.85641855,0.086536124,4551
LHI_vs_SI,151,0.52623,0.532494,0.529314,0.51985234,0.51792634,0.8732696,0.08724835,4783
LHI_vs_SI,151,0.532498,0.538757,0.5355745,0.5203045,0.51849264,0.9531636,0.08722954,4526
LHI_vs_SI,151,0.538759,0.54502,0.541829,0.5185926,0.5144587,0.82588935,0.08844841,4562
LHI_vs_SI,151,0.545029,0.551284,0.54813755,0.51893985,0.5159463,0.82510406,0.09012113,4344
LHI_vs_SI,151,0.551288,0.55755,0.554431,0.5189535,0.5163821,0.80959266,0.08900261,4331
LHI_vs_SI,151,0.557553,0.563816,0.56069,0.52361256,0.5199616,0.8320549,0.090331815,4278
LHI_vs_SI,151,0.563818,0.570081,0.566885,0.522845,0.51919204,0.89871496,0.087885015,4431
LHI_vs_SI,151,0.570086,0.576345,0.573259,0.5213177,0.5165229,0.8724422,0.087557346,4306
LHI_vs_SI,151,0.576349,0.582609,0.579601,0.5190714,0.5167114,0.8051996,0.0892689,4183
LHI_vs_SI,151,0.582614,0.588875,0.585686,0.5204123,0.5175525,0.8049166,0.08880179,4083
LHI_vs_SI,151,0.588876,0.595133,0.592012,0.5212504,0.517542,0.8187738,0.09341921,3912
LHI_vs_SI,151,0.595143,0.601403,0.59827,0.52349377,0.5190291,0.9262519,0.0913838,3739
LHI_vs_SI,151,0.60141,0.607664,0.604426,0.5198963,0.51520807,0.85029066,0.09121798,3633
LHI_vs_SI,151,0.607671,0.613933,0.610751,0.52346545,0.5180315,0.8797697,0.093875155,3605
LHI_vs_SI,151,0.613936,0.620192,0.6169415,0.5219039,0.5167436,0.7885481,0.0936456,3386
LHI_vs_SI,151,0.6202,0.626462,0.623331,0.5243017,0.5197633,0.7919006,0.09011186,3327
LHI_vs_SI,151,0.626464,0.632728,0.629595,0.52052027,0.5164912,0.7984091,0.09302701,3226
LHI_vs_SI,151,0.632733,0.638992,0.6358,0.5204425,0.5174728,0.79947436,0.09386864,2920
LHI_vs_SI,151,0.638994,0.645257,0.641846,0.5248118,0.51828325,0.84996706,0.09586872,2766
LHI_vs_SI,151,0.645258,0.651522,0.6484105,0.5276073,0.5219124,0.85579056,0.09448603,2672
LHI_vs_SI,151,0.651525,0.657782,0.654675,0.52463275,0.51664245,0.7887207,0.09601382,2667
LHI_vs_SI,151,0.657791,0.664051,0.660846,0.52339935,0.51855886,0.83625644,0.09437747,2400
LHI_vs_SI,151,0.664053,0.670316,0.667102,0.5211991,0.51727676,0.82628727,0.09412837,2140
LHI_vs_SI,151,0.67032,0.676578,0.673437,0.52130896,0.5165385,0.79092693,0.09125143,1949
LHI_vs_SI,151,0.676582,0.68284,0.679599,0.5254598,0.5178563,0.8450299,0.101907074,1909
LHI_vs_SI,151,0.682846,0.689105,0.685998,0.52395475,0.5176104,0.80713654,0.09772156,1743
LHI_vs_SI,151,0.689118,0.695373,0.692123,0.52500385,0.5181908,0.7965239,0.09507044,1612
LHI_vs_SI,151,0.695377,0.701633,0.698362,0.5227149,0.51801175,0.8066975,0.09499976,1534
LHI_vs_SI,151,0.701645,0.707902,0.704729,0.5211215,0.5123062,0.8266364,0.10007779,1417
LHI_vs_SI,151,0.707911,0.71416,0.71112,0.5167715,0.5073471,0.78756994,0.09915497,1184
LHI_vs_SI,151,0.71418,0.720429,0.717141,0.5208985,0.51187307,0.763959,0.0974947,1167
LHI_vs_SI,151,0.720439,0.726683,0.723218,0.5217087,0.50997365,0.74398065,0.098040976,989
LHI_vs_SI,151,0.7267,0.732955,0.729793,0.5239664,0.5147309,0.76748675,0.089414306,903
LHI_vs_SI,151,0.732987,0.739227,0.735892,0.52411914,0.51036245,0.7687897,0.103480294,816
LHI_vs_SI,151,0.739273,0.745487,0.7424865,0.5077212,0.5004236,0.74034566,0.100778386,660
LHI_vs_SI,151,0.745506,0.751748,0.74873,0.5139966,0.50050765,0.79360586,0.11018132,662
LHI_vs_SI,151,0.751757,0.757989,0.754688,0.51840067,0.5091869,0.7441913,0.09976102,576
LHI_vs_SI,151,0.758063,0.76423,0.761361,0.5031967,0.49700293,0.7316642,0.10494092,457
LHI_vs_SI,151,0.764352,0.770549,0.767535,0.51614887,0.50890416,0.7378321,0.0954295,385
LHI_vs_SI,151,0.770553,0.776795,0.773365,0.51114583,0.5029432,0.8137406,0.10226601,347
LHI_vs_SI,151,0.776859,0.783057,0.780197,0.5008457,0.49403986,0.7666911,0.1030533,288
LHI_vs_SI,151,0.78313,0.789315,0.786007,0.5127486,0.5027335,0.7425592,0.10091223,225
LHI_vs_SI,151,0.789372,0.795538,0.792391,0.5029322,0.49687818,0.7524354,0.10572459,213
LHI_vs_SI,151,0.795635,0.801785,0.79881704,0.49706474,0.48925373,0.6842877,0.10218261,150
LHI_vs_SI,151,0.80191,0.808105,0.80538154,0.4973488,0.48761433,0.695822,0.0960873,152
LHI_vs_SI,151,0.808162,0.814351,0.81140304,0.50110304,0.48972267,0.665769,0.0968857,90
LHI_vs_SI,151,0.814421,0.820494,0.816785,0.49733162,0.47250935,0.6912432,0.11163759,105
LHI_vs_SI,151,0.820783,0.826887,0.8235,0.5047513,0.5024757,0.707171,0.07771685,89
LHI_vs_SI,151,0.826965,0.833136,0.8303275,0.47845852,0.4609642,0.6656034,0.091007836,72
LHI_vs_RI,151,0,0.0052262,0,0.53780365,0.52929556,0.8286016,0.107617244,2736
LHI_vs_RI,151,0.0063347,0.0119031,0.0083452,0.577937,0.55376774,0.7860465,0.11637685,172
LHI_vs_RI,151,0.0125364,0.0187408,0.0156434,0.5721982,0.54605573,0.7943008,0.12153499,112
LHI_vs_RI,151,0.0189088,0.025049,0.02097565,0.5115813,0.50883496,0.8081289,0.11958478,78
LHI_vs_RI,151,0.0251531,0.0312839,0.0278021,0.5833581,0.5542385,0.7707333,0.120618075,61
LHI_vs_RI,151,0.0378409,0.0433651,0.039407,0.5426214,0.5376738,0.84284395,0.11646164,826
LHI_vs_RI,151,0.0441441,0.0500825,0.0464723,0.5756071,0.55951077,0.8008182,0.11809651,103
LHI_vs_RI,151,0.0501675,0.0563596,0.051912,0.544426,0.53679997,0.88179094,0.11910516,776
LHI_vs_RI,151,0.0565865,0.0626088,0.0590903,0.5923715,0.5680385,0.80463797,0.13192293,133
LHI_vs_RI,151,0.0626812,0.0688791,0.0631679,0.5540358,0.5413777,0.8004863,0.118083864,600
LHI_vs_RI,151,0.0690383,0.0751638,0.0735594,0.55554974,0.54381794,0.8773895,0.12138767,682
LHI_vs_RI,151,0.0752685,0.0813085,0.0786382,0.56543785,0.5522982,0.8365934,0.1312715,421
LHI_vs_RI,151,0.0815399,0.0876149,0.0848097,0.5579784,0.54518116,0.85160565,0.11688523,710
LHI_vs_RI,151,0.0877274,0.0939651,0.0926138,0.5726705,0.55137193,0.8511981,0.12815979,481
LHI_vs_RI,151,0.0940132,0.100183,0.0955991,0.5566883,0.54978615,0.91482127,0.11783539,490
LHI_vs_RI,151,0.100354,0.106451,0.102302,0.57458794,0.5580547,0.84201497,0.11860525,691
LHI_vs_RI,151,0.106516,0.112757,0.110001,0.55997616,0.545114,0.8808737,0.11824624,707
LHI_vs_RI,151,0.112817,0.119013,0.116631,0.55828094,0.5448594,0.8329291,0.12971207,660
LHI_vs_RI,151,0.119055,0.125249,0.121945,0.5769174,0.5564476,0.8232277,0.1271725,548
LHI_vs_RI,151,0.125355,0.131488,0.127281,0.56490934,0.5522144,0.8774047,0.12899521,783
LHI_vs_RI,151,0.131593,0.13782,0.134286,0.5704659,0.550387,0.8278362,0.1318056,887
LHI_vs_RI,151,0.137833,0.144059,0.141209,0.5676582,0.5485173,0.8222633,0.12591088,856
LHI_vs_RI,151,0.144113,0.150312,0.147615,0.580636,0.55885845,0.85967463,0.12920204,805
LHI_vs_RI,151,0.150379,0.156608,0.153912,0.5660061,0.5457457,0.8212977,0.13737868,954
LHI_vs_RI,151,0.156676,0.162853,0.160426,0.5776601,0.5614717,0.82582766,0.12736979,976
LHI_vs_RI,151,0.162882,0.169143,0.166555,0.5708984,0.54716897,0.8608345,0.13760893,879
LHI_vs_RI,151,0.169154,0.175405,0.172148,0.58247614,0.5549282,0.8550191,0.14269304,915
LHI_vs_RI,151,0.175435,0.181652,0.178529,0.57896817,0.55493605,0.8737039,0.13629584,1198
LHI_vs_RI,151,0.18169,0.187933,0.184503,0.5873502,0.56002283,0.8316375,0.12837471,1102
LHI_vs_RI,151,0.187972,0.194187,0.191166,0.57095635,0.54872537,0.8277418,0.1330262,1332
LHI_vs_RI,151,0.194206,0.20046,0.197503,0.58295405,0.5607175,0.8371668,0.1295144,1237
LHI_vs_RI,151,0.200474,0.206732,0.203806,0.57758206,0.55595076,0.9508626,0.13423271,1231
LHI_vs_RI,151,0.206752,0.21298,0.210019,0.58654106,0.56061125,0.85476,0.12970075,1285
LHI_vs_RI,151,0.212999,0.219261,0.216432,0.58234996,0.56300545,0.88005984,0.12526308,1315
LHI_vs_RI,151,0.219267,0.225509,0.222487,0.57843065,0.545939,0.85752875,0.14101186,1412
LHI_vs_RI,151,0.225535,0.231787,0.228501,0.5866097,0.5613673,0.85787964,0.13155358,1428
LHI_vs_RI,151,0.231797,0.238056,0.23478651,0.58762157,0.5558105,0.9495143,0.13556227,1516
LHI_vs_RI,151,0.238095,0.244316,0.241122,0.58812964,0.55628365,0.8493719,0.13786334,1726
LHI_vs_RI,151,0.244322,0.250585,0.247619,0.58754504,0.5546964,0.9103247,0.13962245,1685
LHI_vs_RI,151,0.250596,0.256848,0.253611,0.5803822,0.55159104,0.8591122,0.13755445,1664
LHI_vs_RI,151,0.256859,0.263092,0.26016402,0.5927844,0.56023735,0.9569734,0.13619989,1844
LHI_vs_RI,151,0.263118,0.269376,0.26656252,0.58610034,0.55642074,0.93352085,0.13534759,1846
LHI_vs_RI,151,0.269391,0.27564,0.272376,0.5863167,0.5562283,0.9046133,0.13360341,1942
LHI_vs_RI,151,0.27565,0.281908,0.27884197,0.590836,0.55787975,0.90218574,0.13619184,1948
LHI_vs_RI,151,0.28192,0.288163,0.28498048,0.5972421,0.56703085,0.88200647,0.13316673,2056
LHI_vs_RI,151,0.288183,0.294434,0.291375,0.59337205,0.56511134,0.89793456,0.12932646,2248
LHI_vs_RI,151,0.294438,0.300696,0.297536,0.6057286,0.5695309,0.89381975,0.13497779,2241
LHI_vs_RI,151,0.300706,0.30696,0.304017,0.5918833,0.56006336,0.894329,0.1351158,2409
LHI_vs_RI,151,0.306968,0.31323,0.310098,0.59742457,0.56221026,0.91895163,0.13782023,2557
LHI_vs_RI,151,0.313233,0.319495,0.3163455,0.594532,0.5605123,0.8565301,0.13573574,2524
LHI_vs_RI,151,0.319501,0.32576,0.32262,0.5888318,0.55599517,0.91636837,0.13436577,2711
LHI_vs_RI,151,0.325762,0.332023,0.328976,0.5924551,0.560913,0.9907823,0.13568148,2743
LHI_vs_RI,151,0.332027,0.338284,0.335226,0.58982056,0.56072116,0.9830853,0.13482238,2982
LHI_vs_RI,151,0.338291,0.344546,0.341382,0.59099185,0.5589974,0.9476181,0.13501945,3031
LHI_vs_RI,151,0.344561,0.350818,0.347702,0.58900076,0.55361116,0.9466602,0.13960981,3277
LHI_vs_RI,151,0.35082,0.357084,0.353982,0.5874072,0.5545446,0.8788649,0.13615032,3518
LHI_vs_RI,151,0.357085,0.363347,0.360262,0.58662015,0.55804336,0.93406826,0.13341244,3652
LHI_vs_RI,151,0.36335,0.369612,0.366435,0.58998793,0.55690825,0.95659304,0.13476598,3989
LHI_vs_RI,151,0.36962,0.375877,0.37262,0.5868998,0.55874324,0.9234552,0.13415393,4069
LHI_vs_RI,151,0.37588,0.382139,0.379,0.5915026,0.5570858,0.883001,0.13908607,3971
LHI_vs_RI,151,0.382149,0.388405,0.385246,0.5818729,0.5534661,0.9094442,0.13932577,4177
LHI_vs_RI,151,0.388408,0.394671,0.39149,0.57890713,0.5492554,0.8641603,0.14080834,4160
LHI_vs_RI,151,0.394674,0.400933,0.39779449,0.5823591,0.5519926,0.8813381,0.13728568,4408
LHI_vs_RI,151,0.400938,0.407198,0.404101,0.5898795,0.55491793,0.9482898,0.13979809,4509
LHI_vs_RI,151,0.407204,0.413465,0.410366,0.5800061,0.5481039,0.87322044,0.1434027,4421
LHI_vs_RI,151,0.413466,0.41973,0.416598,0.57707334,0.5474436,0.870567,0.1405701,4523
LHI_vs_RI,151,0.419731,0.425994,0.4229175,0.573201,0.5452512,0.8804349,0.14347911,4450
LHI_vs_RI,151,0.426,0.432257,0.429207,0.57979167,0.54859734,0.9184157,0.14276838,4694
LHI_vs_RI,151,0.43226,0.438519,0.435434,0.5714123,0.54080975,0.93612367,0.14474934,4712
LHI_vs_RI,151,0.438533,0.444788,0.441672,0.57384086,0.5464318,0.9323642,0.14585872,4931
LHI_vs_RI,151,0.444792,0.451053,0.447927,0.56668705,0.5403211,0.9274206,0.1456373,4725
LHI_vs_RI,151,0.451054,0.457316,0.454151,0.5660051,0.54014355,0.9197763,0.14474924,4791
LHI_vs_RI,151,0.45732,0.463582,0.460448,0.5633748,0.5369743,0.87050515,0.14765504,4663
LHI_vs_RI,151,0.463586,0.469847,0.466649,0.5514688,0.5291656,0.9283356,0.14759715,4555
LHI_vs_RI,151,0.469848,0.476112,0.4729405,0.5581114,0.53508735,0.90883803,0.15048064,4662
LHI_vs_RI,151,0.476113,0.482374,0.479237,0.55141485,0.53037006,0.97284883,0.14880131,4585
LHI_vs_RI,151,0.482377,0.488641,0.485588,0.54918945,0.5306271,0.91260606,0.15200198,4880
LHI_vs_RI,151,0.488642,0.494905,0.491717,0.5496812,0.52903014,0.9544119,0.1521168,4646
LHI_vs_RI,151,0.494908,0.501167,0.498099,0.5428718,0.5240852,0.8713494,0.14988647,4697
LHI_vs_RI,151,0.501175,0.507431,0.504335,0.5486733,0.52759,0.899678,0.15074067,4947
LHI_vs_RI,151,0.507436,0.5137,0.51054,0.54087824,0.5234933,0.9397365,0.15401267,4649
LHI_vs_RI,151,0.513701,0.519963,0.516748,0.53298175,0.52025867,0.95770156,0.15664198,4638
LHI_vs_RI,151,0.519966,0.526228,0.523043,0.5262209,0.5176955,0.9008505,0.15337117,4551
LHI_vs_RI,151,0.52623,0.532494,0.529314,0.529132,0.5176652,0.93358696,0.1540022,4783
LHI_vs_RI,151,0.532498,0.538757,0.5355745,0.51825356,0.51269275,0.92600113,0.15647882,4526
LHI_vs_RI,151,0.538759,0.54502,0.541829,0.5197116,0.5168109,0.94152886,0.15588921,4562
LHI_vs_RI,151,0.545029,0.551284,0.54813755,0.5211339,0.5130602,0.936482,0.15983309,4344
LHI_vs_RI,151,0.551288,0.55755,0.554431,0.5205145,0.51497686,0.9153561,0.15737891,4331
LHI_vs_RI,151,0.557553,0.563816,0.56069,0.5035454,0.5056255,0.9368974,0.15577538,4278
LHI_vs_RI,151,0.563818,0.570081,0.566885,0.51262116,0.5130525,0.96311057,0.16095136,4431
LHI_vs_RI,151,0.570086,0.576345,0.573259,0.50766057,0.50917727,0.88295543,0.15958877,4306
LHI_vs_RI,151,0.576349,0.582609,0.579601,0.5024233,0.50627613,0.91271585,0.15941289,4183
LHI_vs_RI,151,0.582614,0.588875,0.585686,0.49745128,0.5032997,0.9171973,0.16015138,4083
LHI_vs_RI,151,0.588876,0.595133,0.592012,0.49230802,0.5023429,0.90911484,0.16041096,3912
LHI_vs_RI,151,0.595143,0.601403,0.59827,0.50342155,0.5049858,1.0000005,0.16152656,3739
LHI_vs_RI,151,0.60141,0.607664,0.604426,0.5021561,0.50768054,0.93760127,0.16202927,3633
LHI_vs_RI,151,0.607671,0.613933,0.610751,0.5002838,0.50778633,0.9048719,0.16258596,3605
LHI_vs_RI,151,0.613936,0.620192,0.6169415,0.48870122,0.4969641,0.8922028,0.16178963,3386
LHI_vs_RI,151,0.6202,0.626462,0.623331,0.48798892,0.49622378,0.98037297,0.16046469,3327
LHI_vs_RI,151,0.626464,0.632728,0.629595,0.47861564,0.4940911,0.9292436,0.16393897,3226
LHI_vs_RI,151,0.632733,0.638992,0.6358,0.48356795,0.4977502,0.90970045,0.16508983,2920
LHI_vs_RI,151,0.638994,0.645257,0.641846,0.47845945,0.49337056,0.9223495,0.16363809,2766
LHI_vs_RI,151,0.645258,0.651522,0.6484105,0.47750908,0.49027672,0.933816,0.16010834,2672
LHI_vs_RI,151,0.651525,0.657782,0.654675,0.48956475,0.49969095,0.95973843,0.16505553,2667
LHI_vs_RI,151,0.657791,0.664051,0.660846,0.4758433,0.4940246,0.93070936,0.16251543,2400
LHI_vs_RI,151,0.664053,0.670316,0.667102,0.48220283,0.49307495,0.99154615,0.15886271,2140
LHI_vs_RI,151,0.67032,0.676578,0.673437,0.4652223,0.48928583,0.9311126,0.16584307,1949
LHI_vs_RI,151,0.676582,0.68284,0.679599,0.4764729,0.49288958,0.9761787,0.16242926,1909
LHI_vs_RI,151,0.682846,0.689105,0.685998,0.46530446,0.48117557,0.9251289,0.15864816,1743
LHI_vs_RI,151,0.689118,0.695373,0.692123,0.47017163,0.48451552,0.91403884,0.16192012,1612
LHI_vs_RI,151,0.695377,0.701633,0.698362,0.48365682,0.48979133,0.91631615,0.15655942,1534
LHI_vs_RI,151,0.701645,0.707902,0.704729,0.46749136,0.48393044,0.87504804,0.16159634,1417
LHI_vs_RI,151,0.707911,0.71416,0.71112,0.48301238,0.5005003,0.9300533,0.1675455,1184
LHI_vs_RI,151,0.71418,0.720429,0.717141,0.46612674,0.4877553,0.94657665,0.15979272,1167
LHI_vs_RI,151,0.720439,0.726683,0.723218,0.47048,0.48505127,0.9316542,0.16611882,989
LHI_vs_RI,151,0.7267,0.732955,0.729793,0.4701144,0.47979552,0.91507053,0.16805547,903
LHI_vs_RI,151,0.732987,0.739227,0.735892,0.48216403,0.49641094,0.9064702,0.16956724,816
LHI_vs_RI,151,0.739273,0.745487,0.7424865,0.50695,0.5133264,0.93939483,0.16857861,660
LHI_vs_RI,151,0.745506,0.751748,0.74873,0.51162577,0.514809,0.8981371,0.17032659,662
LHI_vs_RI,151,0.751757,0.757989,0.754688,0.5326885,0.5240976,0.9201016,0.16370858,576
LHI_vs_RI,151,0.758063,0.76423,0.761361,0.54232866,0.5302833,0.8814452,0.16587435,457
LHI_vs_RI,151,0.764352,0.770549,0.767535,0.52339953,0.5090791,0.899061,0.16010717,385
LHI_vs_RI,151,0.770553,0.776795,0.773365,0.5475082,0.5317757,0.9177386,0.1602961,347
LHI_vs_RI,151,0.776859,0.783057,0.780197,0.5638107,0.5416677,0.8949005,0.16652985,288
LHI_vs_RI,151,0.78313,0.789315,0.786007,0.58990425,0.55594546,0.87421626,0.15961361,225
LHI_vs_RI,151,0.789372,0.795538,0.792391,0.53917044,0.526026,0.83815503,0.1450379,213
LHI_vs_RI,151,0.795635,0.801785,0.79881704,0.59938073,0.5682377,0.9243397,0.154841,150
LHI_vs_RI,151,0.80191,0.808105,0.80538154,0.5884094,0.5736483,0.850058,0.1451833,152
LHI_vs_RI,151,0.808162,0.814351,0.81140304,0.5690049,0.53376067,0.868027,0.15544084,90
LHI_vs_RI,151,0.814421,0.820494,0.816785,0.58869505,0.5595563,0.778588,0.13533695,105
LHI_vs_RI,151,0.820783,0.826887,0.8235,0.60832983,0.5964402,0.8828287,0.12643367,89
LHI_vs_RI,151,0.826965,0.833136,0.8303275,0.62270665,0.58865917,0.81261337,0.1433027,72
LHI_vs_VI,151,0,0.0052262,0,0.42059088,0.4267079,0.74431473,0.06869885,2736
LHI_vs_VI,151,0.0063347,0.0119031,0.0083452,0.43245134,0.43518767,0.58725643,0.060633883,172
LHI_vs_VI,151,0.0125364,0.0187408,0.0156434,0.44554013,0.4426084,0.58480537,0.057935514,112
LHI_vs_VI,151,0.0189088,0.025049,0.02097565,0.46270865,0.46936995,0.61248684,0.05839362,78
LHI_vs_VI,151,0.0251531,0.0312839,0.0278021,0.44364282,0.44604474,0.5478611,0.051425528,61
LHI_vs_VI,151,0.0378409,0.0433651,0.039407,0.42147392,0.42626294,0.65139973,0.06941515,826
LHI_vs_VI,151,0.0441441,0.0500825,0.0464723,0.44442162,0.44287243,0.58276594,0.061940767,103
LHI_vs_VI,151,0.0501675,0.0563596,0.051912,0.4305805,0.43399027,0.63732207,0.06829267,776
LHI_vs_VI,151,0.0565865,0.0626088,0.0590903,0.4601383,0.45190528,0.6094595,0.05986551,133
LHI_vs_VI,151,0.0626812,0.0688791,0.0631679,0.4329539,0.43388152,0.6535726,0.06957682,600
LHI_vs_VI,151,0.0690383,0.0751638,0.0735594,0.4305058,0.43361,0.67413396,0.07057966,682
LHI_vs_VI,151,0.0752685,0.0813085,0.0786382,0.42806408,0.42780715,0.63179255,0.07161039,421
LHI_vs_VI,151,0.0815399,0.0876149,0.0848097,0.4350769,0.43682268,0.691483,0.07054379,710
LHI_vs_VI,151,0.0877274,0.0939651,0.0926138,0.4321827,0.43482366,0.68543905,0.06901145,481
LHI_vs_VI,151,0.0940132,0.100183,0.0955991,0.43162823,0.42962238,0.63104796,0.06676665,490
LHI_vs_VI,151,0.100354,0.106451,0.102302,0.4245155,0.42941946,0.6859939,0.06662897,691
LHI_vs_VI,151,0.106516,0.112757,0.110001,0.4311969,0.43441945,0.68177736,0.07123528,707
LHI_vs_VI,151,0.112817,0.119013,0.116631,0.43312305,0.43314126,0.6395823,0.071288124,660
LHI_vs_VI,151,0.119055,0.125249,0.121945,0.431795,0.42893156,0.67234796,0.06888688,548
LHI_vs_VI,151,0.125355,0.131488,0.127281,0.42605796,0.429461,0.678924,0.071253695,783
LHI_vs_VI,151,0.131593,0.13782,0.134286,0.43431714,0.43487766,0.72764283,0.072654925,887
LHI_vs_VI,151,0.137833,0.144059,0.141209,0.43288773,0.43338147,0.6548109,0.07137532,856
LHI_vs_VI,151,0.144113,0.150312,0.147615,0.43178856,0.43262056,0.7103638,0.07159329,805
LHI_vs_VI,151,0.150379,0.156608,0.153912,0.4316309,0.43506828,0.6886859,0.07133426,954
LHI_vs_VI,151,0.156676,0.162853,0.160426,0.42648664,0.42952654,0.79364455,0.070694126,976
LHI_vs_VI,151,0.162882,0.169143,0.166555,0.43201014,0.43454906,0.7133057,0.0731679,879
LHI_vs_VI,151,0.169154,0.175405,0.172148,0.43102753,0.43196127,0.6479552,0.072476454,915
LHI_vs_VI,151,0.175435,0.181652,0.178529,0.42955357,0.4340722,0.6968249,0.07170435,1198
LHI_vs_VI,151,0.18169,0.187933,0.184503,0.42881557,0.430562,0.6870139,0.07111086,1102
LHI_vs_VI,151,0.187972,0.194187,0.191166,0.42688787,0.43094265,0.7652073,0.07321666,1332
LHI_vs_VI,151,0.194206,0.20046,0.197503,0.43053365,0.42920357,0.7212774,0.07038545,1237
LHI_vs_VI,151,0.200474,0.206732,0.203806,0.43278766,0.4353959,0.73268753,0.07004565,1231
LHI_vs_VI,151,0.206752,0.21298,0.210019,0.42485482,0.4268901,0.6554878,0.07093639,1285
LHI_vs_VI,151,0.212999,0.219261,0.216432,0.4277038,0.42986876,0.6818745,0.071034975,1315
LHI_vs_VI,151,0.219267,0.225509,0.222487,0.4300915,0.43364626,0.68697137,0.07233665,1412
LHI_vs_VI,151,0.225535,0.231787,0.228501,0.42943,0.43199798,0.6753316,0.07108669,1428
LHI_vs_VI,151,0.231797,0.238056,0.23478651,0.42711723,0.43208784,0.7090829,0.067616,1516
LHI_vs_VI,151,0.238095,0.244316,0.241122,0.42550606,0.42842838,0.6965774,0.07396072,1726
LHI_vs_VI,151,0.244322,0.250585,0.247619,0.42531565,0.42973673,0.7167913,0.074025236,1685
LHI_vs_VI,151,0.250596,0.256848,0.253611,0.42837545,0.4317159,0.69572777,0.070040144,1664
LHI_vs_VI,151,0.256859,0.263092,0.26016402,0.42567798,0.42679724,0.70850575,0.071620874,1844
LHI_vs_VI,151,0.263118,0.269376,0.26656252,0.42391467,0.42789358,0.71160305,0.07153017,1846
LHI_vs_VI,151,0.269391,0.27564,0.272376,0.42460793,0.4280489,0.6828976,0.06876182,1942
LHI_vs_VI,151,0.27565,0.281908,0.27884197,0.42631042,0.427997,0.7104718,0.07068256,1948
LHI_vs_VI,151,0.28192,0.288163,0.28498048,0.4241421,0.42851076,0.7064287,0.069996364,2056
LHI_vs_VI,151,0.288183,0.294434,0.291375,0.42155683,0.42501932,0.6947771,0.07074932,2248
LHI_vs_VI,151,0.294438,0.300696,0.297536,0.4205415,0.42432964,0.7234839,0.07112013,2241
LHI_vs_VI,151,0.300706,0.30696,0.304017,0.4226253,0.42713138,0.7170647,0.07104708,2409
LHI_vs_VI,151,0.306968,0.31323,0.310098,0.42120865,0.42569962,0.7650786,0.07098393,2557
LHI_vs_VI,151,0.313233,0.319495,0.3163455,0.42366877,0.42741475,0.69696885,0.07076696,2524
LHI_vs_VI,151,0.319501,0.32576,0.32262,0.42342916,0.42722479,0.68913066,0.07104636,2711
LHI_vs_VI,151,0.325762,0.332023,0.328976,0.4229906,0.42762464,0.69875973,0.072433986,2743
LHI_vs_VI,151,0.332027,0.338284,0.335226,0.42202026,0.42527917,0.70503587,0.07134541,2982
LHI_vs_VI,151,0.338291,0.344546,0.341382,0.42084596,0.42473477,0.7345185,0.071105756,3031
LHI_vs_VI,151,0.344561,0.350818,0.347702,0.4247641,0.4282917,0.7027524,0.068197064,3277
LHI_vs_VI,151,0.35082,0.357084,0.353982,0.4231168,0.42586252,0.7212727,0.07190698,3518
LHI_vs_VI,151,0.357085,0.363347,0.360262,0.4224369,0.42549533,0.7230734,0.07078353,3652
LHI_vs_VI,151,0.36335,0.369612,0.366435,0.42227903,0.42599112,0.7427312,0.070945,3989
LHI_vs_VI,151,0.36962,0.375877,0.37262,0.42439005,0.42530555,0.71345395,0.07179782,4069
LHI_vs_VI,151,0.37588,0.382139,0.379,0.4217313,0.42453322,0.73161376,0.07108467,3971
LHI_vs_VI,151,0.382149,0.388405,0.385246,0.42569003,0.42756516,0.72677124,0.07124357,4177
LHI_vs_VI,151,0.388408,0.394671,0.39149,0.42541614,0.4282773,0.7636485,0.07233604,4160
LHI_vs_VI,151,0.394674,0.400933,0.39779449,0.426019,0.43174595,0.74873126,0.07336312,4408
LHI_vs_VI,151,0.400938,0.407198,0.404101,0.42430767,0.42838624,0.75163394,0.073289044,4509
LHI_vs_VI,151,0.407204,0.413465,0.410366,0.42440838,0.428119,0.70418215,0.073449925,4421
LHI_vs_VI,151,0.413466,0.41973,0.416598,0.4242366,0.42782706,0.73658377,0.07086638,4523
LHI_vs_VI,151,0.419731,0.425994,0.4229175,0.42806193,0.4308746,0.7204636,0.07386058,4450
LHI_vs_VI,151,0.426,0.432257,0.429207,0.42592844,0.4286184,0.71380424,0.072938636,4694
LHI_vs_VI,151,0.43226,0.438519,0.435434,0.427451,0.43048343,0.7221098,0.07367104,4712
LHI_vs_VI,151,0.438533,0.444788,0.441672,0.4257316,0.4288958,0.7105599,0.074587695,4931
LHI_vs_VI,151,0.444792,0.451053,0.447927,0.43011135,0.4339595,0.73183674,0.07676409,4725
LHI_vs_VI,151,0.451054,0.457316,0.454151,0.42736655,0.4302484,0.73128176,0.07589202,4791
LHI_vs_VI,151,0.45732,0.463582,0.460448,0.43059683,0.43366104,0.72788095,0.07472277,4663
LHI_vs_VI,151,0.463586,0.469847,0.466649,0.43003255,0.4319136,0.74179876,0.075590394,4555
LHI_vs_VI,151,0.469848,0.476112,0.4729405,0.42900634,0.43355384,0.735259,0.07512524,4662
LHI_vs_VI,151,0.476113,0.482374,0.479237,0.4305161,0.43398938,0.7237053,0.07681747,4585
LHI_vs_VI,151,0.482377,0.488641,0.485588,0.43023968,0.43257502,0.7500304,0.07818695,4880
LHI_vs_VI,151,0.488642,0.494905,0.491717,0.42776066,0.4307508,0.7106839,0.079497404,4646
LHI_vs_VI,151,0.494908,0.501167,0.498099,0.4333744,0.43575734,0.7248243,0.078027986,4697
LHI_vs_VI,151,0.501175,0.507431,0.504335,0.43118376,0.43451902,0.7093418,0.07743025,4947
LHI_vs_VI,151,0.507436,0.5137,0.51054,0.4332437,0.43562004,0.7676721,0.07821299,4649
LHI_vs_VI,151,0.513701,0.519963,0.516748,0.43266886,0.43600577,0.7224332,0.07822285,4638
LHI_vs_VI,151,0.519966,0.526228,0.523043,0.4334585,0.4366252,0.73710895,0.07878493,4551
LHI_vs_VI,151,0.52623,0.532494,0.529314,0.43596497,0.4376401,0.7677487,0.079333805,4783
LHI_vs_VI,151,0.532498,0.538757,0.5355745,0.43588394,0.43863454,0.71031016,0.07926157,4526
LHI_vs_VI,151,0.538759,0.54502,0.541829,0.43337438,0.43533382,0.724267,0.081114404,4562
LHI_vs_VI,151,0.545029,0.551284,0.54813755,0.43565017,0.43706968,0.7176201,0.08182058,4344
LHI_vs_VI,151,0.551288,0.55755,0.554431,0.4338972,0.4370875,0.7087837,0.08103259,4331
LHI_vs_VI,151,0.557553,0.563816,0.56069,0.44123238,0.44149026,0.7316134,0.08238095,4278
LHI_vs_VI,151,0.563818,0.570081,0.566885,0.4365564,0.4397215,0.7325216,0.08080881,4431
LHI_vs_VI,151,0.570086,0.576345,0.573259,0.43737072,0.43786126,0.7580721,0.07932933,4306
LHI_vs_VI,151,0.576349,0.582609,0.579601,0.43735185,0.43865278,0.70468605,0.081419334,4183
LHI_vs_VI,151,0.582614,0.588875,0.585686,0.43593487,0.43973213,0.7085618,0.08024403,4083
LHI_vs_VI,151,0.588876,0.595133,0.592012,0.43996632,0.43998325,0.7181088,0.08434105,3912
LHI_vs_VI,151,0.595143,0.601403,0.59827,0.43964118,0.44075638,0.72909653,0.08231998,3739
LHI_vs_VI,151,0.60141,0.607664,0.604426,0.43655932,0.43736243,0.72668135,0.08338044,3633
LHI_vs_VI,151,0.607671,0.613933,0.610751,0.44082028,0.43976906,0.73675835,0.08542546,3605
LHI_vs_VI,151,0.613936,0.620192,0.6169415,0.44087815,0.44042355,0.71178836,0.085029185,3386
LHI_vs_VI,151,0.6202,0.626462,0.623331,0.44443488,0.44288945,0.6991692,0.08208097,3327
LHI_vs_VI,151,0.626464,0.632728,0.629595,0.4418868,0.4407653,0.71610814,0.08454184,3226
LHI_vs_VI,151,0.632733,0.638992,0.6358,0.4415676,0.44114676,0.7164487,0.08596229,2920
LHI_vs_VI,151,0.638994,0.645257,0.641846,0.44354004,0.4424611,0.7498759,0.08687243,2766
LHI_vs_VI,151,0.645258,0.651522,0.6484105,0.44816798,0.446023,0.7589155,0.08640006,2672
LHI_vs_VI,151,0.651525,0.657782,0.654675,0.44378114,0.43999943,0.7085786,0.08679607,2667
LHI_vs_VI,151,0.657791,0.664051,0.660846,0.44473916,0.44241047,0.7441501,0.08624244,2400
LHI_vs_VI,151,0.664053,0.670316,0.667102,0.4440362,0.44161955,0.6891083,0.08533533,2140
LHI_vs_VI,151,0.67032,0.676578,0.673437,0.44353002,0.44133088,0.68500876,0.08323385,1949
LHI_vs_VI,151,0.676582,0.68284,0.679599,0.44556636,0.44226927,0.6988354,0.09224553,1909
LHI_vs_VI,151,0.682846,0.689105,0.685998,0.443801,0.44328114,0.6867375,0.08907631,1743
LHI_vs_VI,151,0.689118,0.695373,0.692123,0.44740897,0.44390446,0.7037395,0.08655893,1612
LHI_vs_VI,151,0.695377,0.701633,0.698362,0.44463855,0.44207415,0.7166895,0.08641091,1534
LHI_vs_VI,151,0.701645,0.707902,0.704729,0.44317868,0.4383515,0.7452951,0.09139588,1417
LHI_vs_VI,151,0.707911,0.71416,0.71112,0.43797034,0.4325873,0.72646326,0.091855496,1184
LHI_vs_VI,151,0.71418,0.720429,0.717141,0.44120166,0.43777996,0.6548,0.08930671,1167
LHI_vs_VI,151,0.720439,0.726683,0.723218,0.4463419,0.43711424,0.6667731,0.09009955,989
LHI_vs_VI,151,0.7267,0.732955,0.729793,0.44733486,0.44121966,0.6615209,0.0824535,903
LHI_vs_VI,151,0.732987,0.739227,0.735892,0.44538555,0.43622914,0.7028423,0.09633312,816
LHI_vs_VI,151,0.739273,0.745487,0.7424865,0.42948502,0.42517197,0.6487093,0.09269353,660
LHI_vs_VI,151,0.745506,0.751748,0.74873,0.43610388,0.42532873,0.6874169,0.100754626,662
LHI_vs_VI,151,0.751757,0.757989,0.754688,0.43459255,0.43023288,0.6732235,0.09085708,576
LHI_vs_VI,151,0.758063,0.76423,0.761361,0.42716038,0.41932338,0.6473662,0.09444351,457
LHI_vs_VI,151,0.764352,0.770549,0.767535,0.43814877,0.43132418,0.65680104,0.08612029,385
LHI_vs_VI,151,0.770553,0.776795,0.773365,0.4298904,0.42344648,0.64990354,0.08994805,347
LHI_vs_VI,151,0.776859,0.783057,0.780197,0.41766995,0.41560388,0.66351587,0.09479844,288
LHI_vs_VI,151,0.78313,0.789315,0.786007,0.43054995,0.42093575,0.6163525,0.089709766,225
LHI_vs_VI,151,0.789372,0.795538,0.792391,0.42002738,0.41889897,0.6502283,0.09257812,213
LHI_vs_VI,151,0.795635,0.801785,0.79881704,0.42032078,0.40809688,0.5765584,0.089864075,150
LHI_vs_VI,151,0.80191,0.808105,0.80538154,0.414427,0.40521887,0.5777029,0.08449497,152
LHI_vs_VI,151,0.808162,0.814351,0.81140304,0.41033173,0.41223338,0.5700406,0.08227473,90
LHI_vs_VI,151,0.814421,0.820494,0.816785,0.41170514,0.39469263,0.61696595,0.09589797,105
LHI_vs_VI,151,0.820783,0.826887,0.8235,0.41577256,0.41426614,0.58131105,0.069439664,89
LHI_vs_VI,151,0.826965,0.833136,0.8303275,0.39069715,0.38286003,0.5676051,0.08175625,72
TM_vs_EI,366,2.15e-05,0.003497514,0.00067608,0.53959,0.542259,0.89152265,0.07410392,37412
TM_vs_EI,366,0.003498348,0.006974235,0.005272131,0.57395816,0.56549484,0.86286914,0.09498853,8120
TM_vs_EI,366,0.006974515,0.010449842,0.008615196,0.550596,0.5440709,0.862196,0.09849291,7501
TM_vs_EI,366,0.010450646,0.013926303,0.012140563,0.5378791,0.5311307,0.93390507,0.10737019,5940
TM_vs_EI,366,0.013927081,0.017402856,0.015708702,0.53835857,0.53195554,0.95850927,0.10970489,6059
TM_vs_EI,366,0.017403618,0.02087917,0.019036703,0.54475766,0.53776556,0.9110756,0.11374116,6253
TM_vs_EI,366,0.020880887,0.024355482,0.022580069,0.5529841,0.5451848,0.893076,0.11187414,5519
TM_vs_EI,366,0.024358256,0.027831197,0.026015282,0.5572739,0.54372036,0.9050083,0.12346203,5141
TM_vs_EI,366,0.02783412,0.031308725,0.029592212,0.5562273,0.5463494,0.9106849,0.119555615,5142
TM_vs_EI,366,0.03130946,0.034785192,0.033087224,0.5633042,0.5549937,0.9385797,0.121204756,5480
TM_vs_EI,366,0.03478622,0.038259912,0.036438987,0.5696112,0.5604312,0.973049,0.119961925,5518
TM_vs_EI,366,0.03826182,0.04173743,0.039972797,0.558523,0.5534932,0.9475608,0.11718938,4677
TM_vs_EI,366,0.041740242,0.04521017,0.04336955,0.5563725,0.54969144,0.88236773,0.1160155,3826
TM_vs_EI,366,0.04521549,0.048689544,0.0470114,0.5613158,0.55576646,0.8798093,0.109410234,3666
TM_vs_EI,366,0.048693493,0.05216611,0.05040147,0.55613464,0.5536763,0.91438204,0.11100217,3608
TM_vs_EI,366,0.05216745,0.055642966,0.053833067,0.55901086,0.5578207,0.92624986,0.10834978,3158
TM_vs_EI,366,0.055650253,0.059119172,0.057452034,0.55974454,0.56144196,0.97281927,0.10653954,3042
TM_vs_EI,366,0.059120744,0.062593885,0.060875602,0.56810963,0.57088846,0.9529011,0.10132411,3212
TM_vs_EI,366,0.062596366,0.066070855,0.06426579,0.5719605,0.57484376,0.9999998,0.10155037,3275
TM_vs_EI,366,0.066077426,0.06954834,0.067769125,0.5628537,0.5691697,0.9044148,0.09933171,3064
TM_vs_EI,366,0.06954915,0.07302514,0.071346655,0.55236435,0.5590605,0.8938542,0.098520786,3406
TM_vs_EI,366,0.07302692,0.0764995,0.07480516,0.5377275,0.54569477,0.86764926,0.097241044,3863
TM_vs_EI,366,0.07650225,0.0799775,0.07810505,0.54985195,0.55771375,0.9322791,0.09690189,3517
TM_vs_EI,366,0.0799785,0.08345431,0.0816775,0.55463636,0.564064,0.973023,0.09693409,2951
TM_vs_EI,366,0.08345993,0.08692753,0.085227825,0.5452058,0.55113095,0.92612165,0.08467227,3161
TM_vs_EI,366,0.08693107,0.090404294,0.088729076,0.54926014,0.5514361,0.90200716,0.087306306,3073
TM_vs_EI,366,0.0904117,0.09388337,0.09217539,0.54181755,0.54085344,0.8433088,0.08919603,3253
TM_vs_EI,366,0.093884446,0.097356714,0.09576948,0.5469295,0.5479957,0.91861165,0.09183944,3764
TM_vs_EI,366,0.09736068,0.100833446,0.09911698,0.54407215,0.5479956,0.9094157,0.08734093,4412
TM_vs_EI,366,0.10083724,0.10431241,0.1026486,0.53942835,0.54218346,0.8695154,0.08528597,4994
TM_vs_EI,366,0.10431319,0.107788906,0.10605794,0.5486665,0.549135,0.8408621,0.08339629,4986
TM_vs_EI,366,0.10778913,0.11126416,0.10951106,0.5628371,0.5604961,0.89624476,0.08443358,5266
TM_vs_EI,366,0.11126538,0.11474147,0.11296166,0.55414426,0.55005944,0.89326376,0.08593712,5051
TM_vs_EI,366,0.11474303,0.11821642,0.11650415,0.5532049,0.5502566,0.8449175,0.08658572,4999
TM_vs_EI,366,0.11821887,0.12169424,0.119999096,0.55845857,0.5577622,0.9230486,0.08457705,5504
TM_vs_EI,366,0.12169662,0.12516876,0.12349395,0.5551019,0.55350286,0.87861264,0.08206005,6408
TM_vs_EI,366,0.12517099,0.12864707,0.12695207,0.5545714,0.5522555,0.87105966,0.08242625,6942
TM_vs_EI,366,0.12864877,0.13212349,0.13025646,0.55095154,0.5515098,0.8937885,0.080235526,6953
TM_vs_EI,366,0.13212521,0.13559915,0.13383217,0.5505019,0.5517266,0.87857187,0.08138965,6337
TM_vs_EI,366,0.13560173,0.1390741,0.13732545,0.55790055,0.5557122,0.87946767,0.077083535,6036
TM_vs_EI,366,0.1390763,0.14255205,0.1407834,0.55557466,0.5543708,0.85026604,0.07607094,5617
TM_vs_EI,366,0.14255297,0.14602673,0.1442025,0.54977125,0.5489318,0.91273046,0.07458064,5239
TM_vs_EI,366,0.14603175,0.14950438,0.14779362,0.54215705,0.5430452,0.79017806,0.074622735,4892
TM_vs_EI,366,0.14950565,0.15297857,0.15117754,0.5489201,0.5508665,0.85474586,0.074707955,4251
TM_vs_EI,366,0.15298356,0.15645728,0.15467441,0.54948616,0.5525864,0.9215057,0.073320866,4081
TM_vs_EI,366,0.15646176,0.15993409,0.15808089,0.54667956,0.5512453,0.8600827,0.07425587,3412
TM_vs_EI,366,0.15993467,0.16340911,0.1615926,0.54433495,0.54997903,0.8209292,0.07354684,2852
TM_vs_EI,366,0.16341363,0.16688636,0.16509907,0.54730415,0.5516893,0.8794658,0.0730876,2445
TM_vs_EI,366,0.16688757,0.17036356,0.1685168,0.5479479,0.55265516,0.790483,0.071488194,2272
TM_vs_EI,366,0.17036943,0.1738352,0.17207828,0.5441794,0.5482704,0.8059372,0.07427735,2144
TM_vs_EI,366,0.17384274,0.17731555,0.17556106,0.5441332,0.54904854,0.8382363,0.075995155,1743
TM_vs_EI,366,0.17731935,0.18079096,0.17903966,0.552413,0.55663395,0.80783874,0.07560067,1872
TM_vs_EI,366,0.18079302,0.18426673,0.18253472,0.5450946,0.5523478,0.8727897,0.07821729,1794
TM_vs_EI,366,0.18427366,0.18773477,0.1859095,0.5484453,0.5518273,0.91190565,0.07729826,1491
TM_vs_EI,366,0.18775758,0.19119753,0.18939076,0.5449023,0.5522245,0.8525646,0.08008917,1351
TM_vs_EI,366,0.1912246,0.19469622,0.19304192,0.5394136,0.54898036,0.8588266,0.07879977,1244
TM_vs_EI,366,0.19470048,0.19815741,0.19636469,0.5403371,0.55033433,0.8877144,0.0787264,1284
TM_vs_EI,366,0.19818008,0.20164904,0.19988813,0.54805803,0.55150926,0.846037,0.0776522,1048
TM_vs_EI,366,0.20165631,0.20512263,0.20319776,0.54247594,0.5481718,0.8284688,0.08012067,1034
TM_vs_EI,366,0.20512737,0.20860255,0.20675701,0.55061424,0.55419564,0.8469891,0.082991324,790
TM_vs_EI,366,0.20860834,0.21207687,0.21044974,0.5622577,0.5620243,0.7965946,0.078241825,812
TM_vs_EI,366,0.21208557,0.21551995,0.2137234,0.5669154,0.5681308,0.8054793,0.074657924,821
TM_vs_EI,366,0.2155573,0.21903051,0.21732445,0.5752929,0.57448876,0.82900774,0.0711518,780
TM_vs_EI,366,0.21903284,0.2225032,0.22084759,0.5680094,0.56940347,0.7882172,0.06442998,800
TM_vs_EI,366,0.22252628,0.22598097,0.22433327,0.5702514,0.5699986,0.7854592,0.066811524,681
TM_vs_EI,366,0.22598597,0.22945298,0.22765926,0.56394815,0.5627309,0.7796852,0.06430281,726
TM_vs_EI,366,0.22946365,0.23293391,0.23129512,0.56919676,0.5676947,0.81432915,0.067665406,735
TM_vs_EI,366,0.23293899,0.23640865,0.23466003,0.5748161,0.5732509,0.86392134,0.06847869,742
TM_vs_EI,366,0.23642401,0.23988612,0.23841941,0.5598905,0.55965286,0.80530393,0.06800555,1241
TM_vs_EI,366,0.23989697,0.24336667,0.24192636,0.56780374,0.5664176,0.7733702,0.056340292,1497
TM_vs_EI,366,0.24336767,0.2468428,0.24517617,0.5611675,0.56366676,0.9059246,0.0630435,1237
TM_vs_EI,366,0.24685635,0.25030532,0.24858856,0.57713425,0.57781893,0.90088797,0.064942256,839
TM_vs_EI,366,0.2503245,0.25376117,0.2520491,0.58254,0.5865001,0.83745307,0.06827421,701
TM_vs_EI,366,0.25380102,0.2572686,0.2555163,0.5874907,0.58385444,0.8185223,0.05983767,1061
TM_vs_EI,366,0.25729257,0.26073256,0.2586809,0.5737127,0.5748148,0.8324569,0.06422668,658
TM_vs_EI,366,0.26075014,0.26422137,0.2622917,0.5701073,0.57042754,0.823145,0.06627045,371
TM_vs_EI,366,0.26425397,0.2676933,0.2656488,0.5647015,0.5603604,0.82811534,0.07959699,325
TM_vs_EI,366,0.26770267,0.27116057,0.26954716,0.5629651,0.5638096,0.8103521,0.07558268,398
TM_vs_EI,366,0.27118936,0.27464005,0.27290347,0.5505382,0.55451673,0.84025717,0.07582609,422
TM_vs_EI,366,0.2746618,0.27813065,0.276604,0.55229187,0.5527666,0.77870196,0.07359152,436
TM_vs_EI,366,0.2781379,0.28158224,0.2799384,0.5498687,0.5472404,0.7768953,0.07731887,379
TM_vs_EI,366,0.28161314,0.28507927,0.2831699,0.55984694,0.56626844,0.8164611,0.08288096,332
TM_vs_EI,366,0.28509432,0.28854263,0.28663817,0.56229424,0.5593095,0.8685423,0.078234404,350
TM_vs_EI,366,0.28856295,0.2920283,0.2902731,0.5616654,0.56194395,0.80670637,0.07575849,329
TM_vs_EI,366,0.2920545,0.29550886,0.29370147,0.56101155,0.5616714,0.8072994,0.08102273,281
TM_vs_EI,366,0.295523,0.29897854,0.29729646,0.56645215,0.56121135,0.8258772,0.0738823,296
TM_vs_EI,366,0.29900077,0.30244052,0.30063617,0.5543244,0.5515744,0.7762607,0.07698884,302
TM_vs_EI,366,0.30250388,0.30593532,0.30423266,0.55441755,0.55570924,0.7755399,0.0792723,293
TM_vs_EI,366,0.30597642,0.30937463,0.30786693,0.5523739,0.5513302,0.822869,0.08429548,267
TM_vs_EI,366,0.3094307,0.31287676,0.3116444,0.57857794,0.5765818,0.79240495,0.06536878,279
TM_vs_EI,366,0.31289867,0.31633452,0.31426713,0.56817746,0.57554024,0.8566913,0.07943498,290
TM_vs_EI,366,0.31637534,0.31982332,0.31784567,0.5924709,0.57921666,0.80575484,0.08414032,195
TM_vs_EI,366,0.3198948,0.32330707,0.32163745,0.57993865,0.57691234,0.79932845,0.07510593,256
TM_vs_EI,366,0.32332855,0.3267319,0.3250521,0.5736785,0.5641119,0.8404021,0.08611099,178
TM_vs_EI,366,0.32682836,0.3302684,0.3286245,0.56775934,0.5623122,0.8216648,0.08817784,219
TM_vs_EI,366,0.33039173,0.33374798,0.3320726,0.55628514,0.5542971,0.75689447,0.080883056,185
TM_vs_EI,366,0.3337535,0.33721536,0.33612463,0.5302984,0.53425324,0.85202265,0.09816869,447
TM_vs_EI,366,0.33724803,0.34069702,0.3386613,0.57294047,0.55515355,0.8627772,0.10528541,355
TM_vs_EI,366,0.34075287,0.3441751,0.34210548,0.5982263,0.59168833,0.84755945,0.07862615,248
TM_vs_EI,366,0.34418663,0.34761804,0.3458454,0.5881634,0.5855338,0.8044953,0.08121747,260
TM_vs_EI,366,0.34769616,0.3511339,0.349503,0.579845,0.57804656,0.8407953,0.08920119,227
TM_vs_EI,366,0.3511556,0.35458657,0.3528187,0.57572496,0.5870059,0.844995,0.07812803,167
TM_vs_EI,366,0.35470554,0.3580835,0.3565184,0.5565016,0.5664171,0.86229455,0.09600466,167
TM_vs_EI,366,0.35809878,0.3615366,0.35967934,0.5673393,0.5786141,0.9111847,0.092089556,170
TM_vs_EI,366,0.3615704,0.3650192,0.36324424,0.5679951,0.5701866,0.81904477,0.08987031,186
TM_vs_EI,366,0.3650463,0.36851132,0.3668024,0.555835,0.5578076,0.8890379,0.09627505,186
TM_vs_EI,366,0.36858287,0.3719915,0.37020764,0.5480329,0.55456066,0.7962138,0.08615619,237
TM_vs_EI,366,0.37202755,0.37546432,0.37370297,0.5667132,0.5677655,0.8276636,0.08767252,167
TM_vs_EI,366,0.37546974,0.37894204,0.37744763,0.57646483,0.57968926,0.76017344,0.074873984,137
TM_vs_EI,366,0.378955,0.38240698,0.38068002,0.59201133,0.5958898,0.8614216,0.077593386,170
TM_vs_EI,366,0.38246885,0.38587877,0.38405895,0.5751013,0.58501685,0.78664243,0.074091256,134
TM_vs_EI,366,0.38589868,0.389373,0.38757917,0.57901895,0.5837655,0.78181297,0.07398877,155
TM_vs_EI,366,0.38943452,0.39269686,0.39108664,0.5913201,0.5921961,0.7757349,0.07162056,147
TM_vs_EI,366,0.392963,0.3963151,0.39447132,0.58835256,0.58734673,0.81093067,0.072304755,120
TM_vs_EI,366,0.39638045,0.39973193,0.39788535,0.5837854,0.5922557,0.92728233,0.07991225,127
TM_vs_EI,366,0.3998064,0.4032576,0.40123624,0.59709,0.605342,0.79770786,0.080352575,76
TM_vs_EI,366,0.40685675,0.41000405,0.40814123,0.62776935,0.63402677,0.8362981,0.092332475,64
TM_vs_EI,366,0.41023532,0.41370305,0.41170174,0.62871534,0.61772335,0.8333338,0.10477813,71
TM_vs_EI,366,0.41376662,0.4171737,0.41563916,0.61889434,0.61846745,0.7812021,0.09093999,68
TM_vs_EI,366,0.4171862,0.4206291,0.4188125,0.6380957,0.64322233,0.80128133,0.082228236,55
TM_vs_EI,366,0.42428237,0.42760214,0.4259357,0.5990164,0.60809225,0.77757925,0.09637108,51
TM_vs_EI,366,0.4346267,0.43802497,0.4364108,0.61218977,0.60158837,0.75731766,0.085736714,56
TM_vs_EI,366,0.4381438,0.44149297,0.43963793,0.5929416,0.5914868,0.7888402,0.10998911,61
TM_vs_EI,366,0.45905992,0.4623751,0.46070182,0.6284331,0.6319891,0.7990972,0.08490244,60
TM_vs_EI,366,0.4867209,0.49005672,0.48849353,0.603842,0.58701706,0.7612594,0.10412304,52
TM_vs_SI,366,2.15e-05,0.003497514,0.00067608,0.49886376,0.5019365,0.80729765,0.0678765,37412
TM_vs_SI,366,0.003498348,0.006974235,0.005272131,0.5334672,0.5240644,0.80897486,0.089265,8120
TM_vs_SI,366,0.006974515,0.010449842,0.008615196,0.5083764,0.5020309,0.7896003,0.09290235,7501
TM_vs_SI,366,0.010450646,0.013926303,0.012140563,0.49782944,0.49017423,0.82899874,0.10030346,5940
TM_vs_SI,366,0.013927081,0.017402856,0.015708702,0.49728808,0.49102974,0.8903463,0.10196017,6059
TM_vs_SI,366,0.017403618,0.02087917,0.019036703,0.50481987,0.4960373,0.8181248,0.10536903,6253
TM_vs_SI,366,0.020880887,0.024355482,0.022580069,0.5106579,0.5019994,0.817512,0.10457645,5519
TM_vs_SI,366,0.024358256,0.027831197,0.026015282,0.5144186,0.5010651,0.80962974,0.1150431,5141
TM_vs_SI,366,0.02783412,0.031308725,0.029592212,0.51314116,0.50405884,0.8450299,0.111333266,5142
TM_vs_SI,366,0.03130946,0.034785192,0.033087224,0.51924366,0.5101706,0.8605056,0.11188557,5480
TM_vs_SI,366,0.03478622,0.038259912,0.036438987,0.5243437,0.5138515,0.91979307,0.11037308,5518
TM_vs_SI,366,0.03826182,0.04173743,0.039972797,0.512937,0.5073009,0.84996706,0.10644568,4677
TM_vs_SI,366,0.041740242,0.04521017,0.04336955,0.5107184,0.5034833,0.824661,0.10582038,3826
TM_vs_SI,366,0.04521549,0.048689544,0.0470114,0.5159353,0.5100458,0.79986894,0.101129785,3666
TM_vs_SI,366,0.048693493,0.05216611,0.05040147,0.5129307,0.5093874,0.8380691,0.10231467,3608
TM_vs_SI,366,0.05216745,0.055642966,0.053833067,0.51509726,0.5126958,0.85579056,0.099496625,3158
TM_vs_SI,366,0.055650253,0.059119172,0.057452034,0.515386,0.516263,0.89053804,0.09827363,3042
TM_vs_SI,366,0.059120744,0.062593885,0.060875602,0.5235168,0.5236859,0.8797697,0.093230784,3212
TM_vs_SI,366,0.062596366,0.066070855,0.06426579,0.5266486,0.5276939,0.90499216,0.09392442,3275
TM_vs_SI,366,0.066077426,0.06954834,0.067769125,0.5190002,0.52308106,0.82153815,0.091070734,3064
TM_vs_SI,366,0.06954915,0.07302514,0.071346655,0.5125083,0.51604825,0.82726794,0.09039049,3406
TM_vs_SI,366,0.07302692,0.0764995,0.07480516,0.5024289,0.50650954,0.792644,0.08736891,3863
TM_vs_SI,366,0.07650225,0.0799775,0.07810505,0.51140064,0.5163092,0.83332413,0.087683536,3517
TM_vs_SI,366,0.0799785,0.08345431,0.0816775,0.5148835,0.52137727,0.8732696,0.08778294,2951
TM_vs_SI,366,0.08345993,0.08692753,0.085227825,0.5090575,0.5112837,0.8366719,0.07699467,3161
TM_vs_SI,366,0.08693107,0.090404294,0.088729076,0.5135444,0.51239866,0.7873891,0.07930588,3073
TM_vs_SI,366,0.0904117,0.09388337,0.09217539,0.5068305,0.5051734,0.7854244,0.0821852,3253
TM_vs_SI,366,0.093884446,0.097356714,0.09576948,0.5146189,0.5154843,0.8941857,0.08835927,3764
TM_vs_SI,366,0.09736068,0.100833446,0.09911698,0.5098588,0.514838,0.8724422,0.08377572,4412
TM_vs_SI,366,0.10083724,0.10431241,0.1026486,0.50593024,0.5073502,0.8157925,0.08043255,4994
TM_vs_SI,366,0.10431319,0.107788906,0.10605794,0.514159,0.51406676,0.7890985,0.08024809,4986
TM_vs_SI,366,0.10778913,0.11126416,0.10951106,0.5282657,0.5238293,0.8247212,0.08154036,5266
TM_vs_SI,366,0.11126538,0.11474147,0.11296166,0.5207896,0.51564676,0.8622374,0.08241811,5051
TM_vs_SI,366,0.11474303,0.11821642,0.11650415,0.52181786,0.5164004,0.7978402,0.084092386,4999
TM_vs_SI,366,0.11821887,0.12169424,0.119999096,0.5260489,0.5227076,0.8665624,0.08135814,5504
TM_vs_SI,366,0.12169662,0.12516876,0.12349395,0.52238,0.51939654,0.83670604,0.078698575,6408
TM_vs_SI,366,0.12517099,0.12864707,0.12695207,0.5227623,0.51885116,0.82965,0.08018333,6942
TM_vs_SI,366,0.12864877,0.13212349,0.13025646,0.5201116,0.5193134,0.83758,0.07687819,6953
TM_vs_SI,366,0.13212521,0.13559915,0.13383217,0.5211335,0.52010185,0.8471206,0.07726523,6337
TM_vs_SI,366,0.13560173,0.1390741,0.13732545,0.5280176,0.52610844,0.8500237,0.073354974,6036
TM_vs_SI,366,0.1390763,0.14255205,0.1407834,0.5277698,0.5259408,0.8187368,0.07235368,5617
TM_vs_SI,366,0.14255297,0.14602673,0.1442025,0.5242184,0.5217447,0.81955796,0.071606636,5239
TM_vs_SI,366,0.14603175,0.14950438,0.14779362,0.5172535,0.5166346,0.73829365,0.070683345,4892
TM_vs_SI,366,0.14950565,0.15297857,0.15117754,0.52499866,0.52434385,0.8274918,0.071771435,4251
TM_vs_SI,366,0.15298356,0.15645728,0.15467441,0.52480954,0.52575135,0.9531636,0.07023301,4081
TM_vs_SI,366,0.15646176,0.15993409,0.15808089,0.52144396,0.5251657,0.9262519,0.0710502,3412
TM_vs_SI,366,0.15993467,0.16340911,0.1615926,0.51957244,0.52449036,0.7874594,0.07016091,2852
TM_vs_SI,366,0.16341363,0.16688636,0.16509907,0.5234359,0.5272455,1,0.07079845,2445
TM_vs_SI,366,0.16688757,0.17036356,0.1685168,0.52639544,0.5282747,0.7655377,0.06839855,2272
TM_vs_SI,366,0.17036943,0.1738352,0.17207828,0.5218688,0.524489,0.7674693,0.07205875,2144
TM_vs_SI,366,0.17384274,0.17731555,0.17556106,0.5228438,0.52622634,0.76314646,0.07394946,1743
TM_vs_SI,366,0.17731935,0.18079096,0.17903966,0.53114223,0.5347958,0.80636907,0.07360697,1872
TM_vs_SI,366,0.18079302,0.18426673,0.18253472,0.52691185,0.534128,0.89871496,0.07924888,1794
TM_vs_SI,366,0.18427366,0.18773477,0.1859095,0.52948403,0.5343542,0.92979604,0.08192947,1491
TM_vs_SI,366,0.18775758,0.19119753,0.18939076,0.5277676,0.5329232,0.7981649,0.07732149,1351
TM_vs_SI,366,0.1912246,0.19469622,0.19304192,0.5234158,0.5301324,0.7996332,0.07429165,1244
TM_vs_SI,366,0.19470048,0.19815741,0.19636469,0.5259968,0.53298783,0.85959816,0.07493965,1284
TM_vs_SI,366,0.19818008,0.20164904,0.19988813,0.5299086,0.53191334,0.7821544,0.073772654,1048
TM_vs_SI,366,0.20165631,0.20512263,0.20319776,0.52525085,0.5270883,0.7562169,0.07663471,1034
TM_vs_SI,366,0.20512737,0.20860255,0.20675701,0.5326381,0.5314131,0.7701105,0.07738568,790
TM_vs_SI,366,0.20860834,0.21207687,0.21044974,0.5384501,0.53606504,0.7350476,0.07309356,812
TM_vs_SI,366,0.21208557,0.21551995,0.2137234,0.5459069,0.5438252,0.7268849,0.07021425,821
TM_vs_SI,366,0.2155573,0.21903051,0.21732445,0.55207527,0.549594,0.75426143,0.06719198,780
TM_vs_SI,366,0.21903284,0.2225032,0.22084759,0.5458993,0.5466482,0.7623813,0.06284025,800
TM_vs_SI,366,0.22252628,0.22598097,0.22433327,0.5509378,0.5460765,0.75946134,0.06426793,681
TM_vs_SI,366,0.22598597,0.22945298,0.22765926,0.5417695,0.53887594,0.70882136,0.06238691,726
TM_vs_SI,366,0.22946365,0.23293391,0.23129512,0.5506677,0.54459363,0.7515119,0.06660813,735
TM_vs_SI,366,0.23293899,0.23640865,0.23466003,0.5562756,0.5504996,0.80650944,0.06660817,742
TM_vs_SI,366,0.23642401,0.23988612,0.23841941,0.54446864,0.5423039,0.72097176,0.06407398,1241
TM_vs_SI,366,0.23989697,0.24336667,0.24192636,0.55603254,0.5513803,0.76028067,0.05500072,1497
TM_vs_SI,366,0.24336767,0.2468428,0.24517617,0.5497921,0.55009824,0.81314594,0.05793822,1237
TM_vs_SI,366,0.24685635,0.25030532,0.24858856,0.5626682,0.55789083,0.82738614,0.061425816,839
TM_vs_SI,366,0.2503245,0.25376117,0.2520491,0.56558937,0.56391793,0.82628727,0.06452078,701
TM_vs_SI,366,0.25380102,0.2572686,0.2555163,0.56655824,0.5608694,0.757665,0.057255954,1061
TM_vs_SI,366,0.25729257,0.26073256,0.2586809,0.5529152,0.55189234,0.74221426,0.060706995,658
TM_vs_SI,366,0.26075014,0.26422137,0.2622917,0.5486625,0.5478197,0.72786105,0.06305506,371
TM_vs_SI,366,0.26425397,0.2676933,0.2656488,0.5401777,0.53296494,0.7400607,0.079647124,325
TM_vs_SI,366,0.26770267,0.27116057,0.26954716,0.53931975,0.53856856,0.7272634,0.07204503,398
TM_vs_SI,366,0.27118936,0.27464005,0.27290347,0.5295273,0.5290761,0.7839133,0.072070785,422
TM_vs_SI,366,0.2746618,0.27813065,0.276604,0.52816415,0.5283394,0.73181605,0.06691717,436
TM_vs_SI,366,0.2781379,0.28158224,0.2799384,0.52367294,0.52031034,0.70976096,0.07011815,379
TM_vs_SI,366,0.28161314,0.28507927,0.2831699,0.53157735,0.52919054,0.7329628,0.07809088,332
TM_vs_SI,366,0.28509432,0.28854263,0.28663817,0.5321107,0.5259136,0.7748994,0.07437646,350
TM_vs_SI,366,0.28856295,0.2920283,0.2902731,0.53591514,0.5287776,0.7174345,0.07109137,329
TM_vs_SI,366,0.2920545,0.29550886,0.29370147,0.53240377,0.52761745,0.74488735,0.075148776,281
TM_vs_SI,366,0.295523,0.29897854,0.29729646,0.5367514,0.5319473,0.74056643,0.06878168,296
TM_vs_SI,366,0.29900077,0.30244052,0.30063617,0.5260391,0.5186556,0.6842035,0.07186192,302
TM_vs_SI,366,0.30250388,0.30593532,0.30423266,0.52530754,0.5237441,0.7029292,0.0725251,293
TM_vs_SI,366,0.30597642,0.30937463,0.30786693,0.5258287,0.52280223,0.7287144,0.07844536,267
TM_vs_SI,366,0.3094307,0.31287676,0.3116444,0.55762935,0.5497059,0.70607495,0.06485001,279
TM_vs_SI,366,0.31289867,0.31633452,0.31426713,0.5443891,0.5440157,0.7720937,0.07433753,290
TM_vs_SI,366,0.31637534,0.31982332,0.31784567,0.5508099,0.5421749,0.7373808,0.078266315,195
TM_vs_SI,366,0.3198948,0.32330707,0.32163745,0.53776646,0.53912866,0.7195275,0.07228605,256
TM_vs_SI,366,0.32332855,0.3267319,0.3250521,0.53424954,0.5237246,0.76789105,0.08509624,178
TM_vs_SI,366,0.32682836,0.3302684,0.3286245,0.53436863,0.52285403,0.7393476,0.08357054,219
TM_vs_SI,366,0.33039173,0.33374798,0.3320726,0.52253234,0.5140182,0.69100463,0.080071114,185
TM_vs_SI,366,0.3337535,0.33721536,0.33612463,0.5002054,0.49817348,0.7705108,0.09237615,447
TM_vs_SI,366,0.33724803,0.34069702,0.3386613,0.53554523,0.5196133,0.77972305,0.098167785,355
TM_vs_SI,366,0.34075287,0.3441751,0.34210548,0.5665854,0.5542992,0.76046056,0.07588282,248
TM_vs_SI,366,0.34418663,0.34761804,0.3458454,0.55576956,0.5488321,0.72382295,0.07323238,260
TM_vs_SI,366,0.34769616,0.3511339,0.349503,0.5499404,0.53927726,0.7556358,0.0789551,227
TM_vs_SI,366,0.3511556,0.35458657,0.3528187,0.5471545,0.54813105,0.80137324,0.066147916,167
TM_vs_SI,366,0.35470554,0.3580835,0.3565184,0.52052927,0.52275175,0.76652974,0.08619165,167
TM_vs_SI,366,0.35809878,0.3615366,0.35967934,0.5331972,0.53719556,0.82588935,0.08028987,170
TM_vs_SI,366,0.3615704,0.3650192,0.36324424,0.529099,0.5277814,0.7347612,0.07928592,186
TM_vs_SI,366,0.3650463,0.36851132,0.3668024,0.5208628,0.51500124,0.79725516,0.08692983,186
TM_vs_SI,366,0.36858287,0.3719915,0.37020764,0.51694316,0.51948017,0.7030544,0.07695718,237
TM_vs_SI,366,0.37202755,0.37546432,0.37370297,0.5282266,0.52939296,0.74845946,0.079315975,167
TM_vs_SI,366,0.37546974,0.37894204,0.37744763,0.54817694,0.54088503,0.7194693,0.066512816,137
TM_vs_SI,366,0.378955,0.38240698,0.38068002,0.56876576,0.5618905,0.7786094,0.07088454,170
TM_vs_SI,366,0.38246885,0.38587877,0.38405895,0.54673636,0.54605275,0.71183187,0.06633078,134
TM_vs_SI,366,0.38589868,0.389373,0.38757917,0.54098725,0.545573,0.7083633,0.06721656,155
TM_vs_SI,366,0.38943452,0.39269686,0.39108664,0.5553099,0.5554593,0.7025143,0.062802464,147
TM_vs_SI,366,0.392963,0.3963151,0.39447132,0.5613484,0.5483887,0.7258893,0.069266014,120
TM_vs_SI,366,0.39638045,0.39973193,0.39788535,0.5512005,0.5536211,0.826213,0.07442679,127
TM_vs_SI,366,0.3998064,0.4032576,0.40123624,0.5488571,0.54785234,0.7157119,0.07195929,76
TM_vs_SI,366,0.40685675,0.41000405,0.40814123,0.5524405,0.5647843,0.75269175,0.084678076,64
TM_vs_SI,366,0.41023532,0.41370305,0.41170174,0.5576115,0.5490646,0.7542112,0.097338825,71
TM_vs_SI,366,0.41376662,0.4171737,0.41563916,0.5517738,0.54993606,0.6923941,0.08540823,68
TM_vs_SI,366,0.4171862,0.4206291,0.4188125,0.567542,0.5736974,0.7309973,0.07933648,55
TM_vs_SI,366,0.42428237,0.42760214,0.4259357,0.53482485,0.54275477,0.70730263,0.0867227,51
TM_vs_SI,366,0.4346267,0.43802497,0.4364108,0.5428008,0.5326535,0.6726507,0.07715948,56
TM_vs_SI,366,0.4381438,0.44149297,0.43963793,0.5387696,0.5269142,0.70656186,0.09936707,61
TM_vs_SI,366,0.45905992,0.4623751,0.46070182,0.55011165,0.55922896,0.71632814,0.08028777,60
TM_vs_SI,366,0.4867209,0.49005672,0.48849353,0.52732253,0.51689184,0.6940753,0.09873578,52
TM_vs_RI,366,2.15e-05,0.003497514,0.00067608,0.62488306,0.57689965,0.93070936,0.15135397,37412
TM_vs_RI,366,0.003498348,0.006974235,0.005272131,0.41326594,0.44328552,0.89285177,0.16547109,8120
TM_vs_RI,366,0.006974515,0.010449842,0.008615196,0.4341887,0.45762983,0.9569734,0.16073093,7501
TM_vs_RI,366,0.010450646,0.013926303,0.012140563,0.44001645,0.46307915,1.0000005,0.1563816,5940
TM_vs_RI,366,0.013927081,0.017402856,0.015708702,0.4519242,0.47720486,0.91507053,0.160008,6059
TM_vs_RI,366,0.017403618,0.02087917,0.019036703,0.44885525,0.4732796,0.95973843,0.16648766,6253
TM_vs_RI,366,0.020880887,0.024355482,0.022580069,0.4349713,0.46072918,0.93352085,0.1637589,5519
TM_vs_RI,366,0.024358256,0.027831197,0.026015282,0.45655006,0.47834584,0.93612367,0.1612832,5141
TM_vs_RI,366,0.02783412,0.031308725,0.029592212,0.46795085,0.48989138,0.9466602,0.16247432,5142
TM_vs_RI,366,0.03130946,0.034785192,0.033087224,0.45372063,0.4827826,0.91620374,0.15901119,5480
TM_vs_RI,366,0.03478622,0.038259912,0.036438987,0.45075846,0.47599396,0.9162122,0.15496631,5518
TM_vs_RI,366,0.03826182,0.04173743,0.039972797,0.4692394,0.48560464,0.9283356,0.15354472,4677
TM_vs_RI,366,0.041740242,0.04521017,0.04336955,0.47654063,0.48902878,0.93526304,0.15604457,3826
TM_vs_RI,366,0.04521549,0.048689544,0.0470114,0.4824803,0.4903254,0.95513487,0.15635672,3666
TM_vs_RI,366,0.048693493,0.05216611,0.05040147,0.49125615,0.49220783,0.91477364,0.15270407,3608
TM_vs_RI,366,0.05216745,0.055642966,0.053833067,0.49044245,0.497642,0.9907823,0.15965794,3158
TM_vs_RI,366,0.055650253,0.059119172,0.057452034,0.4851974,0.49301058,0.95770156,0.15184267,3042
TM_vs_RI,366,0.059120744,0.062593885,0.060875602,0.466361,0.47411305,0.92066145,0.14439847,3212
TM_vs_RI,366,0.062596366,0.066070855,0.06426579,0.44324017,0.456026,0.89381975,0.14219643,3275
TM_vs_RI,366,0.066077426,0.06954834,0.067769125,0.4728711,0.4745508,0.8692342,0.14692529,3064
TM_vs_RI,366,0.06954915,0.07302514,0.071346655,0.52228045,0.5061208,0.9197763,0.14385413,3406
TM_vs_RI,366,0.07302692,0.0764995,0.07480516,0.54873335,0.5196743,0.8949766,0.13542241,3863
TM_vs_RI,366,0.07650225,0.0799775,0.07810505,0.56086504,0.5273957,0.9184157,0.14101294,3517
TM_vs_RI,366,0.0799785,0.08345431,0.0816775,0.5722749,0.52999765,0.87011546,0.14721663,2951
TM_vs_RI,366,0.08345993,0.08692753,0.085227825,0.5940584,0.55306596,0.89595735,0.13831751,3161
TM_vs_RI,366,0.08693107,0.090404294,0.088729076,0.59370756,0.5540636,0.85721743,0.13934968,3073
TM_vs_RI,366,0.0904117,0.09388337,0.09217539,0.6048677,0.5681693,0.91597235,0.14082642,3253
TM_vs_RI,366,0.093884446,0.097356714,0.09576948,0.60407233,0.5628164,0.92034256,0.15043233,3764
TM_vs_RI,366,0.09736068,0.100833446,0.09911698,0.5970235,0.5568832,0.8949005,0.15508041,4412
TM_vs_RI,366,0.10083724,0.10431241,0.1026486,0.57334924,0.5429258,0.88179094,0.15304425,4994
TM_vs_RI,366,0.10431319,0.107788906,0.10605794,0.5544486,0.5356806,0.8641417,0.15225585,4986
TM_vs_RI,366,0.10778913,0.11126416,0.10951106,0.48893023,0.4948825,0.9234552,0.14109567,5266
TM_vs_RI,366,0.11126538,0.11474147,0.11296166,0.5009644,0.5023115,0.87304026,0.14602524,5051
TM_vs_RI,366,0.11474303,0.11821642,0.11650415,0.54236394,0.5233938,0.9348737,0.14199027,4999
TM_vs_RI,366,0.11821887,0.12169424,0.119999096,0.5395159,0.5191278,0.90420824,0.1352104,5504
TM_vs_RI,366,0.12169662,0.12516876,0.12349395,0.54586256,0.52750415,0.9128171,0.13412729,6408
TM_vs_RI,366,0.12517099,0.12864707,0.12695207,0.55247134,0.5371716,0.91260606,0.12890391,6942
TM_vs_RI,366,0.12864877,0.13212349,0.13025646,0.55281234,0.54158545,0.99154615,0.12116461,6953
TM_vs_RI,366,0.13212521,0.13559915,0.13383217,0.55696964,0.54735005,0.8598438,0.11728969,6337
TM_vs_RI,366,0.13560173,0.1390741,0.13732545,0.558746,0.5489347,0.8747487,0.114880666,6036
TM_vs_RI,366,0.1390763,0.14255205,0.1407834,0.5670273,0.5533084,0.8479663,0.1120473,5617
TM_vs_RI,366,0.14255297,0.14602673,0.1442025,0.57883626,0.5616946,0.83285916,0.11249579,5239
TM_vs_RI,366,0.14603175,0.14950438,0.14779362,0.57211274,0.5572347,0.875511,0.11130249,4892
TM_vs_RI,366,0.14950565,0.15297857,0.15117754,0.5755438,0.56192744,0.85941106,0.107279934,4251
TM_vs_RI,366,0.15298356,0.15645728,0.15467441,0.5728647,0.56082547,0.9225684,0.1056191,4081
TM_vs_RI,366,0.15646176,0.15993409,0.15808089,0.5646016,0.5514093,0.8547882,0.10668053,3412
TM_vs_RI,366,0.15993467,0.16340911,0.1615926,0.56496173,0.5518884,0.9544119,0.10839331,2852
TM_vs_RI,366,0.16341363,0.16688636,0.16509907,0.5655099,0.5521451,0.8367913,0.110570766,2445
TM_vs_RI,366,0.16688757,0.17036356,0.1685168,0.5678326,0.55548245,0.8614632,0.11404817,2272
TM_vs_RI,366,0.17036943,0.1738352,0.17207828,0.5753623,0.56203026,0.8371668,0.115503654,2144
TM_vs_RI,366,0.17384274,0.17731555,0.17556106,0.5821272,0.5676985,0.85863656,0.11530452,1743
TM_vs_RI,366,0.17731935,0.18079096,0.17903966,0.61136615,0.5920464,0.85346943,0.118302666,1872
TM_vs_RI,366,0.18079302,0.18426673,0.18253472,0.61713064,0.592682,0.8395845,0.11916544,1794
TM_vs_RI,366,0.18427366,0.18773477,0.1859095,0.6132442,0.5952364,0.9048719,0.12595204,1491
TM_vs_RI,366,0.18775758,0.19119753,0.18939076,0.60644937,0.58528125,0.8808737,0.11267756,1351
TM_vs_RI,366,0.1912246,0.19469622,0.19304192,0.5978055,0.5750681,0.8113377,0.113370575,1244
TM_vs_RI,366,0.19470048,0.19815741,0.19636469,0.6079575,0.59078586,0.86669624,0.10592516,1284
TM_vs_RI,366,0.19818008,0.20164904,0.19988813,0.6166003,0.59059197,0.81220454,0.11170512,1048
TM_vs_RI,366,0.20165631,0.20512263,0.20319776,0.6164954,0.5934703,0.83630043,0.11555012,1034
TM_vs_RI,366,0.20512737,0.20860255,0.20675701,0.62229896,0.5978951,0.8347723,0.11778683,790
TM_vs_RI,366,0.20860834,0.21207687,0.21044974,0.61392176,0.58547467,0.85877,0.123656236,812
TM_vs_RI,366,0.21208557,0.21551995,0.2137234,0.6201878,0.5915657,0.858086,0.116581075,821
TM_vs_RI,366,0.2155573,0.21903051,0.21732445,0.6167022,0.5872148,0.85042626,0.11025709,780
TM_vs_RI,366,0.21903284,0.2225032,0.22084759,0.63388175,0.6003597,0.85752875,0.113045864,800
TM_vs_RI,366,0.22252628,0.22598097,0.22433327,0.6404841,0.604065,0.84445673,0.11821832,681
TM_vs_RI,366,0.22598597,0.22945298,0.22765926,0.64156437,0.60119814,0.85718924,0.12751924,726
TM_vs_RI,366,0.22946365,0.23293391,0.23129512,0.6445856,0.60972536,0.8508463,0.13274783,735
TM_vs_RI,366,0.23293899,0.23640865,0.23466003,0.66608524,0.6294888,0.88473904,0.13135235,742
TM_vs_RI,366,0.23642401,0.23988612,0.23841941,0.70008487,0.678939,0.98037297,0.12180883,1241
TM_vs_RI,366,0.23989697,0.24336667,0.24192636,0.7025627,0.6784052,0.9316542,0.10882944,1497
TM_vs_RI,366,0.24336767,0.2468428,0.24517617,0.7164703,0.6906918,0.8571662,0.10988133,1237
TM_vs_RI,366,0.24685635,0.25030532,0.24858856,0.6755404,0.6531388,0.87364364,0.12367853,839
TM_vs_RI,366,0.2503245,0.25376117,0.2520491,0.66562194,0.6387272,0.9311126,0.1299829,701
TM_vs_RI,366,0.25380102,0.2572686,0.2555163,0.70168465,0.67356056,0.88005984,0.12407497,1061
TM_vs_RI,366,0.25729257,0.26073256,0.2586809,0.6792711,0.6481455,0.894252,0.123378284,658
TM_vs_RI,366,0.26075014,0.26422137,0.2622917,0.62856483,0.6026416,0.8647478,0.12104028,371
TM_vs_RI,366,0.26425397,0.2676933,0.2656488,0.6185439,0.5804978,0.91853946,0.1437524,325
TM_vs_RI,366,0.26770267,0.27116057,0.26954716,0.61409986,0.5868532,0.8869931,0.13002099,398
TM_vs_RI,366,0.27118936,0.27464005,0.27290347,0.6004241,0.5784114,0.9177386,0.12905194,422
TM_vs_RI,366,0.2746618,0.27813065,0.276604,0.625867,0.59995234,0.90613246,0.13982143,436
TM_vs_RI,366,0.2781379,0.28158224,0.2799384,0.62714213,0.5901413,0.8647964,0.13575478,379
TM_vs_RI,366,0.28161314,0.28507927,0.2831699,0.5812379,0.55280113,0.8377941,0.13806967,332
TM_vs_RI,366,0.28509432,0.28854263,0.28663817,0.59546614,0.56157184,0.9761787,0.14734666,350
TM_vs_RI,366,0.28856295,0.2920283,0.2902731,0.60561657,0.57423127,0.8957048,0.14706677,329
TM_vs_RI,366,0.2920545,0.29550886,0.29370147,0.6057288,0.57092905,0.868419,0.14477721,281
TM_vs_RI,366,0.295523,0.29897854,0.29729646,0.6245333,0.59456,0.8544905,0.12817135,296
TM_vs_RI,366,0.29900077,0.30244052,0.30063617,0.6028414,0.5695664,0.93939483,0.14701231,302
TM_vs_RI,366,0.30250388,0.30593532,0.30423266,0.60231024,0.56502765,0.93406826,0.14376268,293
TM_vs_RI,366,0.30597642,0.30937463,0.30786693,0.6366453,0.6029735,0.9243397,0.14712676,267
TM_vs_RI,366,0.3094307,0.31287676,0.3116444,0.6593086,0.6283578,0.94657665,0.13150696,279
TM_vs_RI,366,0.31289867,0.31633452,0.31426713,0.61712325,0.58834344,0.8696311,0.13124067,290
TM_vs_RI,366,0.31637534,0.31982332,0.31784567,0.60921437,0.5683603,0.8124455,0.13775131,195
TM_vs_RI,366,0.3198948,0.32330707,0.32163745,0.5973717,0.55425805,0.8577138,0.1443709,256
TM_vs_RI,366,0.32332855,0.3267319,0.3250521,0.5746663,0.54412186,0.936482,0.14149752,178
TM_vs_RI,366,0.32682836,0.3302684,0.3286245,0.59537095,0.562261,0.94152886,0.14654507,219
TM_vs_RI,366,0.33039173,0.33374798,0.3320726,0.62104076,0.5844705,0.8754617,0.13455485,185
TM_vs_RI,366,0.3337535,0.33721536,0.33612463,0.7220268,0.6804134,0.93358696,0.15948977,447
TM_vs_RI,366,0.33724803,0.34069702,0.3386613,0.6650787,0.635843,0.87421626,0.15999474,355
TM_vs_RI,366,0.34075287,0.3441751,0.34210548,0.6308191,0.60472614,0.83216494,0.12395854,248
TM_vs_RI,366,0.34418663,0.34761804,0.3458454,0.6279183,0.5880237,0.7803783,0.12898876,260
TM_vs_RI,366,0.34769616,0.3511339,0.349503,0.61347103,0.567797,0.7857678,0.12689078,227
TM_vs_RI,366,0.3511556,0.35458657,0.3528187,0.62073314,0.5772283,0.769397,0.1205981,167
TM_vs_RI,366,0.35470554,0.3580835,0.3565184,0.5840904,0.54036456,0.76268774,0.13303293,167
TM_vs_RI,366,0.35809878,0.3615366,0.35967934,0.59816086,0.5554796,0.7513677,0.13084967,170
TM_vs_RI,366,0.3615704,0.3650192,0.36324424,0.59476304,0.543096,0.76281995,0.13593376,186
TM_vs_RI,366,0.3650463,0.36851132,0.3668024,0.58626807,0.5411843,0.7954225,0.14243169,186
TM_vs_RI,366,0.36858287,0.3719915,0.37020764,0.6078459,0.56301177,0.7652733,0.1276294,237
TM_vs_RI,366,0.37202755,0.37546432,0.37370297,0.60156107,0.5411877,0.73587096,0.14624424,167
TM_vs_RI,366,0.37546974,0.37894204,0.37744763,0.5983372,0.5575774,0.7890121,0.13058048,137
TM_vs_RI,366,0.378955,0.38240698,0.38068002,0.6381057,0.5914989,0.8046985,0.12775224,170
TM_vs_RI,366,0.38246885,0.38587877,0.38405895,0.60061777,0.56620735,0.78303325,0.1392269,134
TM_vs_RI,366,0.38589868,0.389373,0.38757917,0.6173711,0.57138324,0.7827248,0.14108871,155
TM_vs_RI,366,0.38943452,0.39269686,0.39108664,0.61659294,0.58342505,0.8048402,0.11542757,147
TM_vs_RI,366,0.392963,0.3963151,0.39447132,0.618242,0.5721229,0.7895822,0.13668257,120
TM_vs_RI,366,0.39638045,0.39973193,0.39788535,0.6048836,0.57107955,0.7539054,0.1158018,127
TM_vs_RI,366,0.3998064,0.4032576,0.40123624,0.50710183,0.49525246,0.7250983,0.12376456,76
TM_vs_RI,366,0.40685675,0.41000405,0.40814123,0.4619022,0.4450752,0.67573637,0.12474095,64
TM_vs_RI,366,0.41023532,0.41370305,0.41170174,0.44936553,0.4432286,0.74118453,0.1369025,71
TM_vs_RI,366,0.41376662,0.4171737,0.41563916,0.44792652,0.45131505,0.7619269,0.11816651,68
TM_vs_RI,366,0.4171862,0.4206291,0.4188125,0.46893826,0.4525358,0.7267124,0.11921809,55
TM_vs_RI,366,0.42428237,0.42760214,0.4259357,0.46025145,0.47260734,0.77203393,0.11247729,51
TM_vs_RI,366,0.4346267,0.43802497,0.4364108,0.45471913,0.46187878,0.7018501,0.11245965,56
TM_vs_RI,366,0.4381438,0.44149297,0.43963793,0.44370127,0.4362195,0.70576507,0.12180702,61
TM_vs_RI,366,0.45905992,0.4623751,0.46070182,0.4635173,0.45824024,0.67768955,0.09787246,60
TM_vs_RI,366,0.4867209,0.49005672,0.48849353,0.4347195,0.42668778,0.6759767,0.101565465,52
TM_vs_VI,366,2.15e-05,0.003497514,0.00067608,0.4104628,0.41799995,0.7071955,0.06791638,37412
TM_vs_VI,366,0.003498348,0.006974235,0.005272131,0.46300247,0.45595655,0.7166588,0.08349304,8120
TM_vs_VI,366,0.006974515,0.010449842,0.008615196,0.4415964,0.43549877,0.6867546,0.08532473,7501
TM_vs_VI,366,0.010450646,0.013926303,0.012140563,0.43176928,0.4245291,0.7022931,0.09141748,5940
TM_vs_VI,366,0.013927081,0.017402856,0.015708702,0.42911786,0.423125,0.7650786,0.09248104,6059
TM_vs_VI,366,0.017403618,0.02087917,0.019036703,0.43554443,0.42781952,0.7325767,0.093355164,6253
TM_vs_VI,366,0.020880887,0.024355482,0.022580069,0.44294152,0.43507126,0.69495404,0.09247222,5519
TM_vs_VI,366,0.024358256,0.027831197,0.026015282,0.44337893,0.43235895,0.72182816,0.10360327,5141
TM_vs_VI,366,0.02783412,0.031308725,0.029592212,0.44151652,0.43291745,0.7203524,0.10013224,5142
TM_vs_VI,366,0.03130946,0.034785192,0.033087224,0.44620532,0.4399084,0.73161376,0.101490095,5480
TM_vs_VI,366,0.03478622,0.038259912,0.036438987,0.45211393,0.44450107,0.7652073,0.100214675,5518
TM_vs_VI,366,0.03826182,0.04173743,0.039972797,0.44024587,0.4373333,0.7424914,0.09690634,4677
TM_vs_VI,366,0.041740242,0.04521017,0.04336955,0.43796438,0.43355912,0.72909653,0.095741875,3826
TM_vs_VI,366,0.04521549,0.048689544,0.0470114,0.4394368,0.43843228,0.71160305,0.09140574,3666
TM_vs_VI,366,0.048693493,0.05216611,0.05040147,0.4377829,0.43719414,0.7441501,0.09309931,3608
TM_vs_VI,366,0.05216745,0.055642966,0.053833067,0.43821335,0.4394773,0.7589155,0.091084495,3158
TM_vs_VI,366,0.055650253,0.059119172,0.057452034,0.44001552,0.4428588,0.7676721,0.08948478,3042
TM_vs_VI,366,0.059120744,0.062593885,0.060875602,0.44918323,0.45210207,0.7333107,0.084346995,3212
TM_vs_VI,366,0.062596366,0.066070855,0.06426579,0.45481065,0.4584506,0.79364455,0.08670612,3275
TM_vs_VI,366,0.066077426,0.06954834,0.067769125,0.44348422,0.4516805,0.7164487,0.08586268,3064
TM_vs_VI,366,0.06954915,0.07302514,0.071346655,0.4298247,0.44001764,0.721399,0.08545051,3406
TM_vs_VI,366,0.07302692,0.0764995,0.07480516,0.41586882,0.42885098,0.73268753,0.08461097,3863
TM_vs_VI,366,0.07650225,0.0799775,0.07810505,0.42211673,0.4366563,0.74179876,0.084464826,3517
TM_vs_VI,366,0.0799785,0.08345431,0.0816775,0.42568174,0.44099626,0.7677487,0.08461324,2951
TM_vs_VI,366,0.08345993,0.08692753,0.085227825,0.41699055,0.4281266,0.7208455,0.07426317,3161
TM_vs_VI,366,0.08693107,0.090404294,0.088729076,0.41999552,0.42860153,0.703929,0.075871974,3073
TM_vs_VI,366,0.0904117,0.09388337,0.09217539,0.41432136,0.41948095,0.67734957,0.076627515,3253
TM_vs_VI,366,0.093884446,0.097356714,0.09576948,0.41907793,0.42787966,0.74873126,0.083263025,3764
TM_vs_VI,366,0.09736068,0.100833446,0.09911698,0.41842568,0.42828426,0.7636485,0.07902709,4412
TM_vs_VI,366,0.10083724,0.10431241,0.1026486,0.4186691,0.42442062,0.7105599,0.07469896,4994
TM_vs_VI,366,0.10431319,0.107788906,0.10605794,0.42465168,0.43065232,0.6988354,0.07220266,4986
TM_vs_VI,366,0.10778913,0.11126416,0.10951106,0.44339168,0.44482797,0.7498759,0.072699964,5266
TM_vs_VI,366,0.11126538,0.11474147,0.11296166,0.43716234,0.436368,0.72788095,0.074094556,5051
TM_vs_VI,366,0.11474303,0.11821642,0.11650415,0.43394443,0.43372458,0.6968013,0.0746314,4999
TM_vs_VI,366,0.11821887,0.12169424,0.119999096,0.43895286,0.4398406,0.7500304,0.07292881,5504
TM_vs_VI,366,0.12169662,0.12516876,0.12349395,0.43541443,0.43569618,0.7248243,0.07159725,6408
TM_vs_VI,366,0.12517099,0.12864707,0.12695207,0.43386704,0.4333273,0.7221098,0.07073258,6942
TM_vs_VI,366,0.12864877,0.13212349,0.13025646,0.4315774,0.43231094,0.69613576,0.06748599,6953
TM_vs_VI,366,0.13212521,0.13559915,0.13383217,0.42983946,0.43179393,0.73675835,0.06759191,6337
TM_vs_VI,366,0.13560173,0.1390741,0.13732545,0.43473956,0.43545014,0.6810485,0.06351905,6036
TM_vs_VI,366,0.1390763,0.14255205,0.1407834,0.4334951,0.434047,0.70468605,0.061624847,5617
TM_vs_VI,366,0.14255297,0.14602673,0.1442025,0.42686296,0.42895427,0.6885395,0.060167197,5239
TM_vs_VI,366,0.14603175,0.14950438,0.14779362,0.42365557,0.42513508,0.6510078,0.059637196,4892
TM_vs_VI,366,0.14950565,0.15297857,0.15117754,0.42878255,0.43069556,0.6886859,0.060063016,4251
TM_vs_VI,366,0.15298356,0.15645728,0.15467441,0.42934355,0.4321442,0.74431473,0.059343167,4081
TM_vs_VI,366,0.15646176,0.15993409,0.15808089,0.42847127,0.43272895,0.706013,0.060336795,3412
TM_vs_VI,366,0.15993467,0.16340911,0.1615926,0.4260919,0.4317515,0.65685314,0.05861808,2852
TM_vs_VI,366,0.16341363,0.16688636,0.16509907,0.42959318,0.43374777,0.68543905,0.060100254,2445
TM_vs_VI,366,0.16688757,0.17036356,0.1685168,0.4309417,0.4340064,0.658851,0.057707936,2272
TM_vs_VI,366,0.17036943,0.1738352,0.17207828,0.4279341,0.4296202,0.6390713,0.058451816,2144
TM_vs_VI,366,0.17384274,0.17731555,0.17556106,0.42598295,0.4300702,0.64501053,0.06152341,1743
TM_vs_VI,366,0.17731935,0.18079096,0.17903966,0.4299764,0.43302575,0.6503483,0.059603814,1872
TM_vs_VI,366,0.18079302,0.18426673,0.18253472,0.42546657,0.43101433,0.7103638,0.06286727,1794
TM_vs_VI,366,0.18427366,0.18773477,0.1859095,0.42652413,0.43042475,0.69018877,0.06177653,1491
TM_vs_VI,366,0.18775758,0.19119753,0.18939076,0.42407942,0.4314363,0.6902005,0.06304286,1351
TM_vs_VI,366,0.1912246,0.19469622,0.19304192,0.42261422,0.43064305,0.6617106,0.06317592,1244
TM_vs_VI,366,0.19470048,0.19815741,0.19636469,0.4222851,0.43002942,0.7090829,0.062367942,1284
TM_vs_VI,366,0.19818008,0.20164904,0.19988813,0.42601556,0.4302657,0.69167495,0.062460583,1048
TM_vs_VI,366,0.20165631,0.20512263,0.20319776,0.4212615,0.42671686,0.6579154,0.06476742,1034
TM_vs_VI,366,0.20512737,0.20860255,0.20675701,0.42625782,0.43054396,0.67717475,0.06825468,790
TM_vs_VI,366,0.20860834,0.21207687,0.21044974,0.43550164,0.4369992,0.635562,0.06343462,812
TM_vs_VI,366,0.21208557,0.21551995,0.2137234,0.4426517,0.441599,0.6537572,0.060998175,821
TM_vs_VI,366,0.2155573,0.21903051,0.21732445,0.44571698,0.44681934,0.66658187,0.05762685,780
TM_vs_VI,366,0.21903284,0.2225032,0.22084759,0.43925178,0.44179294,0.6590832,0.052629273,800
TM_vs_VI,366,0.22252628,0.22598097,0.22433327,0.4393788,0.44133326,0.6795512,0.054612856,681
TM_vs_VI,366,0.22598597,0.22945298,0.22765926,0.43547022,0.43605882,0.61937976,0.052457985,726
TM_vs_VI,366,0.22946365,0.23293391,0.23129512,0.4372643,0.43897685,0.6891083,0.054051995,735
TM_vs_VI,366,0.23293899,0.23640865,0.23466003,0.43986142,0.4408205,0.6807996,0.0544593,742
TM_vs_VI,366,0.23642401,0.23988612,0.23841941,0.4250374,0.4262044,0.6531722,0.055139784,1241
TM_vs_VI,366,0.23989697,0.24336667,0.24192636,0.43244842,0.43201345,0.6327135,0.0451535,1497
TM_vs_VI,366,0.24336767,0.2468428,0.24517617,0.42883146,0.4289678,0.69790924,0.049351685,1237
TM_vs_VI,366,0.24685635,0.25030532,0.24858856,0.44164354,0.44227305,0.735259,0.050295625,839
TM_vs_VI,366,0.2503245,0.25376117,0.2520491,0.44537807,0.45020702,0.6589114,0.054872893,701
TM_vs_VI,366,0.25380102,0.2572686,0.2555163,0.442967,0.4429927,0.6793086,0.04625478,1061
TM_vs_VI,366,0.25729257,0.26073256,0.2586809,0.43410313,0.4395141,0.68090904,0.051315732,658
TM_vs_VI,366,0.26075014,0.26422137,0.2622917,0.43888494,0.442575,0.62242454,0.055011842,371
TM_vs_VI,366,0.26425397,0.2676933,0.2656488,0.43398532,0.4356275,0.68142617,0.06518221,325
TM_vs_VI,366,0.26770267,0.27116057,0.26954716,0.4352693,0.43882188,0.66073304,0.06463173,398
TM_vs_VI,366,0.27118936,0.27464005,0.27290347,0.42789266,0.43214488,0.6644124,0.062271,422
TM_vs_VI,366,0.2746618,0.27813065,0.276604,0.42208683,0.42886186,0.6276605,0.06221034,436
TM_vs_VI,366,0.2781379,0.28158224,0.2799384,0.42070878,0.42469704,0.64640534,0.064400926,379
TM_vs_VI,366,0.28161314,0.28507927,0.2831699,0.43471155,0.4406596,0.6477159,0.0690662,332
TM_vs_VI,366,0.28509432,0.28854263,0.28663817,0.43310738,0.43510765,0.6826503,0.06358978,350
TM_vs_VI,366,0.28856295,0.2920283,0.2902731,0.4325731,0.4357168,0.6326937,0.06167472,329
TM_vs_VI,366,0.2920545,0.29550886,0.29370147,0.43043095,0.43544823,0.63886523,0.06474645,281
TM_vs_VI,366,0.295523,0.29897854,0.29729646,0.4323787,0.43359962,0.6465599,0.05957417,296
TM_vs_VI,366,0.29900077,0.30244052,0.30063617,0.42530113,0.42834246,0.6221183,0.06326875,302
TM_vs_VI,366,0.30250388,0.30593532,0.30423266,0.4256955,0.43229687,0.6183823,0.062908515,293
TM_vs_VI,366,0.30597642,0.30937463,0.30786693,0.4221991,0.42545858,0.65704924,0.06900004,267
TM_vs_VI,366,0.3094307,0.31287676,0.3116444,0.44252908,0.44174728,0.6156891,0.050077673,279
TM_vs_VI,366,0.31289867,0.31633452,0.31426713,0.43905184,0.44485673,0.6782961,0.06310666,290
TM_vs_VI,366,0.31637534,0.31982332,0.31784567,0.45335075,0.44846815,0.6522807,0.06651014,195
TM_vs_VI,366,0.3198948,0.32330707,0.32163745,0.4504401,0.44833,0.64405435,0.06062391,256
TM_vs_VI,366,0.32332855,0.3267319,0.3250521,0.44089893,0.4384267,0.6897427,0.070374265,178
TM_vs_VI,366,0.32682836,0.3302684,0.3286245,0.4339832,0.4349203,0.6414846,0.07078706,219
TM_vs_VI,366,0.33039173,0.33374798,0.3320726,0.42564124,0.42475244,0.60991883,0.06397833,185
TM_vs_VI,366,0.3337535,0.33721536,0.33612463,0.3989126,0.40042895,0.6900199,0.08235472,447
TM_vs_VI,366,0.33724803,0.34069702,0.3386613,0.43495187,0.422546,0.6870139,0.088804476,355
TM_vs_VI,366,0.34075287,0.3441751,0.34210548,0.4542052,0.452987,0.6789633,0.06380887,248
TM_vs_VI,366,0.34418663,0.34761804,0.3458454,0.44656217,0.4509624,0.6547322,0.06586324,260
TM_vs_VI,366,0.34769616,0.3511339,0.349503,0.44480678,0.44713902,0.69657946,0.07221869,227
TM_vs_VI,366,0.3511556,0.35458657,0.3528187,0.4420823,0.45288086,0.7166895,0.06305569,167
TM_vs_VI,366,0.35470554,0.3580835,0.3565184,0.426243,0.44012016,0.6933537,0.07996133,167
TM_vs_VI,366,0.35809878,0.3615366,0.35967934,0.43336886,0.4484898,0.724267,0.0751853,170
TM_vs_VI,366,0.3615704,0.3650192,0.36324424,0.43615252,0.44341493,0.6912856,0.07561662,186
TM_vs_VI,366,0.3650463,0.36851132,0.3668024,0.4317813,0.4336056,0.72764283,0.08125979,186
TM_vs_VI,366,0.36858287,0.3719915,0.37020764,0.4231084,0.43051952,0.63377327,0.069760084,237
TM_vs_VI,366,0.37202755,0.37546432,0.37370297,0.43640268,0.44297704,0.6734598,0.07228903,167
TM_vs_VI,366,0.37546974,0.37894204,0.37744763,0.4463026,0.4501105,0.6318349,0.062376864,137
TM_vs_VI,366,0.378955,0.38240698,0.38068002,0.45397466,0.45966277,0.6738177,0.06259137,170
TM_vs_VI,366,0.38246885,0.38587877,0.38405895,0.4470849,0.45285067,0.6523555,0.060011003,134
TM_vs_VI,366,0.38589868,0.389373,0.38757917,0.44320068,0.45215926,0.6627797,0.06529579,155
TM_vs_VI,366,0.38943452,0.39269686,0.39108664,0.45060283,0.45691478,0.6156049,0.058762483,147
TM_vs_VI,366,0.392963,0.3963151,0.39447132,0.4460403,0.45372233,0.6614159,0.060662378,120
TM_vs_VI,366,0.39638045,0.39973193,0.39788535,0.4490397,0.45843038,0.74886227,0.07037561,127
TM_vs_VI,366,0.3998064,0.4032576,0.40123624,0.46355045,0.47246897,0.64334846,0.06935539,76
TM_vs_VI,366,0.40685675,0.41000405,0.40814123,0.4854426,0.50024426,0.6967227,0.08438217,64
TM_vs_VI,366,0.41023532,0.41370305,0.41170174,0.48432186,0.48688602,0.68534106,0.091674216,71
TM_vs_VI,366,0.41376662,0.4171737,0.41563916,0.48589873,0.48612264,0.62863904,0.08126186,68
TM_vs_VI,366,0.4171862,0.4206291,0.4188125,0.49481174,0.5063866,0.6701023,0.078531355,55
TM_vs_VI,366,0.42428237,0.42760214,0.4259357,0.46102193,0.4745373,0.63539064,0.07985243,51
TM_vs_VI,366,0.4346267,0.43802497,0.4364108,0.47181526,0.46885988,0.62636983,0.06956907,56
TM_vs_VI,366,0.4381438,0.44149297,0.43963793,0.4604536,0.46620458,0.64644164,0.086806916,61
TM_vs_VI,366,0.45905992,0.4623751,0.46070182,0.48989534,0.49350202,0.6715253,0.073587604,60
TM_vs_VI,366,0.4867209,0.49005672,0.48849353,0.46254706,0.46139777,0.62023854,0.08358935,52
PD_vs_EI,160,0.0434,0.06076,0.0434,0.5432843,0.5455194,0.9215057,0.081636354,2975
PD_vs_EI,160,0.0651,0.08246,0.07378,0.57178247,0.57807153,0.78763044,0.067865595,196
PD_vs_EI,160,0.0868,0.09982,0.0868,0.54509395,0.5482214,0.85403633,0.08458773,2822
PD_vs_EI,160,0.10416,0.12153,0.11284,0.5639653,0.5635308,0.79995984,0.07563187,394
PD_vs_EI,160,0.12586,0.13888,0.1302,0.5471706,0.55075836,0.87213707,0.088487335,3027
PD_vs_EI,160,0.14322,0.16058,0.14756,0.55963105,0.5606925,0.8794658,0.07603318,645
PD_vs_EI,160,0.16492,0.18228,0.1736,0.5484387,0.55066454,0.8877144,0.08676998,3875
PD_vs_EI,160,0.18662,0.19965,0.19096,0.5656254,0.56214315,0.8341884,0.08274289,774
PD_vs_EI,160,0.20398,0.22134,0.217,0.5451714,0.5447991,0.8791867,0.09108296,4117
PD_vs_EI,160,0.22568,0.23871,0.23002,0.5614282,0.55753547,0.81588835,0.08147899,1177
PD_vs_EI,160,0.24304,0.26041,0.2604,0.54532784,0.5446084,0.8890379,0.08865022,4648
PD_vs_EI,160,0.26474,0.28211,0.27342,0.5522604,0.55195695,0.7872407,0.07959387,1748
PD_vs_EI,160,0.28644,0.29946,0.29078,0.5526727,0.552672,0.78479123,0.07624941,981
PD_vs_EI,160,0.3038,0.32116,0.3038,0.5458461,0.54730403,0.9999998,0.08800314,5986
PD_vs_EI,160,0.3255,0.33854,0.32984,0.5531781,0.5516689,0.84389913,0.0861157,1294
PD_vs_EI,160,0.34286,0.36024,0.3472,0.5482799,0.5496709,0.973049,0.088505276,6421
PD_vs_EI,160,0.36456,0.3776,0.3689,0.55094695,0.5502004,0.81797874,0.080749586,1678
PD_vs_EI,160,0.38192,0.3993,0.3906,0.5470558,0.54770744,0.91861165,0.08953833,6462
PD_vs_EI,160,0.40362,0.42101,0.4123,0.5490699,0.5499962,0.86054385,0.08134641,2516
PD_vs_EI,160,0.42532,0.43835,0.434,0.5475004,0.54884994,0.95283294,0.087546445,6025
PD_vs_EI,160,0.44268,0.46007,0.45136,0.5484001,0.54992414,0.897856,0.0818644,3153
PD_vs_EI,160,0.46438,0.47743,0.4774,0.5502417,0.5512087,0.8927128,0.08795048,5812
PD_vs_EI,160,0.48174,0.49913,0.49042,0.5534347,0.55411905,0.9322791,0.08492613,3337
PD_vs_EI,160,0.50344,0.52083,0.5208,0.5492383,0.54884744,0.97281927,0.08986021,6476
PD_vs_EI,160,0.52514,0.5382,0.52948,0.54652,0.5487259,0.8407953,0.07940596,2946
PD_vs_EI,160,0.5425,0.55989,0.55118,0.5511393,0.5514029,0.89152265,0.08596284,2993
PD_vs_EI,160,0.5642,0.57726,0.5642,0.5511664,0.5515179,0.8970573,0.08853726,6786
PD_vs_EI,160,0.58156,0.59895,0.59024,0.5516212,0.55092233,0.8498027,0.08258974,3395
PD_vs_EI,160,0.60326,0.62067,0.6076,0.5506138,0.55208373,0.9178137,0.0904856,7424
PD_vs_EI,160,0.62496,0.63804,0.62932,0.55021894,0.5489522,0.84090364,0.08274457,2837
PD_vs_EI,160,0.64232,0.65972,0.651,0.5497445,0.55119044,0.90331393,0.09022357,7150
PD_vs_EI,160,0.66402,0.6771,0.66838,0.55197185,0.55173755,0.9033083,0.080918245,3112
PD_vs_EI,160,0.68138,0.6988,0.6944,0.55329955,0.55376816,0.9230486,0.09246389,6693
PD_vs_EI,160,0.70308,0.71616,0.70744,0.553437,0.55355924,0.88182014,0.08577372,3308
PD_vs_EI,160,0.72044,0.73787,0.7378,0.55491626,0.55463475,0.9044148,0.089302614,6376
PD_vs_EI,160,0.74214,0.75956,0.75082,0.55656844,0.55444306,0.9385797,0.088407725,4221
PD_vs_EI,160,0.76384,0.77694,0.76823,0.55039716,0.5487888,0.90429765,0.08824043,2922
PD_vs_EI,160,0.7812,0.79864,0.78125,0.55476487,0.55641127,0.9503832,0.09104177,6993
PD_vs_EI,160,0.80291,0.81601,0.80732,0.5529113,0.5520164,0.88661367,0.085640304,2981
PD_vs_EI,160,0.82027,0.83772,0.8247,0.55356634,0.55431324,0.95795447,0.093714975,6792
PD_vs_EI,160,0.84198,0.85942,0.85073,0.55299914,0.5531888,0.89552635,0.08909372,3743
PD_vs_EI,160,0.86368,0.87678,0.8681,0.5533688,0.5522775,0.9110756,0.09573724,5719
PD_vs_EI,160,0.88105,0.89848,0.8898,0.55449617,0.55503476,0.8795994,0.08851759,3873
PD_vs_EI,160,0.90274,0.91584,0.9115,0.5547643,0.55450135,0.9120447,0.094444886,5241
PD_vs_EI,160,0.92011,0.93754,0.92886,0.55299366,0.55157393,0.89893407,0.09142369,4109
PD_vs_EI,160,0.94181,0.95924,0.9549,0.5560301,0.5540599,0.899121,0.09578838,5851
PD_vs_EI,160,0.96351,0.9766,0.96792,0.5527676,0.55218625,0.85001606,0.09206291,3195
PD_vs_EI,160,0.98088,0.9983,0.99396,0.5569797,0.55654174,0.95850927,0.09336876,5455
PD_vs_EI,160,1.0026,1.01566,1.00698,0.55693257,0.5559395,0.9475608,0.09039093,3105
PD_vs_EI,160,1.01995,1.03736,1.02868,0.558545,0.55582106,0.91445357,0.094726376,3263
PD_vs_EI,160,1.04164,1.05472,1.0417,0.553916,0.55253613,0.92624986,0.09641772,4806
PD_vs_EI,160,1.05902,1.07642,1.06774,0.5579503,0.558146,0.9081899,0.0893888,3423
PD_vs_EI,160,1.08069,1.09812,1.0851,0.5582379,0.5541084,0.973023,0.0948356,5087
PD_vs_EI,160,1.10241,1.11548,1.1068,0.55579823,0.5562678,0.861813,0.09260538,2686
PD_vs_EI,160,1.11978,1.13718,1.1285,0.554519,0.5516756,0.9156659,0.094750404,4805
PD_vs_EI,160,1.14149,1.15454,1.14586,0.55348736,0.55388045,0.84456664,0.088569775,2695
PD_vs_EI,160,1.15884,1.17624,1.1719,0.5554134,0.5516566,0.9106849,0.09573395,4337
PD_vs_EI,160,1.18054,1.19794,1.18926,0.557331,0.55509,0.89624476,0.09397599,3099
PD_vs_EI,160,1.20223,1.2153,1.2153,0.556076,0.5504267,0.9007141,0.10050597,3519
PD_vs_EI,160,1.21961,1.237,1.22832,0.56025815,0.5570694,0.8981453,0.09694257,3040
PD_vs_EI,160,1.24131,1.25436,1.25002,0.5593207,0.55528086,0.8852933,0.09461345,2238
PD_vs_EI,160,1.2587,1.27606,1.26304,0.558238,0.5547429,0.94041127,0.099855974,3945
PD_vs_EI,160,1.28036,1.29776,1.28908,0.5558462,0.5539917,0.89264405,0.089832984,2618
PD_vs_EI,160,1.30207,1.31512,1.30644,0.5561898,0.5519518,0.91273046,0.098851405,3142
PD_vs_EI,160,1.31942,1.33682,1.32814,0.55338764,0.5521863,0.8871181,0.0914773,2473
PD_vs_EI,160,1.34116,1.35418,1.3455,0.55369157,0.55107266,0.89136976,0.09668828,2916
PD_vs_EI,160,1.35848,1.37588,1.3672,0.5562608,0.5547215,0.8581938,0.09712635,2397
PD_vs_EI,160,1.38018,1.39324,1.3889,0.5554395,0.5496085,0.8931414,0.09907914,2613
PD_vs_EI,160,1.39755,1.41494,1.40626,0.553155,0.553132,0.8719432,0.09435223,2330
PD_vs_EI,160,1.41928,1.43664,1.4323,0.5570858,0.5528367,0.8634395,0.098151065,2701
PD_vs_EI,160,1.44094,1.454,1.44532,0.5534651,0.54807776,0.84729433,0.0949874,1746
PD_vs_EI,160,1.45834,1.4757,1.47136,0.5548469,0.5510236,0.8700752,0.096712574,2486
PD_vs_EI,160,1.48002,1.49306,1.48438,0.5511961,0.55263335,0.8588465,0.09249079,1561
PD_vs_EI,160,1.49738,1.51476,1.50608,0.55069387,0.55046755,0.85725206,0.094335176,1849
PD_vs_EI,160,1.5191,1.53646,1.52344,0.55748975,0.55163586,0.83845305,0.09652085,2380
PD_vs_EI,160,1.5408,1.55382,1.54514,0.553936,0.547867,0.8469891,0.102429904,1424
PD_vs_EI,160,1.55816,1.57552,1.56684,0.5530068,0.55278546,0.9040702,0.09366937,1993
PD_vs_EI,160,1.57986,1.59288,1.5842,0.5560608,0.55733883,0.8224084,0.09098299,1174
PD_vs_EI,160,1.59718,1.61458,1.6059,0.5531079,0.552618,0.8653678,0.09814188,1757
PD_vs_EI,160,1.61889,1.63628,1.6276,0.55556965,0.5550698,0.85096335,0.09440581,1424
PD_vs_EI,160,1.64062,1.65366,1.6493,0.55463743,0.5488594,0.8404021,0.09809345,1292
PD_vs_EI,160,1.65798,1.67534,1.66666,0.5545519,0.55266327,0.8710813,0.09505899,1301
PD_vs_EI,160,1.67968,1.6927,1.68836,0.5595633,0.5537241,0.8493301,0.10078867,1183
PD_vs_EI,160,1.69702,1.7144,1.70572,0.56037223,0.55415535,0.9050083,0.095142275,1181
PD_vs_EI,160,1.71874,1.73176,1.72308,0.5568952,0.5529957,0.8329767,0.0946723,901
PD_vs_EI,160,1.7361,1.75346,1.74044,0.55161834,0.5522067,0.8086902,0.094374806,1259
PD_vs_EI,160,1.7578,1.77516,1.76648,0.5585723,0.55233216,0.8122872,0.09389411,1061
PD_vs_EI,160,1.7795,1.79253,1.78384,0.5606601,0.55484444,0.85167587,0.096197315,944
PD_vs_EI,160,1.79686,1.81424,1.80554,0.55138165,0.5507865,0.8110671,0.09126254,888
PD_vs_EI,160,1.81856,1.8316,1.8229,0.5556124,0.55301476,0.8089695,0.096188635,829
PD_vs_EI,160,1.83592,1.8533,1.8446,0.5556964,0.5551422,0.7931829,0.08812799,753
PD_vs_EI,160,1.85761,1.87499,1.8663,0.55051047,0.5507501,0.87654996,0.093293115,981
PD_vs_EI,160,1.87932,1.89236,1.88366,0.5512617,0.5488602,0.76559067,0.08589314,567
PD_vs_EI,160,1.89668,1.91406,1.90536,0.5508499,0.5426935,0.8506071,0.09124495,749
PD_vs_EI,160,1.91838,1.9314,1.92272,0.55612874,0.5502007,0.79156226,0.09635187,537
PD_vs_EI,160,1.93574,1.9531,1.94442,0.5591313,0.5513984,0.77765477,0.088614434,644
PD_vs_EI,160,1.95744,1.97046,1.96178,0.5539005,0.5573956,0.8237147,0.08620177,396
PD_vs_EI,160,1.9748,1.99218,1.98348,0.5573604,0.5505661,0.820493,0.09427301,543
PD_vs_EI,160,1.9965,2.01388,2.00518,0.5562767,0.55705833,0.8567425,0.08567133,613
PD_vs_EI,160,2.0182,2.03126,2.02688,0.5472897,0.5496604,0.7899107,0.09316681,332
PD_vs_EI,160,2.03556,2.05295,2.04424,0.542591,0.54139274,0.79556674,0.093142375,506
PD_vs_EI,160,2.05726,2.07032,2.061615,0.55229044,0.5489176,0.7906532,0.08747055,358
PD_vs_EI,160,2.07462,2.09204,2.0833,0.54451114,0.5480667,0.80255294,0.092889056,427
PD_vs_EI,160,2.09632,2.11373,2.105,0.55447596,0.5560692,0.80711514,0.09622475,375
PD_vs_EI,160,2.11802,2.1311,2.1267,0.5668488,0.555447,0.7479235,0.09233462,305
PD_vs_EI,160,2.13538,2.15278,2.14406,0.56431854,0.5632994,0.80051017,0.09657147,300
PD_vs_EI,160,2.15708,2.17014,2.16576,0.5538287,0.55618846,0.74473095,0.08580344,233
PD_vs_EI,160,2.17444,2.19183,2.18312,0.5380527,0.5385087,0.81924766,0.08704715,250
PD_vs_EI,160,2.19614,2.21356,2.20484,0.543081,0.54237014,0.823492,0.098106824,244
PD_vs_EI,160,2.21784,2.23092,2.22652,0.55410206,0.5518449,0.7942703,0.08672598,168
PD_vs_EI,160,2.2352,2.25261,2.24388,0.52858835,0.5362869,0.783032,0.0905511,184
PD_vs_EI,160,2.2569,2.26998,2.26128,0.5686966,0.5674344,0.8027168,0.09734538,166
PD_vs_EI,160,2.27426,2.29169,2.28298,0.5632459,0.5617074,0.7041162,0.08178763,157
PD_vs_EI,160,2.29596,2.30904,2.30033,0.553126,0.5561622,0.7640027,0.087474674,110
PD_vs_EI,160,2.31335,2.33077,2.32205,0.55562615,0.552265,0.75542367,0.10347729,122
PD_vs_EI,160,2.33505,2.35248,2.343785,0.5454757,0.5441037,0.77390164,0.09723137,120
PD_vs_EI,160,2.35675,2.36984,2.36114,0.5593029,0.5489161,0.7308707,0.09228957,111
PD_vs_EI,160,2.37411,2.39154,2.382855,0.5312054,0.51000077,0.7468873,0.10557197,114
PD_vs_EI,160,2.39581,2.4089,2.404545,0.5629756,0.560674,0.8234276,0.0856848,78
PD_vs_EI,160,2.4132,2.4306,2.42192,0.5471476,0.54220146,0.7813828,0.09147696,94
PD_vs_EI,160,2.43488,2.4523,2.44362,0.5461055,0.54180795,0.69908136,0.085086755,118
PD_vs_EI,160,2.45661,2.46966,2.46098,0.5609076,0.55728126,0.735612,0.09957726,68
PD_vs_EI,160,2.47395,2.49136,2.48268,0.5569562,0.55932564,0.79381895,0.08433619,84
PD_vs_SI,160,0.0434,0.06076,0.0434,0.50852627,0.5119907,0.89377004,0.08037875,2975
PD_vs_SI,160,0.0651,0.08246,0.07378,0.538341,0.54329824,0.7181029,0.06652779,196
PD_vs_SI,160,0.0868,0.09982,0.0868,0.51363736,0.51562506,0.8215879,0.08215414,2822
PD_vs_SI,160,0.10416,0.12153,0.11284,0.53513664,0.5315277,0.77899194,0.07634365,394
PD_vs_SI,160,0.12586,0.13888,0.1302,0.51651675,0.51812184,0.8500237,0.08532561,3027
PD_vs_SI,160,0.14322,0.16058,0.14756,0.53216374,0.5314401,0.8600987,0.07582826,645
PD_vs_SI,160,0.16492,0.18228,0.1736,0.51638925,0.51765305,0.85959816,0.08379011,3875
PD_vs_SI,160,0.18662,0.19965,0.19096,0.5355376,0.5314257,0.7875085,0.07890895,774
PD_vs_SI,160,0.20398,0.22134,0.217,0.51314247,0.51151705,0.8446506,0.08658483,4117
PD_vs_SI,160,0.22568,0.23871,0.23002,0.5304544,0.5265783,0.7608831,0.07897342,1177
PD_vs_SI,160,0.24304,0.26041,0.2604,0.5119655,0.5111574,0.8126456,0.0833495,4648
PD_vs_SI,160,0.26474,0.28211,0.27342,0.52349675,0.51994,0.74460614,0.07621769,1748
PD_vs_SI,160,0.28644,0.29946,0.29078,0.5241676,0.5222303,0.7494651,0.073898956,981
PD_vs_SI,160,0.3038,0.32116,0.3038,0.5150987,0.51424193,0.90499216,0.083031945,5986
PD_vs_SI,160,0.3255,0.33854,0.32984,0.5224907,0.51779157,0.78235453,0.082089044,1294
PD_vs_SI,160,0.34286,0.36024,0.3472,0.51494086,0.5153172,0.91979307,0.083285935,6421
PD_vs_SI,160,0.36456,0.3776,0.3689,0.52126235,0.51724166,0.7655377,0.07795188,1678
PD_vs_SI,160,0.38192,0.3993,0.3906,0.5145235,0.513237,0.8941857,0.0839783,6462
PD_vs_SI,160,0.40362,0.42101,0.4123,0.5172781,0.5169515,0.79870534,0.078567155,2516
PD_vs_SI,160,0.42532,0.43835,0.434,0.51334953,0.5136592,0.8903463,0.082205266,6025
PD_vs_SI,160,0.44268,0.46007,0.45136,0.51619446,0.5162805,0.7961042,0.0765621,3153
PD_vs_SI,160,0.46438,0.47743,0.4774,0.5158255,0.51530164,0.86076415,0.082944125,5812
PD_vs_SI,160,0.48174,0.49913,0.49042,0.52164644,0.51985705,0.9057379,0.080415055,3337
PD_vs_SI,160,0.50344,0.52083,0.5208,0.5149187,0.5128601,0.89053804,0.084628806,6476
PD_vs_SI,160,0.52514,0.5382,0.52948,0.5149179,0.51434225,0.7714623,0.07483217,2946
PD_vs_SI,160,0.5425,0.55989,0.55118,0.51810724,0.5164785,0.8180989,0.08141189,2993
PD_vs_SI,160,0.5642,0.57726,0.5642,0.5158422,0.5149647,0.8517864,0.08324998,6786
PD_vs_SI,160,0.58156,0.59895,0.59024,0.51877266,0.51592666,0.8098263,0.07804991,3395
PD_vs_SI,160,0.60326,0.62067,0.6076,0.5161631,0.5146858,0.85029066,0.0851736,7424
PD_vs_SI,160,0.62496,0.63804,0.62932,0.5164396,0.5144756,0.7717655,0.07836208,2837
PD_vs_SI,160,0.64232,0.65972,0.651,0.5156477,0.51396376,1,0.085158505,7150
PD_vs_SI,160,0.66402,0.6771,0.66838,0.5171938,0.51534635,0.8446485,0.07601219,3112
PD_vs_SI,160,0.68138,0.6988,0.6944,0.51703715,0.51576966,0.8724422,0.086882204,6693
PD_vs_SI,160,0.70308,0.71616,0.70744,0.5173426,0.5165321,0.804501,0.080313876,3308
PD_vs_SI,160,0.72044,0.73787,0.7378,0.5190221,0.5166675,0.8380691,0.08463406,6376
PD_vs_SI,160,0.74214,0.75956,0.75082,0.5194976,0.51756215,0.849105,0.082398556,4221
PD_vs_SI,160,0.76384,0.77694,0.76823,0.51554024,0.51241446,0.8032613,0.083346486,2922
PD_vs_SI,160,0.7812,0.79864,0.78125,0.51947075,0.5176473,0.854569,0.08573356,6993
PD_vs_SI,160,0.80291,0.81601,0.80732,0.5178232,0.51611894,0.8051996,0.08087219,2981
PD_vs_SI,160,0.82027,0.83772,0.8247,0.51787627,0.5160727,0.86684245,0.088216975,6792
PD_vs_SI,160,0.84198,0.85942,0.85073,0.51705533,0.5160768,0.8054183,0.08286829,3743
PD_vs_SI,160,0.86368,0.87678,0.8681,0.516246,0.5132086,0.9531636,0.09061863,5719
PD_vs_SI,160,0.88105,0.89848,0.8898,0.51847863,0.51734173,0.85641855,0.08274916,3873
PD_vs_SI,160,0.90274,0.91584,0.9115,0.519041,0.5161206,0.8350389,0.08919423,5241
PD_vs_SI,160,0.92011,0.93754,0.92886,0.51643544,0.51411057,0.80650944,0.085437365,4109
PD_vs_SI,160,0.94181,0.95924,0.9549,0.5191345,0.5153388,0.8320549,0.089994974,5851
PD_vs_SI,160,0.96351,0.9766,0.96792,0.5170378,0.51474047,0.7867558,0.08553129,3195
PD_vs_SI,160,0.98088,0.9983,0.99396,0.5197654,0.51795155,0.8797697,0.08759714,5455
PD_vs_SI,160,1.0026,1.01566,1.00698,0.52079725,0.51814,0.92979604,0.08431648,3105
PD_vs_SI,160,1.01995,1.03736,1.02868,0.52190715,0.5180791,0.82193494,0.08749023,3263
PD_vs_SI,160,1.04164,1.05472,1.0417,0.51684177,0.5136408,0.85579056,0.09097367,4806
PD_vs_SI,160,1.05902,1.07642,1.06774,0.5239441,0.5205659,0.8505354,0.08346968,3423
PD_vs_SI,160,1.08069,1.09812,1.0851,0.51985514,0.51559746,0.8732696,0.08932197,5087
PD_vs_SI,160,1.10241,1.11548,1.1068,0.52060366,0.51889807,0.8137406,0.08625132,2686
PD_vs_SI,160,1.11978,1.13718,1.1285,0.5177575,0.51350594,0.82134485,0.08893482,4805
PD_vs_SI,160,1.14149,1.15454,1.14586,0.51993656,0.5169376,0.8130905,0.08320631,2695
PD_vs_SI,160,1.15884,1.17624,1.1719,0.5186836,0.5138553,0.8450299,0.090035126,4337
PD_vs_SI,160,1.18054,1.19794,1.18926,0.5202769,0.5173764,0.8247212,0.0878107,3099
PD_vs_SI,160,1.20223,1.2153,1.2153,0.51697046,0.5125085,0.83625644,0.09447941,3519
PD_vs_SI,160,1.21961,1.237,1.22832,0.52380186,0.51883733,0.89871496,0.09033705,3040
PD_vs_SI,160,1.24131,1.25436,1.25002,0.5234229,0.5174601,0.7965239,0.08782102,2238
PD_vs_SI,160,1.2587,1.27606,1.26304,0.5210259,0.5163443,0.8633645,0.093900055,3945
PD_vs_SI,160,1.28036,1.29776,1.28908,0.5188899,0.5170242,0.8002396,0.08343614,2618
PD_vs_SI,160,1.30207,1.31512,1.30644,0.52032965,0.513746,0.81955796,0.09298881,3142
PD_vs_SI,160,1.31942,1.33682,1.32814,0.5180568,0.51548123,0.79015356,0.08567923,2473
PD_vs_SI,160,1.34116,1.35418,1.3455,0.517054,0.51343423,0.8266364,0.09061574,2916
PD_vs_SI,160,1.35848,1.37588,1.3672,0.52187663,0.51786625,0.77028674,0.090200506,2397
PD_vs_SI,160,1.38018,1.39324,1.3889,0.5189005,0.5130842,0.82119954,0.09287267,2613
PD_vs_SI,160,1.39755,1.41494,1.40626,0.5170268,0.5165305,0.79548913,0.08826438,2330
PD_vs_SI,160,1.41928,1.43664,1.4323,0.5209284,0.515268,0.79530585,0.09107954,2701
PD_vs_SI,160,1.44094,1.454,1.44532,0.51915634,0.5126655,0.7984091,0.08891007,1746
PD_vs_SI,160,1.45834,1.4757,1.47136,0.51988673,0.5146023,0.7917595,0.09079644,2486
PD_vs_SI,160,1.48002,1.49306,1.48438,0.51720303,0.51677895,0.80137324,0.08640506,1561
PD_vs_SI,160,1.49738,1.51476,1.50608,0.51683664,0.51531106,0.77054226,0.08744416,1849
PD_vs_SI,160,1.5191,1.53646,1.52344,0.5218178,0.5138402,0.7533911,0.09066558,2380
PD_vs_SI,160,1.5408,1.55382,1.54514,0.51806045,0.5127172,0.7711045,0.09613701,1424
PD_vs_SI,160,1.55816,1.57552,1.56684,0.51809525,0.516633,0.8187738,0.08841063,1993
PD_vs_SI,160,1.57986,1.59288,1.5842,0.5204365,0.5214066,0.7682425,0.085210755,1174
PD_vs_SI,160,1.59718,1.61458,1.6059,0.5185238,0.5163746,0.8066975,0.09199489,1757
PD_vs_SI,160,1.61889,1.63628,1.6276,0.5194464,0.51887476,0.77182597,0.08826572,1424
PD_vs_SI,160,1.64062,1.65366,1.6493,0.5206368,0.5137465,0.76789105,0.09158841,1292
PD_vs_SI,160,1.65798,1.67534,1.66666,0.52357227,0.51716363,0.7786681,0.08845019,1301
PD_vs_SI,160,1.67968,1.6927,1.68836,0.52745545,0.51813686,0.7875189,0.09377865,1183
PD_vs_SI,160,1.69702,1.7144,1.70572,0.52339077,0.5188613,0.80962974,0.08975618,1181
PD_vs_SI,160,1.71874,1.73176,1.72308,0.5214205,0.51794213,0.74020416,0.087517425,901
PD_vs_SI,160,1.7361,1.75346,1.74044,0.5175984,0.5169681,0.7599669,0.0878936,1259
PD_vs_SI,160,1.7578,1.77516,1.76648,0.5255865,0.51859117,0.7579153,0.08757248,1061
PD_vs_SI,160,1.7795,1.79253,1.78384,0.52726775,0.52009743,0.75859416,0.090299346,944
PD_vs_SI,160,1.79686,1.81424,1.80554,0.5199609,0.5163985,0.7461542,0.08595282,888
PD_vs_SI,160,1.81856,1.8316,1.8229,0.52155066,0.5172935,0.7538925,0.090279505,829
PD_vs_SI,160,1.83592,1.8533,1.8446,0.5223114,0.5200456,0.72488034,0.08168917,753
PD_vs_SI,160,1.85761,1.87499,1.8663,0.51849955,0.5168329,0.7878209,0.08770203,981
PD_vs_SI,160,1.87932,1.89236,1.88366,0.5162187,0.51624244,0.72684187,0.08165462,567
PD_vs_SI,160,1.89668,1.91406,1.90536,0.5171727,0.5107871,0.7843249,0.087032825,749
PD_vs_SI,160,1.91838,1.9314,1.92272,0.52370054,0.51787066,0.74746734,0.09091515,537
PD_vs_SI,160,1.93574,1.9531,1.94442,0.5243764,0.51728946,0.72948784,0.0832335,644
PD_vs_SI,160,1.95744,1.97046,1.96178,0.5223077,0.5235899,0.7637258,0.08075543,396
PD_vs_SI,160,1.9748,1.99218,1.98348,0.52525234,0.51561064,0.7497888,0.087670684,543
PD_vs_SI,160,1.9965,2.01388,2.00518,0.523963,0.52242446,0.7946376,0.08024416,613
PD_vs_SI,160,2.0182,2.03126,2.02688,0.51777875,0.51625216,0.74167883,0.08708204,332
PD_vs_SI,160,2.03556,2.05295,2.04424,0.50919986,0.50746584,0.7448927,0.088100575,506
PD_vs_SI,160,2.05726,2.07032,2.061615,0.5154898,0.51582104,0.73579174,0.081950046,358
PD_vs_SI,160,2.07462,2.09204,2.0833,0.5129631,0.5137911,0.7282511,0.08663453,427
PD_vs_SI,160,2.09632,2.11373,2.105,0.5228661,0.52099925,0.76317185,0.089931175,375
PD_vs_SI,160,2.11802,2.1311,2.1267,0.5273375,0.52204037,0.7008406,0.08753763,305
PD_vs_SI,160,2.13538,2.15278,2.14406,0.53494036,0.5285882,0.74553233,0.09053815,300
PD_vs_SI,160,2.15708,2.17014,2.16576,0.52770007,0.5231916,0.7062444,0.08042446,233
PD_vs_SI,160,2.17444,2.19183,2.18312,0.5098827,0.50705886,0.76225674,0.0815127,250
PD_vs_SI,160,2.19614,2.21356,2.20484,0.5099647,0.5082218,0.7427019,0.09102565,244
PD_vs_SI,160,2.21784,2.23092,2.22652,0.5257325,0.51945317,0.75334215,0.08128163,168
PD_vs_SI,160,2.2352,2.25261,2.24388,0.5086528,0.50684035,0.7354455,0.0852221,184
PD_vs_SI,160,2.2569,2.26998,2.26128,0.53940606,0.53525215,0.7441913,0.09102966,166
PD_vs_SI,160,2.27426,2.29169,2.28298,0.5337313,0.52849853,0.6711371,0.07652741,157
PD_vs_SI,160,2.29596,2.30904,2.30033,0.51631165,0.5198866,0.6963574,0.08176162,110
PD_vs_SI,160,2.31335,2.33077,2.32205,0.52639556,0.52010626,0.70348847,0.0963475,122
PD_vs_SI,160,2.33505,2.35248,2.343785,0.5192092,0.5111237,0.72257555,0.09208795,120
PD_vs_SI,160,2.35675,2.36984,2.36114,0.53092474,0.5208859,0.69294614,0.08529722,111
PD_vs_SI,160,2.37411,2.39154,2.382855,0.49583757,0.47752723,0.6918673,0.09919329,114
PD_vs_SI,160,2.39581,2.4089,2.404545,0.528363,0.5251646,0.77687603,0.08093219,78
PD_vs_SI,160,2.4132,2.4306,2.42192,0.513929,0.510344,0.7243154,0.08597464,94
PD_vs_SI,160,2.43488,2.4523,2.44362,0.5101607,0.5100069,0.6637296,0.0826648,118
PD_vs_SI,160,2.45661,2.46966,2.46098,0.52546406,0.5207048,0.70029914,0.091948465,68
PD_vs_SI,160,2.47395,2.49136,2.48268,0.5184778,0.5253129,0.75862443,0.080323584,84
PD_vs_RI,160,0.0434,0.06076,0.0434,0.5393333,0.53205585,0.8365934,0.108473666,2975
PD_vs_RI,160,0.0651,0.08246,0.07378,0.5185394,0.5228599,0.77493864,0.12383434,196
PD_vs_RI,160,0.0868,0.09982,0.0868,0.5405916,0.5306633,0.88179094,0.11699267,2822
PD_vs_RI,160,0.10416,0.12153,0.11284,0.57211804,0.5389325,0.7812129,0.13065042,394
PD_vs_RI,160,0.12586,0.13888,0.1302,0.542128,0.5320037,0.9046133,0.12119701,3027
PD_vs_RI,160,0.14322,0.16058,0.14756,0.56718266,0.5412165,0.80925655,0.13400123,645
PD_vs_RI,160,0.16492,0.18228,0.1736,0.54736775,0.53455824,0.8808737,0.12324201,3875
PD_vs_RI,160,0.18662,0.19965,0.19096,0.57559603,0.54997736,0.82037425,0.12736802,774
PD_vs_RI,160,0.20398,0.22134,0.217,0.5476635,0.5325211,0.91482127,0.12851398,4117
PD_vs_RI,160,0.22568,0.23871,0.23002,0.5854594,0.5581829,0.8278362,0.1286405,1177
PD_vs_RI,160,0.24304,0.26041,0.2604,0.55077934,0.5364739,0.93612367,0.12720762,4648
PD_vs_RI,160,0.26474,0.28211,0.27342,0.5889076,0.5589505,0.93352085,0.13323773,1748
PD_vs_RI,160,0.28644,0.29946,0.29078,0.5999127,0.5621705,0.86574686,0.13269687,981
PD_vs_RI,160,0.3038,0.32116,0.3038,0.55641985,0.5415614,0.8586167,0.12581961,5986
PD_vs_RI,160,0.3255,0.33854,0.32984,0.59293234,0.56147784,0.8910048,0.13241072,1294
PD_vs_RI,160,0.34286,0.36024,0.3472,0.5572139,0.5409937,0.9225684,0.13049017,6421
PD_vs_RI,160,0.36456,0.3776,0.3689,0.5969925,0.56344014,0.9103247,0.12900195,1678
PD_vs_RI,160,0.38192,0.3993,0.3906,0.5539466,0.5382287,0.9544119,0.13005017,6462
PD_vs_RI,160,0.40362,0.42101,0.4123,0.6024077,0.565614,0.9482898,0.13025658,2516
PD_vs_RI,160,0.42532,0.43835,0.434,0.5546836,0.538483,0.9569734,0.13392544,6025
PD_vs_RI,160,0.44268,0.46007,0.45136,0.58762956,0.55631965,0.8802381,0.13434774,3153
PD_vs_RI,160,0.46438,0.47743,0.4774,0.5559138,0.53759617,0.8994156,0.1326674,5812
PD_vs_RI,160,0.48174,0.49913,0.49042,0.58884645,0.5559241,0.90883476,0.13474688,3337
PD_vs_RI,160,0.50344,0.52083,0.5208,0.5607476,0.53847426,0.95659304,0.13696525,6476
PD_vs_RI,160,0.52514,0.5382,0.52948,0.590396,0.55565256,0.8688374,0.1367207,2946
PD_vs_RI,160,0.5425,0.55989,0.55118,0.5999391,0.5583264,0.91895163,0.1381857,2993
PD_vs_RI,160,0.5642,0.57726,0.5642,0.5534067,0.5341826,0.9323642,0.1370819,6786
PD_vs_RI,160,0.58156,0.59895,0.59024,0.59683806,0.5551926,0.8619013,0.14027876,3395
PD_vs_RI,160,0.60326,0.62067,0.6076,0.553148,0.5304505,0.9476181,0.14252353,7424
PD_vs_RI,160,0.62496,0.63804,0.62932,0.6061816,0.563815,0.9907823,0.13875924,2837
PD_vs_RI,160,0.64232,0.65972,0.651,0.55588603,0.53239053,0.9830853,0.14324015,7150
PD_vs_RI,160,0.66402,0.6771,0.66838,0.58729255,0.54935706,0.86572284,0.14404738,3112
PD_vs_RI,160,0.68138,0.6988,0.6944,0.5479544,0.5269362,0.9323072,0.14556919,6693
PD_vs_RI,160,0.70308,0.71616,0.70744,0.5842135,0.54593134,0.9067231,0.14569427,3308
PD_vs_RI,160,0.72044,0.73787,0.7378,0.54863787,0.5251389,0.8706413,0.14886226,6376
PD_vs_RI,160,0.74214,0.75956,0.75082,0.580685,0.542774,0.98037297,0.14899208,4221
PD_vs_RI,160,0.76384,0.77694,0.76823,0.5844983,0.54524565,0.8615231,0.14695853,2922
PD_vs_RI,160,0.7812,0.79864,0.78125,0.5443595,0.52494824,0.9508626,0.14817834,6993
PD_vs_RI,160,0.80291,0.81601,0.80732,0.5867155,0.5434424,0.89958984,0.14783251,2981
PD_vs_RI,160,0.82027,0.83772,0.8247,0.53932047,0.52349526,0.93760127,0.14993258,6792
PD_vs_RI,160,0.84198,0.85942,0.85073,0.58184785,0.54200363,0.95770156,0.15238622,3743
PD_vs_RI,160,0.86368,0.87678,0.8681,0.5313326,0.51761174,0.9466602,0.15111987,5719
PD_vs_RI,160,0.88105,0.89848,0.8898,0.56647515,0.53174406,0.9283356,0.15291502,3873
PD_vs_RI,160,0.90274,0.91584,0.9115,0.53395694,0.5189177,0.8735319,0.1538618,5241
PD_vs_RI,160,0.92011,0.93754,0.92886,0.5620767,0.5336939,0.95513487,0.15385033,4109
PD_vs_RI,160,0.94181,0.95924,0.9549,0.5299883,0.51873976,0.9348737,0.1532131,5851
PD_vs_RI,160,0.96351,0.9766,0.96792,0.5567514,0.5311051,0.8810181,0.15372415,3195
PD_vs_RI,160,0.98088,0.9983,0.99396,0.529185,0.5158622,0.91158086,0.15438299,5455
PD_vs_RI,160,1.0026,1.01566,1.00698,0.545324,0.52599114,0.86600024,0.15110388,3105
PD_vs_RI,160,1.01995,1.03736,1.02868,0.55095464,0.5280418,0.89640766,0.15620616,3263
PD_vs_RI,160,1.04164,1.05472,1.0417,0.51582813,0.5123552,0.91403884,0.1577063,4806
PD_vs_RI,160,1.05902,1.07642,1.06774,0.5535787,0.5275298,0.90301824,0.15623556,3423
PD_vs_RI,160,1.08069,1.09812,1.0851,0.52272815,0.51574403,0.9182757,0.15583335,5087
PD_vs_RI,160,1.10241,1.11548,1.1068,0.54711014,0.5229644,0.8902409,0.15875246,2686
PD_vs_RI,160,1.11978,1.13718,1.1285,0.5300373,0.519166,0.936482,0.15672073,4805
PD_vs_RI,160,1.14149,1.15454,1.14586,0.5491028,0.5253409,0.9292436,0.15947765,2695
PD_vs_RI,160,1.15884,1.17624,1.1719,0.5250134,0.51826775,0.9223495,0.15857263,4337
PD_vs_RI,160,1.18054,1.19794,1.18926,0.54055935,0.5239114,0.9210491,0.16270292,3099
PD_vs_RI,160,1.20223,1.2153,1.2153,0.5269546,0.52125955,0.95973843,0.158577,3519
PD_vs_RI,160,1.21961,1.237,1.22832,0.5299754,0.52016616,0.96311057,0.16049182,3040
PD_vs_RI,160,1.24131,1.25436,1.25002,0.52704424,0.51783645,0.9397365,0.16280712,2238
PD_vs_RI,160,1.2587,1.27606,1.26304,0.52835643,0.5211734,0.9316542,0.15832904,3945
PD_vs_RI,160,1.28036,1.29776,1.28908,0.53062546,0.52117,0.94657665,0.16083708,2618
PD_vs_RI,160,1.30207,1.31512,1.30644,0.5212356,0.5172451,0.93358696,0.16174106,3142
PD_vs_RI,160,1.31942,1.33682,1.32814,0.5380834,0.5269753,0.8748796,0.15974969,2473
PD_vs_RI,160,1.34116,1.35418,1.3455,0.52742934,0.5189634,0.91853946,0.16441491,2916
PD_vs_RI,160,1.35848,1.37588,1.3672,0.53425854,0.52194065,0.8535578,0.16090356,2397
PD_vs_RI,160,1.38018,1.39324,1.3889,0.53161854,0.5250002,0.91507053,0.1602427,2613
PD_vs_RI,160,1.39755,1.41494,1.40626,0.54187894,0.52456653,0.8993191,0.16386162,2330
PD_vs_RI,160,1.41928,1.43664,1.4323,0.5293179,0.52418303,0.91289425,0.16672888,2701
PD_vs_RI,160,1.44094,1.454,1.44532,0.5289248,0.5230132,0.8995609,0.162905,1746
PD_vs_RI,160,1.45834,1.4757,1.47136,0.5367869,0.5239534,1.0000005,0.16763347,2486
PD_vs_RI,160,1.48002,1.49306,1.48438,0.5247878,0.52094585,0.9171973,0.16224974,1561
PD_vs_RI,160,1.49738,1.51476,1.50608,0.53848207,0.5274855,0.97284883,0.1677776,1849
PD_vs_RI,160,1.5191,1.53646,1.52344,0.52064407,0.5180094,0.9148472,0.16530614,2380
PD_vs_RI,160,1.5408,1.55382,1.54514,0.5422849,0.5287966,0.8456465,0.16419451,1424
PD_vs_RI,160,1.55816,1.57552,1.56684,0.5162341,0.5180097,0.92871153,0.16827182,1993
PD_vs_RI,160,1.57986,1.59288,1.5842,0.5338856,0.5304832,0.99154615,0.16476876,1174
PD_vs_RI,160,1.59718,1.61458,1.6059,0.52622586,0.52441424,0.9130789,0.165573,1757
PD_vs_RI,160,1.61889,1.63628,1.6276,0.5081877,0.51422197,0.8904194,0.17227678,1424
PD_vs_RI,160,1.64062,1.65366,1.6493,0.53431284,0.52443,0.8667805,0.17123392,1292
PD_vs_RI,160,1.65798,1.67534,1.66666,0.5341511,0.52404773,0.9048719,0.17478003,1301
PD_vs_RI,160,1.67968,1.6927,1.68836,0.53095067,0.52313846,0.9330346,0.16818929,1183
PD_vs_RI,160,1.69702,1.7144,1.70572,0.53750575,0.5323426,0.9251289,0.16620298,1181
PD_vs_RI,160,1.71874,1.73176,1.72308,0.50098693,0.51510686,0.8981371,0.17199916,901
PD_vs_RI,160,1.7361,1.75346,1.74044,0.5434402,0.53074664,0.94152886,0.174826,1259
PD_vs_RI,160,1.7578,1.77516,1.76648,0.547143,0.5345367,0.8823229,0.1738521,1061
PD_vs_RI,160,1.7795,1.79253,1.78384,0.51775897,0.5237927,0.9195591,0.17344294,944
PD_vs_RI,160,1.79686,1.81424,1.80554,0.52439106,0.5316967,0.9009255,0.1648055,888
PD_vs_RI,160,1.81856,1.8316,1.8229,0.5442947,0.53121877,0.8957048,0.16904758,829
PD_vs_RI,160,1.83592,1.8533,1.8446,0.528156,0.5232621,0.9368974,0.17197366,753
PD_vs_RI,160,1.85761,1.87499,1.8663,0.5597248,0.53853154,0.8994735,0.17250901,981
PD_vs_RI,160,1.87932,1.89236,1.88366,0.531478,0.5242125,0.84864485,0.17361887,567
PD_vs_RI,160,1.89668,1.91406,1.90536,0.5688719,0.54520637,0.9300533,0.16793704,749
PD_vs_RI,160,1.91838,1.9314,1.92272,0.5564573,0.54410225,0.8966127,0.17000425,537
PD_vs_RI,160,1.93574,1.9531,1.94442,0.52910364,0.523848,0.9761787,0.17642422,644
PD_vs_RI,160,1.95744,1.97046,1.96178,0.52404594,0.5243928,0.9201016,0.17504133,396
PD_vs_RI,160,1.9748,1.99218,1.98348,0.5187764,0.5161288,0.899061,0.17021884,543
PD_vs_RI,160,1.9965,2.01388,2.00518,0.56742495,0.54376143,0.8649702,0.17367615,613
PD_vs_RI,160,2.0182,2.03126,2.02688,0.51714945,0.5212857,0.84521836,0.16608243,332
PD_vs_RI,160,2.03556,2.05295,2.04424,0.566985,0.5463903,0.87094676,0.17276622,506
PD_vs_RI,160,2.05726,2.07032,2.061615,0.56752425,0.54836243,0.90613246,0.1783273,358
PD_vs_RI,160,2.07462,2.09204,2.0833,0.5382711,0.52747977,0.93939483,0.16669613,427
PD_vs_RI,160,2.09632,2.11373,2.105,0.5646092,0.5535108,0.8949005,0.172082,375
PD_vs_RI,160,2.11802,2.1311,2.1267,0.54295766,0.52304554,0.8631973,0.17883125,305
PD_vs_RI,160,2.13538,2.15278,2.14406,0.55354476,0.5259219,0.8929123,0.17764467,300
PD_vs_RI,160,2.15708,2.17014,2.16576,0.54520744,0.5397248,0.8922028,0.18232046,233
PD_vs_RI,160,2.17444,2.19183,2.18312,0.5788229,0.54168314,0.8814452,0.17782263,250
PD_vs_RI,160,2.19614,2.21356,2.20484,0.5605935,0.5356059,0.84291345,0.1736822,244
PD_vs_RI,160,2.21784,2.23092,2.22652,0.5723809,0.53308713,0.8647964,0.18021607,168
PD_vs_RI,160,2.2352,2.25261,2.24388,0.5369333,0.53639483,0.8807696,0.17724442,184
PD_vs_RI,160,2.2569,2.26998,2.26128,0.5697181,0.54793876,0.8403227,0.17579506,166
PD_vs_RI,160,2.27426,2.29169,2.28298,0.5286489,0.5247556,0.87421626,0.17843121,157
PD_vs_RI,160,2.29596,2.30904,2.30033,0.5113988,0.5211178,0.8439767,0.17057247,110
PD_vs_RI,160,2.31335,2.33077,2.32205,0.50080305,0.5082799,0.85259926,0.17628103,122
PD_vs_RI,160,2.33505,2.35248,2.343785,0.5191164,0.5254201,0.82968163,0.17726803,120
PD_vs_RI,160,2.35675,2.36984,2.36114,0.5619939,0.5471196,0.8647478,0.18530427,111
PD_vs_RI,160,2.37411,2.39154,2.382855,0.603094,0.56663066,0.8858461,0.19033831,114
PD_vs_RI,160,2.39581,2.4089,2.404545,0.5074378,0.5332985,0.8316724,0.16447867,78
PD_vs_RI,160,2.4132,2.4306,2.42192,0.5818324,0.570962,0.8444428,0.17617254,94
PD_vs_RI,160,2.43488,2.4523,2.44362,0.542739,0.52435684,0.82662827,0.18534656,118
PD_vs_RI,160,2.45661,2.46966,2.46098,0.5664444,0.5422874,0.8302297,0.19483827,68
PD_vs_RI,160,2.47395,2.49136,2.48268,0.53270495,0.5340045,0.85798365,0.17195307,84
PD_vs_VI,160,0.0434,0.06076,0.0434,0.42235062,0.42792875,0.74431473,0.06829581,2975
PD_vs_VI,160,0.0651,0.08246,0.07378,0.44861653,0.45534545,0.6261859,0.058328662,196
PD_vs_VI,160,0.0868,0.09982,0.0868,0.42756015,0.43072855,0.67413396,0.069497205,2822
PD_vs_VI,160,0.10416,0.12153,0.11284,0.44415316,0.44230303,0.60386497,0.06372766,394
PD_vs_VI,160,0.12586,0.13888,0.1302,0.42979196,0.43263134,0.691483,0.07263674,3027
PD_vs_VI,160,0.14322,0.16058,0.14756,0.43797043,0.44089228,0.68543905,0.06386728,645
PD_vs_VI,160,0.16492,0.18228,0.1736,0.42951337,0.43209302,0.6968249,0.07147316,3875
PD_vs_VI,160,0.18662,0.19965,0.19096,0.4407659,0.44040298,0.67555654,0.068994686,774
PD_vs_VI,160,0.20398,0.22134,0.217,0.4267039,0.42786705,0.7234839,0.07598525,4117
PD_vs_VI,160,0.22568,0.23871,0.23002,0.433565,0.435378,0.66319484,0.0686985,1177
PD_vs_VI,160,0.24304,0.26041,0.2604,0.4248533,0.42701468,0.72764283,0.07338984,4648
PD_vs_VI,160,0.26474,0.28211,0.27342,0.42992607,0.4304273,0.6503056,0.0667728,1748
PD_vs_VI,160,0.28644,0.29946,0.29078,0.42681482,0.4313634,0.651242,0.065477476,981
PD_vs_VI,160,0.3038,0.32116,0.3038,0.42561066,0.42872635,0.79364455,0.0736467,5986
PD_vs_VI,160,0.3255,0.33854,0.32984,0.4288863,0.42927796,0.6999541,0.072319254,1294
PD_vs_VI,160,0.34286,0.36024,0.3472,0.4274241,0.43028113,0.7652073,0.07425917,6421
PD_vs_VI,160,0.36456,0.3776,0.3689,0.425869,0.42790926,0.68371254,0.06737086,1678
PD_vs_VI,160,0.38192,0.3993,0.3906,0.42577416,0.4289269,0.74873126,0.07442072,6462
PD_vs_VI,160,0.40362,0.42101,0.4123,0.4232955,0.4276338,0.70330393,0.0691372,2516
PD_vs_VI,160,0.42532,0.43835,0.434,0.42589515,0.42961982,0.73128176,0.073436305,6025
PD_vs_VI,160,0.44268,0.46007,0.45136,0.42500585,0.4287621,0.70238966,0.06952235,3153
PD_vs_VI,160,0.46438,0.47743,0.4774,0.4292031,0.4312299,0.7427312,0.07322015,5812
PD_vs_VI,160,0.48174,0.49913,0.49042,0.42926672,0.43183732,0.74179876,0.07133483,3337
PD_vs_VI,160,0.50344,0.52083,0.5208,0.42646003,0.42933324,0.7676721,0.07516131,6476
PD_vs_VI,160,0.52514,0.5382,0.52948,0.42316604,0.4275054,0.69657946,0.06702113,2946
PD_vs_VI,160,0.5425,0.55989,0.55118,0.42655292,0.4292579,0.7224428,0.0732357,2993
PD_vs_VI,160,0.5642,0.57726,0.5642,0.42898986,0.43189767,0.75163394,0.074531704,6786
PD_vs_VI,160,0.58156,0.59895,0.59024,0.4261216,0.42926538,0.69875973,0.070626795,3395
PD_vs_VI,160,0.60326,0.62067,0.6076,0.42871505,0.43274078,0.735259,0.07673915,7424
PD_vs_VI,160,0.62496,0.63804,0.62932,0.42302945,0.4266717,0.6817614,0.07021556,2837
PD_vs_VI,160,0.64232,0.65972,0.651,0.42874974,0.43171015,0.7137428,0.07612871,7150
PD_vs_VI,160,0.66402,0.6771,0.66838,0.42615366,0.43025205,0.71031016,0.06982217,3112
PD_vs_VI,160,0.68138,0.6988,0.6944,0.4311548,0.43445602,0.7500304,0.07858832,6693
PD_vs_VI,160,0.70308,0.71616,0.70744,0.42986515,0.43198994,0.7237053,0.073126346,3308
PD_vs_VI,160,0.72044,0.73787,0.7378,0.43117994,0.43539178,0.7166588,0.07616943,6376
PD_vs_VI,160,0.74214,0.75956,0.75082,0.43002903,0.4333409,0.73183674,0.075469054,4221
PD_vs_VI,160,0.76384,0.77694,0.76823,0.42573836,0.42864484,0.70324963,0.0759385,2922
PD_vs_VI,160,0.7812,0.79864,0.78125,0.4325564,0.4365878,0.7406103,0.07772147,6993
PD_vs_VI,160,0.80291,0.81601,0.80732,0.42865425,0.4316468,0.69973475,0.073565714,2981
PD_vs_VI,160,0.82027,0.83772,0.8247,0.4320721,0.43530554,0.7650786,0.07936926,6792
PD_vs_VI,160,0.84198,0.85942,0.85073,0.42883343,0.43252438,0.7103914,0.07660077,3743
PD_vs_VI,160,0.86368,0.87678,0.8681,0.43289018,0.43423438,0.7325767,0.081566855,5719
PD_vs_VI,160,0.88105,0.89848,0.8898,0.43066517,0.4352243,0.7361505,0.07670654,3873
PD_vs_VI,160,0.90274,0.91584,0.9115,0.43373668,0.43617946,0.7333107,0.08045471,5241
PD_vs_VI,160,0.92011,0.93754,0.92886,0.4300527,0.432107,0.7068382,0.07762414,4109
PD_vs_VI,160,0.94181,0.95924,0.9549,0.43274647,0.43570006,0.7345185,0.0813722,5851
PD_vs_VI,160,0.96351,0.9766,0.96792,0.43023595,0.43313307,0.71862483,0.07870483,3195
PD_vs_VI,160,0.98088,0.9983,0.99396,0.43550792,0.43826562,0.7325216,0.07976927,5455
PD_vs_VI,160,1.0026,1.01566,1.00698,0.43290055,0.43668628,0.7424914,0.07778156,3105
PD_vs_VI,160,1.01995,1.03736,1.02868,0.435416,0.4365031,0.7195206,0.080897555,3263
PD_vs_VI,160,1.04164,1.05472,1.0417,0.43457437,0.43542677,0.7589155,0.08215966,4806
PD_vs_VI,160,1.05902,1.07642,1.06774,0.43593097,0.43827957,0.73710895,0.07639587,3423
PD_vs_VI,160,1.08069,1.09812,1.0851,0.4363113,0.4363441,0.7677487,0.08083956,5087
PD_vs_VI,160,1.10241,1.11548,1.1068,0.4331719,0.43762097,0.7028423,0.07891116,2686
PD_vs_VI,160,1.11978,1.13718,1.1285,0.43312344,0.4341102,0.72668135,0.08100567,4805
PD_vs_VI,160,1.14149,1.15454,1.14586,0.43323627,0.435506,0.7085618,0.07609625,2695
PD_vs_VI,160,1.15884,1.17624,1.1719,0.4340333,0.43443084,0.7316134,0.081758566,4337
PD_vs_VI,160,1.18054,1.19794,1.18926,0.43693784,0.43655813,0.7498759,0.08054635,3099
PD_vs_VI,160,1.20223,1.2153,1.2153,0.4321247,0.43290547,0.7441501,0.08488345,3519
PD_vs_VI,160,1.21961,1.237,1.22832,0.43708152,0.43851036,0.69421667,0.08275034,3040
PD_vs_VI,160,1.24131,1.25436,1.25002,0.43604308,0.43751884,0.7085786,0.080895685,2238
PD_vs_VI,160,1.2587,1.27606,1.26304,0.436692,0.43637228,0.7580721,0.08508188,3945
PD_vs_VI,160,1.28036,1.29776,1.28908,0.43358636,0.43622774,0.6999382,0.07677622,2618
PD_vs_VI,160,1.30207,1.31512,1.30644,0.4340374,0.43467635,0.6926503,0.08410068,3142
PD_vs_VI,160,1.31942,1.33682,1.32814,0.4324606,0.4340966,0.703929,0.07827529,2473
PD_vs_VI,160,1.34116,1.35418,1.3455,0.4337942,0.43407643,0.7452951,0.082828775,2916
PD_vs_VI,160,1.35848,1.37588,1.3672,0.4359977,0.43669614,0.6662345,0.08122379,2397
PD_vs_VI,160,1.38018,1.39324,1.3889,0.43238813,0.43235585,0.7181088,0.08369285,2613
PD_vs_VI,160,1.39755,1.41494,1.40626,0.43654865,0.43524766,0.7114148,0.08001927,2330
PD_vs_VI,160,1.41928,1.43664,1.4323,0.43570808,0.43497995,0.7036146,0.08380869,2701
PD_vs_VI,160,1.44094,1.454,1.44532,0.43323123,0.43208182,0.68938583,0.08140873,1746
PD_vs_VI,160,1.45834,1.4757,1.47136,0.4344384,0.43410653,0.7221098,0.08348905,2486
PD_vs_VI,160,1.48002,1.49306,1.48438,0.43163964,0.43545705,0.7166895,0.07806676,1561
PD_vs_VI,160,1.49738,1.51476,1.50608,0.43003523,0.43354592,0.67807317,0.08075223,1849
PD_vs_VI,160,1.5191,1.53646,1.52344,0.4377275,0.43488416,0.6991692,0.083864175,2380
PD_vs_VI,160,1.5408,1.55382,1.54514,0.4343171,0.43121868,0.67957073,0.086742975,1424
PD_vs_VI,160,1.55816,1.57552,1.56684,0.43615413,0.4364128,0.7112213,0.081303574,1993
PD_vs_VI,160,1.57986,1.59288,1.5842,0.43514913,0.4383088,0.6904161,0.078834265,1174
PD_vs_VI,160,1.59718,1.61458,1.6059,0.43394983,0.43508348,0.6812835,0.083347425,1757
PD_vs_VI,160,1.61889,1.63628,1.6276,0.4380792,0.43896067,0.7037395,0.08195386,1424
PD_vs_VI,160,1.64062,1.65366,1.6493,0.43469128,0.43275848,0.6897427,0.083564326,1292
PD_vs_VI,160,1.65798,1.67534,1.66666,0.43447018,0.436001,0.67597145,0.082624346,1301
PD_vs_VI,160,1.67968,1.6927,1.68836,0.43499452,0.43672976,0.6766184,0.08587146,1183
PD_vs_VI,160,1.69702,1.7144,1.70572,0.4363036,0.4357384,0.72182816,0.08141145,1181
PD_vs_VI,160,1.71874,1.73176,1.72308,0.43723473,0.43785253,0.6802666,0.08285051,901
PD_vs_VI,160,1.7361,1.75346,1.74044,0.43338567,0.43475288,0.68436056,0.0818369,1259
PD_vs_VI,160,1.7578,1.77516,1.76648,0.43534526,0.43473864,0.68526924,0.08060258,1061
PD_vs_VI,160,1.7795,1.79253,1.78384,0.44069538,0.43787545,0.6732235,0.082568906,944
PD_vs_VI,160,1.79686,1.81424,1.80554,0.4315217,0.43364823,0.65848655,0.0798458,888
PD_vs_VI,160,1.81856,1.8316,1.8229,0.43076485,0.43468264,0.6838608,0.082321554,829
PD_vs_VI,160,1.83592,1.8533,1.8446,0.43941408,0.43809912,0.6635663,0.07738197,753
PD_vs_VI,160,1.85761,1.87499,1.8663,0.42948225,0.43271837,0.6948173,0.07995062,981
PD_vs_VI,160,1.87932,1.89236,1.88366,0.42873245,0.43370044,0.6440774,0.075476564,567
PD_vs_VI,160,1.89668,1.91406,1.90536,0.42948967,0.42608854,0.68912333,0.07890692,749
PD_vs_VI,160,1.91838,1.9314,1.92272,0.43296546,0.43230435,0.6436662,0.082743816,537
PD_vs_VI,160,1.93574,1.9531,1.94442,0.43647552,0.43531904,0.6583779,0.07716033,644
PD_vs_VI,160,1.95744,1.97046,1.96178,0.43777677,0.44026354,0.65392095,0.075283706,396
PD_vs_VI,160,1.9748,1.99218,1.98348,0.43681672,0.43554392,0.6712523,0.08235946,543
PD_vs_VI,160,1.9965,2.01388,2.00518,0.4336648,0.43667418,0.6850737,0.07418545,613
PD_vs_VI,160,2.0182,2.03126,2.02688,0.43155438,0.4344258,0.611066,0.07998885,332
PD_vs_VI,160,2.03556,2.05295,2.04424,0.4217762,0.42425805,0.65005904,0.08090319,506
PD_vs_VI,160,2.05726,2.07032,2.061615,0.42748538,0.43046305,0.6398473,0.07679026,358
PD_vs_VI,160,2.07462,2.09204,2.0833,0.43288952,0.43205965,0.63681924,0.080727965,427
PD_vs_VI,160,2.09632,2.11373,2.105,0.4333055,0.4346193,0.6529472,0.08276982,375
PD_vs_VI,160,2.11802,2.1311,2.1267,0.44452393,0.439078,0.6201786,0.079489075,305
PD_vs_VI,160,2.13538,2.15278,2.14406,0.44495052,0.4442649,0.65491974,0.081526615,300
PD_vs_VI,160,2.15708,2.17014,2.16576,0.44123724,0.43717784,0.63597953,0.07296211,233
PD_vs_VI,160,2.17444,2.19183,2.18312,0.42274135,0.42339206,0.67259973,0.07475324,250
PD_vs_VI,160,2.19614,2.21356,2.20484,0.4274817,0.42649135,0.6874169,0.0838281,244
PD_vs_VI,160,2.21784,2.23092,2.22652,0.4382695,0.43522948,0.6384225,0.075110294,168
PD_vs_VI,160,2.2352,2.25261,2.24388,0.4150954,0.42362,0.65483636,0.08009329,184
PD_vs_VI,160,2.2569,2.26998,2.26128,0.44266042,0.4463137,0.6287483,0.08597315,166
PD_vs_VI,160,2.27426,2.29169,2.28298,0.44288328,0.44424617,0.5800227,0.07323693,157
PD_vs_VI,160,2.29596,2.30904,2.30033,0.43799114,0.4385154,0.6288242,0.075962685,110
PD_vs_VI,160,2.31335,2.33077,2.32205,0.44341043,0.4388788,0.6005326,0.08617166,122
PD_vs_VI,160,2.33505,2.35248,2.343785,0.4315682,0.42922845,0.6120538,0.081937395,120
PD_vs_VI,160,2.35675,2.36984,2.36114,0.44169056,0.43266118,0.5962667,0.0787627,111
PD_vs_VI,160,2.37411,2.39154,2.382855,0.40908414,0.39828816,0.6055568,0.09297725,114
PD_vs_VI,160,2.39581,2.4089,2.404545,0.43021193,0.44045204,0.6347848,0.073727675,78
PD_vs_VI,160,2.4132,2.4306,2.42192,0.4222479,0.4226176,0.62417966,0.07909528,94
PD_vs_VI,160,2.43488,2.4523,2.44362,0.42489144,0.4289096,0.60327846,0.07701741,118
PD_vs_VI,160,2.45661,2.46966,2.46098,0.43477067,0.4378538,0.5994788,0.088643506,68
PD_vs_VI,160,2.47395,2.49136,2.48268,0.43741697,0.44021878,0.67042685,0.07508021,84
AI_vs_EI,131,46.2561,46.7243,46.41285,0.5566808,0.55371207,0.7699256,0.080426045,66
AI_vs_EI,131,46.7372,47.2069,46.96145,0.5430623,0.55375403,0.7544101,0.096636474,62
AI_vs_EI,131,47.213,47.6826,47.4843,0.5322534,0.54154164,0.677045,0.07088619,65
AI_vs_EI,131,47.6943,48.1685,47.94965,0.5401511,0.5430798,0.7834036,0.10134149,140
AI_vs_EI,131,48.1745,48.6478,48.4429,0.5410137,0.540566,0.7421528,0.086809255,133
AI_vs_EI,131,48.6565,49.1272,48.8998,0.5539349,0.55538964,0.735612,0.07877029,157
AI_vs_EI,131,49.1334,49.6073,49.4108,0.53504145,0.53482985,0.72530824,0.088833906,177
AI_vs_EI,131,49.6159,50.0887,49.85565,0.5485269,0.5464736,0.8234276,0.08680443,270
AI_vs_EI,131,50.0912,50.5696,50.3127,0.55735207,0.54760814,0.8027168,0.090255946,248
AI_vs_EI,131,50.5725,51.0488,50.8415,0.557241,0.552997,0.7813828,0.08508968,331
AI_vs_EI,131,51.052,51.5276,51.299202,0.5567482,0.5580701,0.78588104,0.093954094,332
AI_vs_EI,131,51.532,52.0099,51.7526,0.5617246,0.5619129,0.7914886,0.088736966,391
AI_vs_EI,131,52.0105,52.4892,52.2442,0.54622394,0.5461617,0.7836394,0.08699935,439
AI_vs_EI,131,52.4912,52.9698,52.74465,0.5362945,0.5421156,0.77337813,0.089280054,494
AI_vs_EI,131,52.9712,53.4496,53.2028,0.56124854,0.5521974,0.77331525,0.09406475,549
AI_vs_EI,131,53.45,53.9297,53.7135,0.5449438,0.5512065,0.81814444,0.0871152,643
AI_vs_EI,131,53.9306,54.4092,54.1995,0.5581013,0.55190146,0.78503966,0.09391919,715
AI_vs_EI,131,54.41,54.8892,54.657,0.54947734,0.54908264,0.8089695,0.08573933,823
AI_vs_EI,131,54.8902,55.3695,55.1363,0.5492483,0.5516218,0.8324492,0.09313832,859
AI_vs_EI,131,55.3698,55.8493,55.610703,0.5530003,0.5538032,0.80994517,0.08974797,936
AI_vs_EI,131,55.8496,56.3293,56.0869,0.55551994,0.55501664,0.84158725,0.08720276,1041
AI_vs_EI,131,56.3294,56.8089,56.5771,0.5514599,0.5534133,0.87654996,0.09366591,1131
AI_vs_EI,131,56.81,57.2891,57.058647,0.5515534,0.5525834,0.8653678,0.089064956,1272
AI_vs_EI,131,57.2898,57.769,57.53045,0.5536467,0.55212593,0.84770244,0.09034663,1306
AI_vs_EI,131,57.7706,58.2487,58.0195,0.55380034,0.5540746,0.8719432,0.0911279,1515
AI_vs_EI,131,58.2495,58.7284,58.4782,0.55283123,0.55295396,0.9050083,0.0927794,1669
AI_vs_EI,131,58.7305,59.2079,58.9753,0.55668503,0.55356026,0.85930777,0.09014774,1645
AI_vs_EI,131,59.2087,59.6884,59.45945,0.55297345,0.55228645,0.85167587,0.08950595,1728
AI_vs_EI,131,59.6886,60.1683,59.9465,0.5524799,0.55192196,0.8548284,0.09368833,1863
AI_vs_EI,131,60.1687,60.6478,60.4116,0.5541081,0.55356795,0.84668595,0.08969498,2047
AI_vs_EI,131,60.6484,61.1281,60.8842,0.5545641,0.5534402,0.85902125,0.09299687,2179
AI_vs_EI,131,61.1285,61.6081,61.3741,0.5573505,0.5542651,0.87968296,0.09434186,2416
AI_vs_EI,131,61.6086,62.0872,61.842102,0.5555675,0.55326104,0.89624476,0.095061205,2460
AI_vs_EI,131,62.0886,62.5679,62.3236,0.5595129,0.5549462,0.86690116,0.09691219,2599
AI_vs_EI,131,62.5682,63.0478,62.8031,0.55496633,0.55322385,0.8871181,0.09419369,2668
AI_vs_EI,131,63.0481,63.5277,63.2942,0.5551094,0.55180615,0.86912435,0.09867824,2739
AI_vs_EI,131,63.5278,64.0074,63.7646,0.55225646,0.54970354,0.86229455,0.0978885,2923
AI_vs_EI,131,64.0077,64.4875,64.254654,0.5552233,0.55315787,0.8776286,0.096008815,3124
AI_vs_EI,131,64.4878,64.9674,64.7352,0.55232877,0.55239713,0.9059246,0.09708726,3267
AI_vs_EI,131,64.9675,65.4472,65.21875,0.54986703,0.5486384,0.94041127,0.09741361,3216
AI_vs_EI,131,65.4474,65.9272,65.6924,0.554328,0.5518946,0.9106849,0.0978498,3382
AI_vs_EI,131,65.9277,66.407,66.15925,0.5570898,0.5526553,0.8931414,0.09553421,3520
AI_vs_EI,131,66.4072,66.8869,66.6532,0.55513966,0.55350846,0.92624986,0.095413215,3666
AI_vs_EI,131,66.8871,67.3669,67.1286,0.55568224,0.5533526,0.9475608,0.09753265,3801
AI_vs_EI,131,67.3671,67.8466,67.6106,0.55418426,0.5511687,0.8934952,0.09856302,3974
AI_vs_EI,131,67.8472,68.3267,68.082,0.5584461,0.5560138,0.89416224,0.09510397,3821
AI_vs_EI,131,68.3269,68.8066,68.574,0.5567398,0.5532563,0.8795994,0.096925445,4109
AI_vs_EI,131,68.8067,69.2865,69.0424,0.5552293,0.55158895,0.9230486,0.09730156,4067
AI_vs_EI,131,69.2869,69.7664,69.52565,0.5554127,0.5544002,0.93390507,0.095031045,4190
AI_vs_EI,131,69.7665,70.2461,70.010544,0.55523366,0.55386496,0.9081899,0.09521326,4356
AI_vs_EI,131,70.2464,70.726,70.4805,0.5574565,0.5554232,0.9007141,0.09416541,4328
AI_vs_EI,131,70.7265,71.206,70.96985,0.5551107,0.554491,0.87496954,0.09315753,4466
AI_vs_EI,131,71.2062,71.686,71.44795,0.5541936,0.55229074,0.9033083,0.0944696,4488
AI_vs_EI,131,71.6861,72.1659,71.9271,0.5550861,0.5509714,0.92728233,0.09560115,4445
AI_vs_EI,131,72.166,72.6454,72.4047,0.55481195,0.5529652,0.9385797,0.097329244,4630
AI_vs_EI,131,72.646,73.1257,72.8888,0.5536218,0.55285656,0.8910983,0.0938529,4631
AI_vs_EI,131,73.1259,73.6056,73.3665,0.55424106,0.552893,0.9334923,0.09333854,4731
AI_vs_EI,131,73.6058,74.0854,73.8451,0.55028486,0.5490828,0.973023,0.09213572,4993
AI_vs_EI,131,74.0858,74.5653,74.3324,0.5558217,0.5544184,0.9110756,0.09340215,4785
AI_vs_EI,131,74.5655,75.0452,74.8085,0.5529221,0.5520743,0.9120447,0.09224164,4656
AI_vs_EI,131,75.0455,75.525,75.2873,0.5544194,0.5534917,0.9529011,0.090164766,4836
AI_vs_EI,131,75.5255,76.0051,75.7633,0.55276906,0.5530158,0.8790436,0.0919871,4784
AI_vs_EI,131,76.0052,76.4849,76.2436,0.55382854,0.55311745,0.9030133,0.09320769,4921
AI_vs_EI,131,76.4851,76.9646,76.72255,0.54771835,0.54904366,0.9029407,0.09005106,4686
AI_vs_EI,131,76.965,77.4446,77.2008,0.55470294,0.5531964,0.8832142,0.09189794,4713
AI_vs_EI,131,77.4449,77.9247,77.67595,0.55300456,0.55345106,0.97281927,0.0876684,4794
AI_vs_EI,131,77.9248,78.4046,78.1614,0.55064034,0.54920334,0.9503832,0.09177785,4819
AI_vs_EI,131,78.4047,78.8845,78.64965,0.5489506,0.5494363,0.95850927,0.08836989,4580
AI_vs_EI,131,78.8846,79.3643,79.1196,0.55381024,0.55350417,0.92612165,0.088860475,4576
AI_vs_EI,131,79.3647,79.8442,79.6063,0.5483032,0.54935384,0.86242926,0.089989044,4636
AI_vs_EI,131,79.8443,80.3241,80.0798,0.5484126,0.55022603,0.90200716,0.08770399,4575
AI_vs_EI,131,80.3242,80.804,80.5602,0.5508389,0.55198956,0.95283294,0.08752225,4315
AI_vs_EI,131,80.8042,81.2839,81.03965,0.5548849,0.5532256,0.9178137,0.09021905,4322
AI_vs_EI,131,81.284,81.7637,81.52185,0.5547029,0.55310535,0.8745961,0.088538945,4252
AI_vs_EI,131,81.7641,82.2436,81.9912,0.55228364,0.55135363,0.9111847,0.089185916,4248
AI_vs_EI,131,82.244,82.7236,82.4848,0.54878676,0.54748327,0.90429765,0.09112654,4069
AI_vs_EI,131,82.7238,83.2034,82.97155,0.5527051,0.5518042,0.8407953,0.088710494,4118
AI_vs_EI,131,83.2037,83.6834,83.4447,0.5524565,0.55160975,0.88390225,0.08845066,4100
AI_vs_EI,131,83.6835,84.1632,83.92235,0.54825026,0.5482665,0.91861165,0.08836342,3984
AI_vs_EI,131,84.1634,84.6432,84.4008,0.5504681,0.55190104,0.89125156,0.086225785,3836
AI_vs_EI,131,84.6438,85.123,84.88815,0.5513997,0.5526506,0.8997405,0.08964132,3822
AI_vs_EI,131,85.1232,85.6029,85.3671,0.5498355,0.5518913,0.8937885,0.08634922,3514
AI_vs_EI,131,85.6032,86.0829,85.8419,0.5475942,0.5464067,0.8695154,0.09150516,3545
AI_vs_EI,131,86.0831,86.5626,86.326,0.5531548,0.55064493,0.8784408,0.0878185,3532
AI_vs_EI,131,86.5632,87.0426,86.8093,0.5475587,0.5504026,0.9094157,0.0871772,3213
AI_vs_EI,131,87.0428,87.5223,87.2853,0.55079085,0.55159587,0.89936215,0.08532709,3135
AI_vs_EI,131,87.5228,88.0024,87.7687,0.5514151,0.55076283,0.8701785,0.08595942,3153
AI_vs_EI,131,88.0026,88.4823,88.2468,0.553613,0.5539283,0.86526144,0.084700786,3113
AI_vs_EI,131,88.4826,88.9609,88.7217,0.5523721,0.55192524,0.9292339,0.08774287,2921
AI_vs_EI,131,88.9624,89.4415,89.1956,0.5541203,0.5537281,0.8774771,0.08723899,2885
AI_vs_EI,131,89.4426,89.9221,89.6744,0.5522749,0.55312777,0.8776497,0.087330885,2553
AI_vs_EI,131,89.9225,90.4018,90.1623,0.547993,0.5479753,0.84781474,0.08618463,2661
AI_vs_EI,131,90.4027,90.8817,90.6484,0.5504457,0.55255336,0.8791867,0.08393812,2575
AI_vs_EI,131,90.8823,91.3617,91.1363,0.55718124,0.55388176,0.8861,0.08960037,2355
AI_vs_EI,131,91.3622,91.8412,91.6076,0.55031586,0.55289567,0.89432585,0.08800039,2407
AI_vs_EI,131,91.8423,92.3216,92.0822,0.55148655,0.5531679,0.8835528,0.08368047,2265
AI_vs_EI,131,92.3217,92.8012,92.5648,0.5530361,0.5534901,0.862196,0.082737654,2209
AI_vs_EI,131,92.802,93.2811,93.0394,0.5533928,0.55450004,0.8635912,0.08486252,2085
AI_vs_EI,131,93.2818,93.761,93.5171,0.5525587,0.55656415,0.8727897,0.086926475,2021
AI_vs_EI,131,93.7615,94.2411,93.9945,0.5477099,0.54924446,0.8878018,0.086783245,1907
AI_vs_EI,131,94.2427,94.7203,94.4607,0.55366635,0.5545188,0.9999998,0.085542865,1825
AI_vs_EI,131,94.7214,95.201,94.9576,0.5569535,0.555146,0.9148726,0.086319685,1863
AI_vs_EI,131,95.2014,95.6809,95.44835,0.55323577,0.55065286,0.8170527,0.08532303,1666
AI_vs_EI,131,95.6813,96.1606,95.9058,0.5491174,0.5493904,0.8877144,0.08495673,1589
AI_vs_EI,131,96.161,96.6405,96.3926,0.5552652,0.5552299,0.8890379,0.08523831,1557
AI_vs_EI,131,96.6411,97.1205,96.871,0.5526243,0.55196923,0.8595503,0.08551225,1407
AI_vs_EI,131,97.1208,97.6004,97.3558,0.5495977,0.55295455,0.8794658,0.087199464,1487
AI_vs_EI,131,97.6006,98.0799,97.8266,0.5505117,0.5534728,0.8424966,0.08501987,1453
AI_vs_EI,131,98.0815,98.5596,98.364,0.553889,0.55400366,0.87213707,0.086335726,1325
AI_vs_EI,131,98.5606,99.0392,98.7754,0.548504,0.5491211,0.85403633,0.08762043,1399
AI_vs_EI,131,99.0407,99.5177,99.2548,0.5532857,0.5517888,0.8395245,0.08370149,1718
AI_vs_EI,131,99.5206,100,100,0.54197764,0.5449184,0.9215057,0.08207216,3659
AI_vs_SI,131,46.2561,46.7243,46.41285,0.5194788,0.52070934,0.7084739,0.075419016,66
AI_vs_SI,131,46.7372,47.2069,46.96145,0.51084167,0.52444726,0.72043324,0.092061505,62
AI_vs_SI,131,47.213,47.6826,47.4843,0.51438165,0.5143131,0.63272864,0.0649539,65
AI_vs_SI,131,47.6943,48.1685,47.94965,0.5158256,0.5115803,0.72838557,0.09434846,140
AI_vs_SI,131,48.1745,48.6478,48.4429,0.52071095,0.511095,0.6907063,0.08303535,133
AI_vs_SI,131,48.6565,49.1272,48.8998,0.52247536,0.524873,0.69964683,0.07534011,157
AI_vs_SI,131,49.1334,49.6073,49.4108,0.50957763,0.5049694,0.6809026,0.08400254,177
AI_vs_SI,131,49.6159,50.0887,49.85565,0.52039844,0.5175059,0.77687603,0.08225132,270
AI_vs_SI,131,50.0912,50.5696,50.3127,0.5193378,0.5136784,0.75334215,0.087561175,248
AI_vs_SI,131,50.5725,51.0488,50.8415,0.5266594,0.5224758,0.7243154,0.07818306,331
AI_vs_SI,131,51.052,51.5276,51.299202,0.5244722,0.52520716,0.7331157,0.08709067,332
AI_vs_SI,131,51.532,52.0099,51.7526,0.5370303,0.5311632,0.74553233,0.08359973,391
AI_vs_SI,131,52.0105,52.4892,52.2442,0.52022296,0.5153369,0.73756534,0.08171698,439
AI_vs_SI,131,52.4912,52.9698,52.74465,0.50753266,0.5100223,0.7104933,0.08449837,494
AI_vs_SI,131,52.9712,53.4496,53.2028,0.52750176,0.5199458,0.73231614,0.08933341,549
AI_vs_SI,131,53.45,53.9297,53.7135,0.5147843,0.51769346,0.76225674,0.081695445,643
AI_vs_SI,131,53.9306,54.4092,54.1995,0.527618,0.5190471,0.7354455,0.08885269,715
AI_vs_SI,131,54.41,54.8892,54.657,0.51887214,0.5178723,0.76460415,0.0811177,823
AI_vs_SI,131,54.8902,55.3695,55.1363,0.51954925,0.51872134,0.7558426,0.087478966,859
AI_vs_SI,131,55.3698,55.8493,55.610703,0.51956534,0.5202183,0.7448927,0.084914215,936
AI_vs_SI,131,55.8496,56.3293,56.0869,0.52236754,0.521573,0.7778754,0.08207883,1041
AI_vs_SI,131,56.3294,56.8089,56.5771,0.5222227,0.5192972,0.7878209,0.08804133,1131
AI_vs_SI,131,56.81,57.2891,57.058647,0.5178779,0.51799095,0.8066975,0.08290374,1272
AI_vs_SI,131,57.2898,57.769,57.53045,0.5198432,0.5170291,0.78894955,0.085584834,1306
AI_vs_SI,131,57.7706,58.2487,58.0195,0.5216825,0.51977026,0.79548913,0.0854827,1515
AI_vs_SI,131,58.2495,58.7284,58.4782,0.5215398,0.5179235,0.8187738,0.0868922,1669
AI_vs_SI,131,58.7305,59.2079,58.9753,0.5221329,0.51813793,0.7693111,0.084121004,1645
AI_vs_SI,131,59.2087,59.6884,59.45945,0.5206677,0.51789016,0.80867153,0.08502476,1728
AI_vs_SI,131,59.6886,60.1683,59.9465,0.51900136,0.5163094,0.7759013,0.08848724,1863
AI_vs_SI,131,60.1687,60.6478,60.4116,0.5206036,0.5177969,0.7980425,0.08444917,2047
AI_vs_SI,131,60.6484,61.1281,60.8842,0.5194037,0.5172317,0.7925016,0.087913096,2179
AI_vs_SI,131,61.1285,61.6081,61.3741,0.5231091,0.51776296,0.79080385,0.08863088,2416
AI_vs_SI,131,61.6086,62.0872,61.842102,0.5198957,0.5170568,0.92979604,0.09018714,2460
AI_vs_SI,131,62.0886,62.5679,62.3236,0.52411664,0.5178192,0.78927094,0.09154355,2599
AI_vs_SI,131,62.5682,63.0478,62.8031,0.519806,0.5167112,0.7916575,0.08861662,2668
AI_vs_SI,131,63.0481,63.5277,63.2942,0.51787376,0.51477534,0.8130905,0.09242258,2739
AI_vs_SI,131,63.5278,64.0074,63.7646,0.51616794,0.51252687,0.89871496,0.09239168,2923
AI_vs_SI,131,64.0077,64.4875,64.254654,0.5201148,0.5160699,0.78677136,0.08999921,3124
AI_vs_SI,131,64.4878,64.9674,64.7352,0.5174069,0.51478267,0.81314594,0.09085538,3267
AI_vs_SI,131,64.9675,65.4472,65.21875,0.5131069,0.5108406,0.8633645,0.090749085,3216
AI_vs_SI,131,65.4474,65.9272,65.6924,0.5190676,0.5141486,0.8450299,0.09220587,3382
AI_vs_SI,131,65.9277,66.407,66.15925,0.5195111,0.51587415,0.82119954,0.08983486,3520
AI_vs_SI,131,66.4072,66.8869,66.6532,0.51927483,0.51604253,0.85579056,0.089378364,3666
AI_vs_SI,131,66.8871,67.3669,67.1286,0.5190694,0.515043,0.8511625,0.09122645,3801
AI_vs_SI,131,67.3671,67.8466,67.6106,0.5184646,0.51383305,0.8505354,0.0928597,3974
AI_vs_SI,131,67.8472,68.3267,68.082,0.5202385,0.51803654,0.8319689,0.08891647,3821
AI_vs_SI,131,68.3269,68.8066,68.574,0.52124816,0.5161077,0.9057379,0.091496624,4109
AI_vs_SI,131,68.8067,69.2865,69.0424,0.5175756,0.5136282,0.8665624,0.091621324,4067
AI_vs_SI,131,69.2869,69.7664,69.52565,0.51864153,0.5169578,0.8380691,0.08971348,4190
AI_vs_SI,131,69.7665,70.2461,70.010544,0.5188277,0.51687723,0.8320127,0.089696445,4356
AI_vs_SI,131,70.2464,70.726,70.4805,0.5210663,0.5178192,0.9531636,0.088581845,4328
AI_vs_SI,131,70.7265,71.206,70.96985,0.5195868,0.516992,0.81696063,0.08663809,4466
AI_vs_SI,131,71.2062,71.686,71.44795,0.51916003,0.5149762,0.8622374,0.08869631,4488
AI_vs_SI,131,71.6861,72.1659,71.9271,0.5189535,0.5133225,0.826213,0.089801304,4445
AI_vs_SI,131,72.166,72.6454,72.4047,0.51939696,0.5155035,0.8517864,0.091428414,4630
AI_vs_SI,131,72.646,73.1257,72.8888,0.5165694,0.5151377,0.81268674,0.08742487,4631
AI_vs_SI,131,73.1259,73.6056,73.3665,0.51735866,0.515376,0.849814,0.087165855,4731
AI_vs_SI,131,73.6058,74.0854,73.8451,0.5159358,0.51253515,0.8732696,0.086484656,4993
AI_vs_SI,131,74.0858,74.5653,74.3324,0.5200872,0.51702696,0.8226756,0.08752991,4785
AI_vs_SI,131,74.5655,75.0452,74.8085,0.5175915,0.51517683,0.82130873,0.08673746,4656
AI_vs_SI,131,75.0455,75.525,75.2873,0.5200821,0.51613325,0.8797697,0.08428588,4836
AI_vs_SI,131,75.5255,76.0051,75.7633,0.5180901,0.51665217,0.8039593,0.08622573,4784
AI_vs_SI,131,76.0052,76.4849,76.2436,0.5199007,0.516576,0.83191437,0.08706898,4921
AI_vs_SI,131,76.4851,76.9646,76.72255,0.5129247,0.5122546,0.83007663,0.08426359,4686
AI_vs_SI,131,76.965,77.4446,77.2008,0.51866,0.516422,0.83512884,0.0859521,4713
AI_vs_SI,131,77.4449,77.9247,77.67595,0.5174043,0.5166399,0.89053804,0.08263295,4794
AI_vs_SI,131,77.9248,78.4046,78.1614,0.51631355,0.5129904,0.8724422,0.086062394,4819
AI_vs_SI,131,78.4047,78.8845,78.64965,0.5142221,0.5130011,0.84953046,0.082654454,4580
AI_vs_SI,131,78.8846,79.3643,79.1196,0.5180445,0.51714015,0.8366719,0.083049856,4576
AI_vs_SI,131,79.3647,79.8442,79.6063,0.5133114,0.51303685,0.79151183,0.083578475,4636
AI_vs_SI,131,79.8443,80.3241,80.0798,0.5150883,0.51413393,0.82738614,0.082406305,4575
AI_vs_SI,131,80.3242,80.804,80.5602,0.5180311,0.5158529,0.8903463,0.08167898,4315
AI_vs_SI,131,80.8042,81.2839,81.03965,0.5191512,0.5166675,0.86076415,0.08417618,4322
AI_vs_SI,131,81.284,81.7637,81.52185,0.51974183,0.51693916,0.8187368,0.08347042,4252
AI_vs_SI,131,81.7641,82.2436,81.9912,0.5176008,0.51517767,0.82588935,0.08428,4248
AI_vs_SI,131,82.244,82.7236,82.4848,0.5140683,0.51125246,0.8200791,0.08494247,4069
AI_vs_SI,131,82.7238,83.2034,82.97155,0.51817703,0.5154749,0.78654236,0.08354149,4118
AI_vs_SI,131,83.2037,83.6834,83.4447,0.51787436,0.5156868,0.8085018,0.0823169,4100
AI_vs_SI,131,83.6835,84.1632,83.92235,0.5133481,0.5121272,0.8941857,0.08280612,3984
AI_vs_SI,131,84.1634,84.6432,84.4008,0.51566195,0.51605725,0.8168325,0.08047124,3836
AI_vs_SI,131,84.6438,85.123,84.88815,0.5174645,0.51687104,1,0.08436638,3822
AI_vs_SI,131,85.1232,85.6029,85.3671,0.51600313,0.5158082,0.83758,0.08066432,3514
AI_vs_SI,131,85.6032,86.0829,85.8419,0.5126192,0.51046425,0.8205856,0.08647389,3545
AI_vs_SI,131,86.0831,86.5626,86.326,0.5164821,0.51462543,0.8098263,0.08227644,3532
AI_vs_SI,131,86.5632,87.0426,86.8093,0.51342124,0.51382625,0.86359334,0.08215639,3213
AI_vs_SI,131,87.0428,87.5223,87.2853,0.51634514,0.5161809,0.80790037,0.0803209,3135
AI_vs_SI,131,87.5228,88.0024,87.7687,0.51817256,0.5156405,0.8139612,0.0804518,3153
AI_vs_SI,131,88.0026,88.4823,88.2468,0.52054423,0.5181349,0.8014992,0.0800069,3113
AI_vs_SI,131,88.4826,88.9609,88.7217,0.5187386,0.51576394,0.8605056,0.08303649,2921
AI_vs_SI,131,88.9624,89.4415,89.1956,0.52042854,0.5182113,0.817512,0.081832595,2885
AI_vs_SI,131,89.4426,89.9221,89.6744,0.51762474,0.5177777,0.85701007,0.08309814,2553
AI_vs_SI,131,89.9225,90.4018,90.1623,0.51657164,0.5131969,0.7803958,0.081418164,2661
AI_vs_SI,131,90.4027,90.8817,90.6484,0.5169849,0.51671934,0.8446506,0.079684444,2575
AI_vs_SI,131,90.8823,91.3617,91.1363,0.5218248,0.5179558,0.8251819,0.08458584,2355
AI_vs_SI,131,91.3622,91.8412,91.6076,0.5159647,0.51659936,0.83015907,0.081969015,2407
AI_vs_SI,131,91.8423,92.3216,92.0822,0.5201337,0.5166441,0.7800444,0.07980966,2265
AI_vs_SI,131,92.3217,92.8012,92.5648,0.5204285,0.51836747,0.7896003,0.078908384,2209
AI_vs_SI,131,92.802,93.2811,93.0394,0.5176348,0.5185528,0.7839628,0.08091519,2085
AI_vs_SI,131,93.2818,93.761,93.5171,0.52124065,0.5215048,0.8033465,0.08076793,2021
AI_vs_SI,131,93.7615,94.2411,93.9945,0.5133843,0.514311,0.8274918,0.082890466,1907
AI_vs_SI,131,94.2427,94.7203,94.4607,0.5209844,0.51980776,0.91979307,0.081650086,1825
AI_vs_SI,131,94.7214,95.201,94.9576,0.52393454,0.5204891,0.8111623,0.08159676,1863
AI_vs_SI,131,95.2014,95.6809,95.44835,0.52011,0.5161152,0.7786662,0.08202014,1666
AI_vs_SI,131,95.6813,96.1606,95.9058,0.51538795,0.5150447,0.85959816,0.08157972,1589
AI_vs_SI,131,96.161,96.6405,96.3926,0.521927,0.5200802,0.79725516,0.08101674,1557
AI_vs_SI,131,96.6411,97.1205,96.871,0.51856947,0.5165844,0.80897486,0.08349891,1407
AI_vs_SI,131,97.1208,97.6004,97.3558,0.51904863,0.51792264,0.8600987,0.0849803,1487
AI_vs_SI,131,97.6006,98.0799,97.8266,0.5176989,0.5193101,0.8110293,0.082182795,1453
AI_vs_SI,131,98.0815,98.5596,98.364,0.5210444,0.5203012,0.8500237,0.085859686,1325
AI_vs_SI,131,98.5606,99.0392,98.7754,0.5158917,0.5142301,0.8215879,0.08554821,1399
AI_vs_SI,131,99.0407,99.5177,99.2548,0.52049947,0.5191093,0.76808006,0.08286513,1718
AI_vs_SI,131,99.5206,100,100,0.50692976,0.5111686,0.89377004,0.08040144,3659
AI_vs_RI,131,46.2561,46.7243,46.41285,0.677917,0.60471267,0.85798365,0.18883114,66
AI_vs_RI,131,46.7372,47.2069,46.96145,0.5633801,0.5477387,0.8155646,0.17167315,62
AI_vs_RI,131,47.213,47.6826,47.4843,0.6779074,0.6223964,0.8026786,0.17239726,65
AI_vs_RI,131,47.6943,48.1685,47.94965,0.6456139,0.59302235,0.8618433,0.1717094,140
AI_vs_RI,131,48.1745,48.6478,48.4429,0.6678572,0.5997835,0.8444428,0.18319222,133
AI_vs_RI,131,48.6565,49.1272,48.8998,0.62576485,0.5783509,0.8814452,0.18445149,157
AI_vs_RI,131,49.1334,49.6073,49.4108,0.59762716,0.56213963,0.87421626,0.18735859,177
AI_vs_RI,131,49.6159,50.0887,49.85565,0.6357875,0.5849709,0.9195591,0.19329622,270
AI_vs_RI,131,50.0912,50.5696,50.3127,0.5496535,0.5285629,0.82615554,0.17671004,248
AI_vs_RI,131,50.5725,51.0488,50.8415,0.5642774,0.5398745,0.84326607,0.18154545,331
AI_vs_RI,131,51.052,51.5276,51.299202,0.5094537,0.5258459,0.8439904,0.17522652,332
AI_vs_RI,131,51.532,52.0099,51.7526,0.5666521,0.5514388,0.8807696,0.17885895,391
AI_vs_RI,131,52.0105,52.4892,52.2442,0.57114565,0.5465162,0.9201016,0.17346822,439
AI_vs_RI,131,52.4912,52.9698,52.74465,0.5616466,0.53902316,0.868027,0.17504346,494
AI_vs_RI,131,52.9712,53.4496,53.2028,0.54987186,0.5378261,0.8680961,0.1753793,549
AI_vs_RI,131,53.45,53.9297,53.7135,0.5602815,0.54434544,0.89386183,0.17497939,643
AI_vs_RI,131,53.9306,54.4092,54.1995,0.55926704,0.5437018,0.9148472,0.1752373,715
AI_vs_RI,131,54.41,54.8892,54.657,0.5469739,0.5375392,0.90613246,0.18373726,823
AI_vs_RI,131,54.8902,55.3695,55.1363,0.566128,0.5415315,0.8956173,0.17781074,859
AI_vs_RI,131,55.3698,55.8493,55.610703,0.53340715,0.5283816,0.8823229,0.17760687,936
AI_vs_RI,131,55.8496,56.3293,56.0869,0.5563022,0.5381757,0.913359,0.1677793,1041
AI_vs_RI,131,56.3294,56.8089,56.5771,0.5298962,0.52435,0.8647478,0.17058542,1131
AI_vs_RI,131,56.81,57.2891,57.058647,0.53554106,0.5265557,0.8994735,0.17148024,1272
AI_vs_RI,131,57.2898,57.769,57.53045,0.5177878,0.51950645,0.9761787,0.168458,1306
AI_vs_RI,131,57.7706,58.2487,58.0195,0.5279241,0.5223039,0.9311126,0.166054,1515
AI_vs_RI,131,58.2495,58.7284,58.4782,0.531838,0.5270378,0.8966127,0.16632172,1669
AI_vs_RI,131,58.7305,59.2079,58.9753,0.5327153,0.5267564,0.8981371,0.1676359,1645
AI_vs_RI,131,59.2087,59.6884,59.45945,0.53379476,0.525618,0.9368974,0.17031144,1728
AI_vs_RI,131,59.6886,60.1683,59.9465,0.5184603,0.5172481,0.99154615,0.16887867,1863
AI_vs_RI,131,60.1687,60.6478,60.4116,0.51642025,0.516365,0.9130789,0.16504392,2047
AI_vs_RI,131,60.6484,61.1281,60.8842,0.52108836,0.5217129,0.92434347,0.16630736,2179
AI_vs_RI,131,61.1285,61.6081,61.3741,0.5292305,0.5199226,0.8719744,0.16465567,2416
AI_vs_RI,131,61.6086,62.0872,61.842102,0.5093526,0.51142627,0.9064702,0.16201507,2460
AI_vs_RI,131,62.0886,62.5679,62.3236,0.50261694,0.50784564,0.8675223,0.1659328,2599
AI_vs_RI,131,62.5682,63.0478,62.8031,0.5187813,0.5145995,0.9048719,0.16350515,2668
AI_vs_RI,131,63.0481,63.5277,63.2942,0.52620757,0.5168932,0.85689425,0.16258319,2739
AI_vs_RI,131,63.5278,64.0074,63.7646,0.51160866,0.51077765,0.91853946,0.16178726,2923
AI_vs_RI,131,64.0077,64.4875,64.254654,0.523139,0.51771855,0.93406826,0.16115597,3124
AI_vs_RI,131,64.4878,64.9674,64.7352,0.5240093,0.518587,1.0000005,0.15911065,3267
AI_vs_RI,131,64.9675,65.4472,65.21875,0.5184657,0.51226544,0.9243397,0.15851845,3216
AI_vs_RI,131,65.4474,65.9272,65.6924,0.53786397,0.5203795,0.93526304,0.16010028,3382
AI_vs_RI,131,65.9277,66.407,66.15925,0.5240599,0.51675487,0.9330346,0.15823783,3520
AI_vs_RI,131,66.4072,66.8869,66.6532,0.5359074,0.5229037,0.93358696,0.15957937,3666
AI_vs_RI,131,66.8871,67.3669,67.1286,0.5286181,0.5167313,0.97284883,0.15932204,3801
AI_vs_RI,131,67.3671,67.8466,67.6106,0.5356762,0.5231286,0.9263934,0.15780747,3974
AI_vs_RI,131,67.8472,68.3267,68.082,0.5228617,0.51693505,0.9223495,0.15640423,3821
AI_vs_RI,131,68.3269,68.8066,68.574,0.53270936,0.5208167,0.9210491,0.15687664,4109
AI_vs_RI,131,68.8067,69.2865,69.0424,0.5296874,0.51711655,0.95973843,0.15847929,4067
AI_vs_RI,131,69.2869,69.7664,69.52565,0.536373,0.5217414,0.9397365,0.1540051,4190
AI_vs_RI,131,69.7665,70.2461,70.010544,0.54490507,0.52352905,0.94657665,0.15672345,4356
AI_vs_RI,131,70.2464,70.726,70.4805,0.5366522,0.52109253,0.8812692,0.15447243,4328
AI_vs_RI,131,70.7265,71.206,70.96985,0.54136944,0.52407414,0.88295543,0.15397002,4466
AI_vs_RI,131,71.2062,71.686,71.44795,0.54398954,0.5240488,0.93760127,0.15340705,4488
AI_vs_RI,131,71.6861,72.1659,71.9271,0.53784585,0.5210676,0.95513487,0.15423173,4445
AI_vs_RI,131,72.166,72.6454,72.4047,0.55128706,0.53096133,0.92600113,0.15267456,4630
AI_vs_RI,131,72.646,73.1257,72.8888,0.5384295,0.5225466,0.96311057,0.15043595,4631
AI_vs_RI,131,73.1259,73.6056,73.3665,0.54033077,0.52206516,0.88881975,0.15294476,4731
AI_vs_RI,131,73.6058,74.0854,73.8451,0.5564819,0.5334947,0.9182757,0.14987136,4993
AI_vs_RI,131,74.0858,74.5653,74.3324,0.5550809,0.5324431,0.91260606,0.14981516,4785
AI_vs_RI,131,74.5655,75.0452,74.8085,0.55509865,0.5341306,0.9019807,0.14906068,4656
AI_vs_RI,131,75.0455,75.525,75.2873,0.5526018,0.5285824,0.9544119,0.1478057,4836
AI_vs_RI,131,75.5255,76.0051,75.7633,0.55242014,0.53050274,0.8731135,0.14984305,4784
AI_vs_RI,131,76.0052,76.4849,76.2436,0.5564769,0.53161496,0.8910743,0.14951017,4921
AI_vs_RI,131,76.4851,76.9646,76.72255,0.5616894,0.53556734,0.9274206,0.14774358,4686
AI_vs_RI,131,76.965,77.4446,77.2008,0.5568722,0.5314303,0.90970045,0.14871733,4713
AI_vs_RI,131,77.4449,77.9247,77.67595,0.54947233,0.528331,0.98037297,0.14679068,4794
AI_vs_RI,131,77.9248,78.4046,78.1614,0.565481,0.53979594,0.9476181,0.14410181,4819
AI_vs_RI,131,78.4047,78.8845,78.64965,0.5643171,0.5376131,0.91180634,0.14635834,4580
AI_vs_RI,131,78.8846,79.3643,79.1196,0.56373584,0.5387696,0.9323072,0.1436454,4576
AI_vs_RI,131,79.3647,79.8442,79.6063,0.5633103,0.5364531,0.9197763,0.14485104,4636
AI_vs_RI,131,79.8443,80.3241,80.0798,0.5657272,0.54023093,0.8727548,0.14053948,4575
AI_vs_RI,131,80.3242,80.804,80.5602,0.56392246,0.53567547,0.95770156,0.14322649,4315
AI_vs_RI,131,80.8042,81.2839,81.03965,0.56298804,0.53927934,0.9830853,0.14092927,4322
AI_vs_RI,131,81.284,81.7637,81.52185,0.5729978,0.54452723,0.8614632,0.14064793,4252
AI_vs_RI,131,81.7641,82.2436,81.9912,0.5618615,0.53507453,0.9041627,0.14683689,4248
AI_vs_RI,131,82.244,82.7236,82.4848,0.56454784,0.53742373,0.90883476,0.14469697,4069
AI_vs_RI,131,82.7238,83.2034,82.97155,0.57030916,0.5394075,0.9067231,0.14298266,4118
AI_vs_RI,131,83.2037,83.6834,83.4447,0.56613696,0.54072785,0.8804349,0.14198825,4100
AI_vs_RI,131,83.6835,84.1632,83.92235,0.5760107,0.5458769,0.9323642,0.1395688,3984
AI_vs_RI,131,84.1634,84.6432,84.4008,0.57379556,0.54288495,0.90045816,0.14139138,3836
AI_vs_RI,131,84.6438,85.123,84.88815,0.5699873,0.54186386,0.9482898,0.14190598,3822
AI_vs_RI,131,85.1232,85.6029,85.3671,0.5678326,0.5398146,0.862494,0.14004788,3514
AI_vs_RI,131,85.6032,86.0829,85.8419,0.56630296,0.5392029,0.8682962,0.14256063,3545
AI_vs_RI,131,86.0831,86.5626,86.326,0.5631172,0.5393315,0.8688374,0.14042267,3532
AI_vs_RI,131,86.5632,87.0426,86.8093,0.5631231,0.5392445,0.90883803,0.14126028,3213
AI_vs_RI,131,87.0428,87.5223,87.2853,0.57010466,0.541293,0.908855,0.14053546,3135
AI_vs_RI,131,87.5228,88.0024,87.7687,0.56994325,0.5423883,0.9907823,0.14146277,3153
AI_vs_RI,131,88.0026,88.4823,88.2468,0.5669039,0.54153883,0.90218574,0.13867852,3113
AI_vs_RI,131,88.4826,88.9609,88.7217,0.5695463,0.54163474,0.91895163,0.13743594,2921
AI_vs_RI,131,88.9624,89.4415,89.1956,0.57489645,0.5469606,0.92066145,0.13478833,2885
AI_vs_RI,131,89.4426,89.9221,89.6744,0.57374156,0.5483716,0.9569734,0.13563745,2553
AI_vs_RI,131,89.9225,90.4018,90.1623,0.56838024,0.5436446,0.88200647,0.13718463,2661
AI_vs_RI,131,90.4027,90.8817,90.6484,0.56320083,0.539638,0.8667243,0.14118738,2575
AI_vs_RI,131,90.8823,91.3617,91.1363,0.55855423,0.53791684,0.8910048,0.13962932,2355
AI_vs_RI,131,91.3622,91.8412,91.6076,0.5499758,0.5328122,0.93352085,0.13875073,2407
AI_vs_RI,131,91.8423,92.3216,92.0822,0.56493235,0.5430184,0.86887467,0.13808285,2265
AI_vs_RI,131,92.3217,92.8012,92.5648,0.56592846,0.54157495,0.88005984,0.13805637,2209
AI_vs_RI,131,92.802,93.2811,93.0394,0.55937034,0.5407352,0.85786396,0.13336298,2085
AI_vs_RI,131,93.2818,93.761,93.5171,0.559965,0.54103035,0.93612367,0.13591574,2021
AI_vs_RI,131,93.7615,94.2411,93.9945,0.55657464,0.53579473,0.8663466,0.13762677,1907
AI_vs_RI,131,94.2427,94.7203,94.4607,0.5589433,0.5416493,0.9495143,0.134242,1825
AI_vs_RI,131,94.7214,95.201,94.9576,0.5550595,0.5400408,0.9103247,0.1359253,1863
AI_vs_RI,131,95.2014,95.6809,95.44835,0.55891573,0.5417644,0.8774047,0.13346565,1666
AI_vs_RI,131,95.6813,96.1606,95.9058,0.56507105,0.5461138,0.88510513,0.13126354,1589
AI_vs_RI,131,96.161,96.6405,96.3926,0.5705834,0.54921037,0.8808737,0.12864135,1557
AI_vs_RI,131,96.6411,97.1205,96.871,0.55407447,0.53734165,0.91482127,0.12820838,1407
AI_vs_RI,131,97.1208,97.6004,97.3558,0.5500166,0.53548235,0.8608345,0.12990731,1487
AI_vs_RI,131,97.6006,98.0799,97.8266,0.554755,0.5431767,0.83285916,0.12389886,1453
AI_vs_RI,131,98.0815,98.5596,98.364,0.549101,0.532362,0.875511,0.12490741,1325
AI_vs_RI,131,98.5606,99.0392,98.7754,0.5527597,0.54533523,0.8773895,0.11660027,1399
AI_vs_RI,131,99.0407,99.5177,99.2548,0.5473608,0.53880256,0.84284395,0.115371965,1718
AI_vs_RI,131,99.5206,100,100,0.5398998,0.5319456,0.88179094,0.109774366,3659
AI_vs_VI,131,46.2561,46.7243,46.41285,0.4328704,0.4267375,0.60111296,0.07065566,66
AI_vs_VI,131,46.7372,47.2069,46.96145,0.4279942,0.43505034,0.5798949,0.07843993,62
AI_vs_VI,131,47.213,47.6826,47.4843,0.4103384,0.4159247,0.5435908,0.056457117,65
AI_vs_VI,131,47.6943,48.1685,47.94965,0.4297502,0.4209335,0.6487093,0.08818885,140
AI_vs_VI,131,48.1745,48.6478,48.4429,0.41679695,0.4184166,0.60207784,0.07601436,133
AI_vs_VI,131,48.6565,49.1272,48.8998,0.42356384,0.43223602,0.5974679,0.06839448,157
AI_vs_VI,131,49.1334,49.6073,49.4108,0.4191065,0.41873693,0.57568645,0.077090666,177
AI_vs_VI,131,49.6159,50.0887,49.85565,0.4257862,0.4251731,0.67042685,0.07427399,270
AI_vs_VI,131,50.0912,50.5696,50.3127,0.43021417,0.4311365,0.66223943,0.07697231,248
AI_vs_VI,131,50.5725,51.0488,50.8415,0.43108246,0.43560967,0.66351587,0.0725808,331
AI_vs_VI,131,51.052,51.5276,51.299202,0.43978947,0.4407837,0.6372144,0.079899155,332
AI_vs_VI,131,51.532,52.0099,51.7526,0.44022512,0.44137993,0.6464021,0.07784414,391
AI_vs_VI,131,52.0105,52.4892,52.2442,0.4274538,0.42917505,0.6548,0.075701825,439
AI_vs_VI,131,52.4912,52.9698,52.74465,0.4206661,0.42628363,0.65491974,0.07704301,494
AI_vs_VI,131,52.9712,53.4496,53.2028,0.4376678,0.43435106,0.64404565,0.079080604,549
AI_vs_VI,131,53.45,53.9297,53.7135,0.43349007,0.4322635,0.62273484,0.07426905,643
AI_vs_VI,131,53.9306,54.4092,54.1995,0.4365494,0.43360242,0.6426404,0.08172278,715
AI_vs_VI,131,54.41,54.8892,54.657,0.42965564,0.4329415,0.6694579,0.076069854,823
AI_vs_VI,131,54.8902,55.3695,55.1363,0.43278095,0.433352,0.6850737,0.07931307,859
AI_vs_VI,131,55.3698,55.8493,55.610703,0.43140793,0.43653932,0.64492464,0.077060595,936
AI_vs_VI,131,55.8496,56.3293,56.0869,0.4355822,0.436096,0.6802666,0.074604146,1041
AI_vs_VI,131,56.3294,56.8089,56.5771,0.4311712,0.4367238,0.6948173,0.080681704,1131
AI_vs_VI,131,56.81,57.2891,57.058647,0.4317065,0.43534693,0.6755032,0.0760204,1272
AI_vs_VI,131,57.2898,57.769,57.53045,0.43605423,0.43607283,0.6874169,0.07929715,1306
AI_vs_VI,131,57.7706,58.2487,58.0195,0.4351715,0.4371862,0.7114148,0.07754148,1515
AI_vs_VI,131,58.2495,58.7284,58.4782,0.43386173,0.43535197,0.72182816,0.07861479,1669
AI_vs_VI,131,58.7305,59.2079,58.9753,0.43632773,0.43595812,0.6858389,0.07759023,1645
AI_vs_VI,131,59.2087,59.6884,59.45945,0.43351775,0.43552133,0.6902322,0.077995375,1728
AI_vs_VI,131,59.6886,60.1683,59.9465,0.4341096,0.4359357,0.67467546,0.08083167,1863
AI_vs_VI,131,60.1687,60.6478,60.4116,0.43483084,0.43704122,0.69645554,0.07686024,2047
AI_vs_VI,131,60.6484,61.1281,60.8842,0.43341178,0.43598133,0.6792417,0.079234704,2179
AI_vs_VI,131,61.1285,61.6081,61.3741,0.43695548,0.43679997,0.7221098,0.08015057,2416
AI_vs_VI,131,61.6086,62.0872,61.842102,0.43697068,0.4374121,0.7498759,0.08139609,2460
AI_vs_VI,131,62.0886,62.5679,62.3236,0.4380069,0.43882802,0.691364,0.08224226,2599
AI_vs_VI,131,62.5682,63.0478,62.8031,0.4343967,0.43664655,0.70488113,0.07988719,2668
AI_vs_VI,131,63.0481,63.5277,63.2942,0.4345404,0.43519506,0.73268753,0.08416435,2739
AI_vs_VI,131,63.5278,64.0074,63.7646,0.43331465,0.43413603,0.6933537,0.08323391,2923
AI_vs_VI,131,64.0077,64.4875,64.254654,0.43497616,0.4359485,0.73675835,0.081474185,3124
AI_vs_VI,131,64.4878,64.9674,64.7352,0.43284914,0.43495613,0.7164487,0.0821333,3267
AI_vs_VI,131,64.9675,65.4472,65.21875,0.4294758,0.43272263,0.7580721,0.08238586,3216
AI_vs_VI,131,65.4474,65.9272,65.6924,0.43255678,0.43441203,0.7248243,0.083596066,3382
AI_vs_VI,131,65.9277,66.407,66.15925,0.43450946,0.43579125,0.7176201,0.081284955,3520
AI_vs_VI,131,66.4072,66.8869,66.6532,0.43376082,0.4353996,0.7589155,0.081380844,3666
AI_vs_VI,131,66.8871,67.3669,67.1286,0.43366018,0.43576202,0.7424914,0.08289015,3801
AI_vs_VI,131,67.3671,67.8466,67.6106,0.43328232,0.43356037,0.7028423,0.08389076,3974
AI_vs_VI,131,67.8472,68.3267,68.082,0.4348245,0.4379864,0.72909653,0.08117754,3821
AI_vs_VI,131,68.3269,68.8066,68.574,0.432544,0.4356061,0.7361505,0.08275822,4109
AI_vs_VI,131,68.8067,69.2865,69.0424,0.43282238,0.43435502,0.7500304,0.08266054,4067
AI_vs_VI,131,69.2869,69.7664,69.52565,0.43343136,0.43610075,0.72668135,0.08064448,4190
AI_vs_VI,131,69.7665,70.2461,70.010544,0.43308854,0.4356446,0.7452951,0.080784366,4356
AI_vs_VI,131,70.2464,70.726,70.4805,0.43533522,0.4369371,0.7441501,0.079866804,4328
AI_vs_VI,131,70.7265,71.206,70.96985,0.43434078,0.43590984,0.7201551,0.07910744,4466
AI_vs_VI,131,71.2062,71.686,71.44795,0.43290758,0.43422392,0.72788095,0.0806988,4488
AI_vs_VI,131,71.6861,72.1659,71.9271,0.433452,0.43331647,0.74886227,0.08093071,4445
AI_vs_VI,131,72.166,72.6454,72.4047,0.43263078,0.43381906,0.75163394,0.08299601,4630
AI_vs_VI,131,72.646,73.1257,72.8888,0.43224227,0.43454146,0.7184771,0.07939937,4631
AI_vs_VI,131,73.1259,73.6056,73.3665,0.43050873,0.43481094,0.72646326,0.07929156,4731
AI_vs_VI,131,73.6058,74.0854,73.8451,0.4285093,0.43050593,0.7677487,0.078411505,4993
AI_vs_VI,131,74.0858,74.5653,74.3324,0.4328825,0.43460706,0.7325767,0.07941813,4785
AI_vs_VI,131,74.5655,75.0452,74.8085,0.42874202,0.43246543,0.71610814,0.0776936,4656
AI_vs_VI,131,75.0455,75.525,75.2873,0.43257016,0.43429098,0.7316134,0.076660424,4836
AI_vs_VI,131,75.5255,76.0051,75.7633,0.43035913,0.43419087,0.70667815,0.07842585,4784
AI_vs_VI,131,76.0052,76.4849,76.2436,0.43154094,0.4339229,0.73658377,0.07871127,4921
AI_vs_VI,131,76.4851,76.9646,76.72255,0.42759746,0.4299982,0.73128176,0.07658795,4686
AI_vs_VI,131,76.965,77.4446,77.2008,0.43086836,0.43402067,0.71178836,0.07815998,4713
AI_vs_VI,131,77.4449,77.9247,77.67595,0.43114787,0.434517,0.7676721,0.07520858,4794
AI_vs_VI,131,77.9248,78.4046,78.1614,0.4287008,0.429898,0.7427312,0.07866968,4819
AI_vs_VI,131,78.4047,78.8845,78.64965,0.4270228,0.43009603,0.72983634,0.07504636,4580
AI_vs_VI,131,78.8846,79.3643,79.1196,0.43107796,0.43317375,0.71380424,0.07515588,4576
AI_vs_VI,131,79.3647,79.8442,79.6063,0.42582095,0.43035576,0.6999541,0.07665124,4636
AI_vs_VI,131,79.8443,80.3241,80.0798,0.4281748,0.43033293,0.735259,0.07425952,4575
AI_vs_VI,131,80.3242,80.804,80.5602,0.42892325,0.43254536,0.74179876,0.0748128,4315
AI_vs_VI,131,80.8042,81.2839,81.03965,0.43068677,0.43281636,0.7415603,0.07655147,4322
AI_vs_VI,131,81.284,81.7637,81.52185,0.43002993,0.43213764,0.6994053,0.07533897,4252
AI_vs_VI,131,81.7641,82.2436,81.9912,0.42986614,0.43224955,0.73183674,0.07671977,4248
AI_vs_VI,131,82.244,82.7236,82.4848,0.42701417,0.4287364,0.71926713,0.07747019,4069
AI_vs_VI,131,82.7238,83.2034,82.97155,0.4301541,0.43170586,0.69657946,0.07514722,4118
AI_vs_VI,131,83.2037,83.6834,83.4447,0.42840302,0.43159202,0.7170647,0.075085066,4100
AI_vs_VI,131,83.6835,84.1632,83.92235,0.42624384,0.42792836,0.74873126,0.07430929,3984
AI_vs_VI,131,84.1634,84.6432,84.4008,0.4274482,0.43168595,0.68459857,0.07424873,3836
AI_vs_VI,131,84.6438,85.123,84.88815,0.42848715,0.43229938,0.712102,0.07612847,3822
AI_vs_VI,131,85.1232,85.6029,85.3671,0.42815727,0.4316952,0.69613576,0.072884955,3514
AI_vs_VI,131,85.6032,86.0829,85.8419,0.42574775,0.42759126,0.7166588,0.07759121,3545
AI_vs_VI,131,86.0831,86.5626,86.326,0.42858148,0.43080497,0.6900454,0.07384786,3532
AI_vs_VI,131,86.5632,87.0426,86.8093,0.42635897,0.4305289,0.7636485,0.074603036,3213
AI_vs_VI,131,87.0428,87.5223,87.2853,0.42773628,0.43164256,0.70377284,0.07291291,3135
AI_vs_VI,131,87.5228,88.0024,87.7687,0.42868328,0.4308321,0.69339806,0.07242727,3153
AI_vs_VI,131,88.0026,88.4823,88.2468,0.4308289,0.43325874,0.71406937,0.072360724,3113
AI_vs_VI,131,88.4826,88.9609,88.7217,0.42947358,0.43144783,0.71345395,0.07430109,2921
AI_vs_VI,131,88.9624,89.4415,89.1956,0.4296289,0.43242648,0.68371254,0.07385451,2885
AI_vs_VI,131,89.4426,89.9221,89.6744,0.42680097,0.4317706,0.7090829,0.07438681,2553
AI_vs_VI,131,89.9225,90.4018,90.1623,0.4258667,0.42842036,0.68298936,0.072399795,2661
AI_vs_VI,131,90.4027,90.8817,90.6484,0.42908826,0.43232816,0.7234839,0.07139892,2575
AI_vs_VI,131,90.8823,91.3617,91.1363,0.4342733,0.43378165,0.7106839,0.07628441,2355
AI_vs_VI,131,91.3622,91.8412,91.6076,0.42825663,0.43343878,0.7212774,0.074696824,2407
AI_vs_VI,131,91.8423,92.3216,92.0822,0.42837125,0.4320257,0.6846914,0.07138596,2265
AI_vs_VI,131,92.3217,92.8012,92.5648,0.43141702,0.43306032,0.6867546,0.07037276,2209
AI_vs_VI,131,92.802,93.2811,93.0394,0.4291051,0.43355417,0.7133057,0.0720556,2085
AI_vs_VI,131,93.2818,93.761,93.5171,0.4295892,0.43554285,0.6845464,0.07245729,2021
AI_vs_VI,131,93.7615,94.2411,93.9945,0.42787972,0.43048424,0.7167913,0.07308467,1907
AI_vs_VI,131,94.2427,94.7203,94.4607,0.43103108,0.43384412,0.79364455,0.07149894,1825
AI_vs_VI,131,94.7214,95.201,94.9576,0.43512857,0.43462792,0.70850575,0.07188468,1863
AI_vs_VI,131,95.2014,95.6809,95.44835,0.43000913,0.43089753,0.6700425,0.07235871,1666
AI_vs_VI,131,95.6813,96.1606,95.9058,0.42755282,0.42919165,0.684255,0.07102536,1589
AI_vs_VI,131,96.161,96.6405,96.3926,0.43086347,0.43314373,0.72764283,0.07132116,1557
AI_vs_VI,131,96.6411,97.1205,96.871,0.4330728,0.4318249,0.7103638,0.071087174,1407
AI_vs_VI,131,97.1208,97.6004,97.3558,0.43158427,0.43305224,0.6870139,0.07192187,1487
AI_vs_VI,131,97.6006,98.0799,97.8266,0.4295766,0.43264547,0.691483,0.070211865,1453
AI_vs_VI,131,98.0815,98.5596,98.364,0.43178895,0.4346881,0.6968249,0.0711685,1325
AI_vs_VI,131,98.5606,99.0392,98.7754,0.4285066,0.4284411,0.67413396,0.0718667,1399
AI_vs_VI,131,99.0407,99.5177,99.2548,0.43101394,0.4323682,0.68164706,0.06927814,1718
AI_vs_VI,131,99.5206,100,100,0.42181188,0.427352,0.74431473,0.068251476,3659
